"cpg_grouping","tile_methode","model_id","dataset","model","organ","rsq_threshold","filter","epse","mae","r_squared_value"
"Point","Point",1,"Train","Elastic_net","All_organs","r2_0.1","min20",1,0.159206496280252,0.999619639939648
"Point","Point",1,"Validation","Elastic_net","All_organs","r2_0.1","min20",1,4.04244468058237,0.375236225366601
"Point","Point",2,"Train","Elastic_net","All_organs","r2_0.2","min20",1,1.43644752940181,0.936875996566777
"Point","Point",2,"Validation","Elastic_net","All_organs","r2_0.2","min20",1,5.1029759613299,0.15513217084305
"Point","Point",3,"Train","Elastic_net","All_organs","r2_0.2","min5",1,0.163801431233525,0.999616926800007
"Point","Point",3,"Validation","Elastic_net","All_organs","r2_0.2","min5",1,3.55981415724875,0.511659421806496
"Point","Point",4,"Train","Elastic_net","All_organs","r2_0.3","min10",1,0.322160175842568,0.993845216361942
"Point","Point",4,"Validation","Elastic_net","All_organs","r2_0.3","min10",1,4.37948067366013,0.34834298231881
"Point","Point",5,"Train","Elastic_net","All_organs","r2_0.3","min20",1,1.6262342730481,0.898267591629888
"Point","Point",5,"Validation","Elastic_net","All_organs","r2_0.3","min20",1,4.69808767634291,0.227911206737759
"Point","Point",6,"Train","Elastic_net","All_organs","r2_0.3","min5",1,0.440777537651973,0.9974526956425
"Point","Point",6,"Validation","Elastic_net","All_organs","r2_0.3","min5",1,4.16365689418395,0.315744781600541
"Point","Point",7,"Train","Elastic_net","All_organs","r2_0.3","nofilter",1,0.596874857484861,0.99469040645838
"Point","Point",7,"Validation","Elastic_net","All_organs","r2_0.3","nofilter",1,4.25791396399984,0.414518991710054
"Point","Point",8,"Train","Elastic_net","Brain","r2_0.05","min10",1,0.687118392476608,0.998689192672062
"Point","Point",8,"Validation","Elastic_net","Brain","r2_0.05","min10",1,7.73154642837869,0.659375132219213
"Point","Point",9,"Train","Elastic_net","Brain","r2_0.05","min20",1,3.07509928171541,0.934936598926748
"Point","Point",9,"Validation","Elastic_net","Brain","r2_0.05","min20",1,7.74938216524617,0.457139528340189
"Point","Point",10,"Train","Elastic_net","Brain","r2_0.05","min5",1,0.15581721484261,0.999945511682758
"Point","Point",10,"Validation","Elastic_net","Brain","r2_0.05","min5",1,3.46879743641359,0.712106072310516
"Point","Point",11,"Train","Elastic_net","Brain","r2_0.05","nofilter",1,0.163201524466593,0.999916790832564
"Point","Point",11,"Validation","Elastic_net","Brain","r2_0.05","nofilter",1,4.5422727365132,0.538222450886794
"Point","Point",12,"Train","Elastic_net","Brain","r2_0.1","min10",1,0.162471638744016,0.999917401964739
"Point","Point",12,"Validation","Elastic_net","Brain","r2_0.1","min10",1,3.42692825813963,0.707997427324053
"Point","Point",13,"Train","Elastic_net","Brain","r2_0.1","min20",1,0.163004337548929,0.999894805586984
"Point","Point",13,"Validation","Elastic_net","Brain","r2_0.1","min20",1,3.86127379011962,0.569316920861559
"Point","Point",14,"Train","Elastic_net","Brain","r2_0.1","min5",1,0.164155918429538,0.999898333753884
"Point","Point",14,"Validation","Elastic_net","Brain","r2_0.1","min5",1,3.48914688838406,0.711075678213279
"Point","Point",15,"Train","Elastic_net","Brain","r2_0.1","nofilter",1,0.164594894410858,0.999889391942262
"Point","Point",15,"Validation","Elastic_net","Brain","r2_0.1","nofilter",1,4.30931051494667,0.555830634390756
"Point","Point",16,"Train","Elastic_net","Brain","r2_0.2","min10",1,0.153340554516811,0.999828461038557
"Point","Point",16,"Validation","Elastic_net","Brain","r2_0.2","min10",1,2.43036740932601,0.867321451540819
"Point","Point",17,"Train","Elastic_net","Brain","r2_0.2","min20",1,0.172661306092425,0.999827952487055
"Point","Point",17,"Validation","Elastic_net","Brain","r2_0.2","min20",1,2.43523396297567,0.931086183496707
"Point","Point",18,"Train","Elastic_net","Brain","r2_0.2","min5",1,0.170610072307596,0.999845206600352
"Point","Point",18,"Validation","Elastic_net","Brain","r2_0.2","min5",1,3.34682705280864,0.86172330655236
"Point","Point",19,"Train","Elastic_net","Brain","r2_0.2","nofilter",1,0.156102276726585,0.999833226429651
"Point","Point",19,"Validation","Elastic_net","Brain","r2_0.2","nofilter",1,3.16112690013726,0.85466215642478
"Point","Point",20,"Train","Elastic_net","Brain","r2_0.3","min10",1,0.161415405591012,0.999836756261045
"Point","Point",20,"Validation","Elastic_net","Brain","r2_0.3","min10",1,1.96774264175154,0.866518726351749
"Point","Point",21,"Train","Elastic_net","Brain","r2_0.3","min20",1,0.158056716707371,0.999827930164988
"Point","Point",21,"Validation","Elastic_net","Brain","r2_0.3","min20",1,2.69835484735252,0.872139339867866
"Point","Point",22,"Train","Elastic_net","Brain","r2_0.3","min5",1,0.171176960975694,0.99981182296823
"Point","Point",22,"Validation","Elastic_net","Brain","r2_0.3","min5",1,1.43706770230414,0.930500627678107
"Point","Point",23,"Train","Elastic_net","Brain","r2_0.3","nofilter",1,0.168547042876196,0.999848384946615
"Point","Point",23,"Validation","Elastic_net","Brain","r2_0.3","nofilter",1,2.37808096139933,0.903131901519507
"Point","Point",24,"Train","Elastic_net","Brain","r2_nofilter","min10",1,0.162942053065503,0.999913199483823
"Point","Point",24,"Validation","Elastic_net","Brain","r2_nofilter","min10",1,5.94833399413886,0.61646972381882
"Point","Point",25,"Train","Elastic_net","Brain","r2_nofilter","min20",1,0.168224217773022,0.999916256778078
"Point","Point",25,"Validation","Elastic_net","Brain","r2_nofilter","min20",1,6.48903916518882,0.443182542093397
"Point","Point",26,"Train","Elastic_net","Brain","r2_nofilter","nofilter",1,2.2732719053682,0.969368246880201
"Point","Point",26,"Validation","Elastic_net","Brain","r2_nofilter","nofilter",1,4.04841590424821,0.602032335001994
"Point","Point",27,"Train","Elastic_net","Fin_clip_caudal","r2_0.05","min10",1,0.761206696883531,0.996076610160677
"Point","Point",27,"Validation","Elastic_net","Fin_clip_caudal","r2_0.05","min10",1,3.00083492606507,0.768326260291272
"Point","Point",28,"Train","Elastic_net","Fin_clip_caudal","r2_0.05","min20",1,0.626790907407306,0.998606336315282
"Point","Point",28,"Validation","Elastic_net","Fin_clip_caudal","r2_0.05","min20",1,4.12167568661854,0.641677921726922
"Point","Point",29,"Train","Elastic_net","Fin_clip_caudal","r2_0.05","min5",1,0.176371606969894,0.999866707587784
"Point","Point",29,"Validation","Elastic_net","Fin_clip_caudal","r2_0.05","min5",1,4.41681561201282,0.662962034379166
"Point","Point",30,"Train","Elastic_net","Fin_clip_caudal","r2_0.1","min10",1,0.153770770049641,0.999905454367303
"Point","Point",30,"Validation","Elastic_net","Fin_clip_caudal","r2_0.1","min10",1,7.10789509095614,0.65324768246838
"Point","Point",31,"Train","Elastic_net","Fin_clip_caudal","r2_0.1","min20",1,1.15493053258244,0.993284465278468
"Point","Point",31,"Validation","Elastic_net","Fin_clip_caudal","r2_0.1","min20",1,7.15922515324535,0.628180136900838
"Point","Point",32,"Train","Elastic_net","Fin_clip_caudal","r2_0.1","min5",1,0.150379551899919,0.999855589643367
"Point","Point",32,"Validation","Elastic_net","Fin_clip_caudal","r2_0.1","min5",1,3.80088286778491,0.75493276959407
"Point","Point",33,"Train","Elastic_net","Fin_clip_caudal","r2_0.1","nofilter",1,0.150612473549774,0.99987390402103
"Point","Point",33,"Validation","Elastic_net","Fin_clip_caudal","r2_0.1","nofilter",1,9.03220766555931,0.64524643206319
"Point","Point",34,"Train","Elastic_net","Fin_clip_caudal","r2_0.2","min10",1,0.152458751644898,0.999901294902547
"Point","Point",34,"Validation","Elastic_net","Fin_clip_caudal","r2_0.2","min10",1,3.31372180744429,0.779826962786244
"Point","Point",35,"Train","Elastic_net","Fin_clip_caudal","r2_0.2","min20",1,0.23146681384774,0.999707101115541
"Point","Point",35,"Validation","Elastic_net","Fin_clip_caudal","r2_0.2","min20",1,3.03753922498996,0.667166744870372
"Point","Point",36,"Train","Elastic_net","Fin_clip_caudal","r2_0.2","min5",1,0.158634948773287,0.999882624200047
"Point","Point",36,"Validation","Elastic_net","Fin_clip_caudal","r2_0.2","min5",1,4.60536324849795,0.424349431496456
"Point","Point",37,"Train","Elastic_net","Fin_clip_caudal","r2_0.2","nofilter",1,0.150882638456171,0.99987107444461
"Point","Point",37,"Validation","Elastic_net","Fin_clip_caudal","r2_0.2","nofilter",1,3.68036537838362,0.561147579749335
"Point","Point",38,"Train","Elastic_net","Fin_clip_caudal","r2_0.3","min10",1,0.159032798383816,0.999751429687079
"Point","Point",38,"Validation","Elastic_net","Fin_clip_caudal","r2_0.3","min10",1,8.29346591715268,0.580540451307725
"Point","Point",39,"Train","Elastic_net","Fin_clip_caudal","r2_0.3","min20",1,0.147867481085585,0.999708561647047
"Point","Point",39,"Validation","Elastic_net","Fin_clip_caudal","r2_0.3","min20",1,8.55793852290535,0.826683292660581
"Point","Point",40,"Train","Elastic_net","Fin_clip_caudal","r2_0.3","min5",1,0.153720757377889,0.999799869762181
"Point","Point",40,"Validation","Elastic_net","Fin_clip_caudal","r2_0.3","min5",1,3.33843469975727,0.66516335425092
"Point","Point",41,"Train","Elastic_net","Fin_clip_caudal","r2_0.3","nofilter",1,0.152837490427678,0.999769544627601
"Point","Point",41,"Validation","Elastic_net","Fin_clip_caudal","r2_0.3","nofilter",1,8.7630682576034,0.555367616989052
"Point","Point",42,"Train","Elastic_net","Fin_clip_caudal","r2_nofilter","min20",1,5.02138600052511,0.32545663147652
"Point","Point",42,"Validation","Elastic_net","Fin_clip_caudal","r2_nofilter","min20",1,9.96598785333713,0.577701062836331
"Point","Point",43,"Train","Elastic_net","Intestines","r2_0.05","min10",1,0.156429371410024,0.999848562674351
"Point","Point",43,"Validation","Elastic_net","Intestines","r2_0.05","min10",1,6.88399559812415,0.744998157239837
"Point","Point",44,"Train","Elastic_net","Intestines","r2_0.05","min20",1,0.516864910399935,0.998047594556047
"Point","Point",44,"Validation","Elastic_net","Intestines","r2_0.05","min20",1,9.90962118335916,0.63733252667233
"Point","Point",45,"Train","Elastic_net","Intestines","r2_0.1","min10",1,0.16094456819926,0.999830973314609
"Point","Point",45,"Validation","Elastic_net","Intestines","r2_0.1","min10",1,2.99044926409912,0.827059611799886
"Point","Point",46,"Train","Elastic_net","Intestines","r2_0.1","min20",1,0.166549436712284,0.999819778305083
"Point","Point",46,"Validation","Elastic_net","Intestines","r2_0.1","min20",1,4.59123398604009,0.697334618632879
"Point","Point",47,"Train","Elastic_net","Intestines","r2_0.1","min5",1,0.160554591113729,0.999846013010371
"Point","Point",47,"Validation","Elastic_net","Intestines","r2_0.1","min5",1,8.53245116920778,0.656041756972018
"Point","Point",48,"Train","Elastic_net","Intestines","r2_0.1","nofilter",1,0.156821294580381,0.999926795722379
"Point","Point",48,"Validation","Elastic_net","Intestines","r2_0.1","nofilter",1,3.89719628905964,0.494466014868907
"Point","Point",49,"Train","Elastic_net","Intestines","r2_0.2","min10",1,0.154085788772154,0.999726412705413
"Point","Point",49,"Validation","Elastic_net","Intestines","r2_0.2","min10",1,7.74553856396902,0.729107955416867
"Point","Point",50,"Train","Elastic_net","Intestines","r2_0.2","min20",1,0.154756416587275,0.999465104780705
"Point","Point",50,"Validation","Elastic_net","Intestines","r2_0.2","min20",1,2.85417773334047,0.667218379351802
"Point","Point",51,"Train","Elastic_net","Intestines","r2_0.2","min5",1,0.170247401441198,0.999828214972088
"Point","Point",51,"Validation","Elastic_net","Intestines","r2_0.2","min5",1,3.00947139426341,0.710378109679702
"Point","Point",52,"Train","Elastic_net","Intestines","r2_0.2","nofilter",1,0.157161908013965,0.999805439535249
"Point","Point",52,"Validation","Elastic_net","Intestines","r2_0.2","nofilter",1,7.31717418545852,0.542301881486232
"Point","Point",53,"Train","Elastic_net","Intestines","r2_0.3","min10",1,0.921346749670107,0.978870900051662
"Point","Point",53,"Validation","Elastic_net","Intestines","r2_0.3","min10",1,3.59501390088142,0.491711139817705
"Point","Point",54,"Train","Elastic_net","Intestines","r2_0.3","min20",1,2.19286029360049,0.898801539624794
"Point","Point",54,"Validation","Elastic_net","Intestines","r2_0.3","min20",1,3.94450329456255,0.580372010562561
"Point","Point",55,"Train","Elastic_net","Intestines","r2_0.3","min5",1,0.164153949360632,0.999784522774937
"Point","Point",55,"Validation","Elastic_net","Intestines","r2_0.3","min5",1,9.40250881166909,0.549002309502742
"Point","Point",56,"Train","Elastic_net","Intestines","r2_0.3","nofilter",1,0.159827697181279,0.999859254978921
"Point","Point",56,"Validation","Elastic_net","Intestines","r2_0.3","nofilter",1,3.60208637259654,0.578294346363838
"Point","Point",57,"Train","Elastic_net","Intestines","r2_nofilter","min20",1,2.67884822819174,0.92806737095067
"Point","Point",57,"Validation","Elastic_net","Intestines","r2_nofilter","min20",1,6.27470336109459,0.593387799379392
"Point","Point",58,"Train","Lasso","All_organs","r2_0.2","min20",1,1.0055384785207,0.975049953227982
"Point","Point",58,"Validation","Lasso","All_organs","r2_0.2","min20",1,4.18651576673836,0.342994592675915
"Point","Point",59,"Train","Lasso","All_organs","r2_0.2","min5",1,0.512774162612792,0.996575838022966
"Point","Point",59,"Validation","Lasso","All_organs","r2_0.2","min5",1,4.15025014002944,0.356411736165694
"Point","Point",60,"Train","Lasso","All_organs","r2_0.3","min10",1,1.89783744616777,0.928961069447695
"Point","Point",60,"Validation","Lasso","All_organs","r2_0.3","min10",1,4.50827604424289,0.214977041503462
"Point","Point",61,"Train","Lasso","All_organs","r2_0.3","min20",1,0.856188407042331,0.969078213197899
"Point","Point",61,"Validation","Lasso","All_organs","r2_0.3","min20",1,6.58475279656063,0.226002123924799
"Point","Point",62,"Train","Lasso","All_organs","r2_0.3","min5",1,0.167133289029211,0.999649962732245
"Point","Point",62,"Validation","Lasso","All_organs","r2_0.3","min5",1,4.48616604972715,0.269898709701907
"Point","Point",63,"Train","Lasso","All_organs","r2_0.3","nofilter",1,0.166431039151965,0.999658014721863
"Point","Point",63,"Validation","Lasso","All_organs","r2_0.3","nofilter",1,4.29759668047598,0.3219885573502
"Point","Point",64,"Train","Lasso","Brain","r2_0.05","min10",1,2.3335536566981,0.929739538937245
"Point","Point",64,"Validation","Lasso","Brain","r2_0.05","min10",1,3.87535906466623,0.696032533958757
"Point","Point",65,"Train","Lasso","Brain","r2_0.05","min20",1,3.17294239403488,0.893861123352314
"Point","Point",65,"Validation","Lasso","Brain","r2_0.05","min20",1,5.10669799418135,0.305189884454431
"Point","Point",66,"Train","Lasso","Brain","r2_0.05","min5",1,2.98621355348853,0.871402545238578
"Point","Point",66,"Validation","Lasso","Brain","r2_0.05","min5",1,4.54610592208599,0.534371209354454
"Point","Point",67,"Train","Lasso","Brain","r2_0.05","nofilter",1,1.91267015666254,0.965385171657644
"Point","Point",67,"Validation","Lasso","Brain","r2_0.05","nofilter",1,6.33086627529213,0.560795201196464
"Point","Point",68,"Train","Lasso","Brain","r2_0.1","min10",1,1.53512642607397,0.973574558924742
"Point","Point",68,"Validation","Lasso","Brain","r2_0.1","min10",1,1.95949835746326,0.878355302507673
"Point","Point",69,"Train","Lasso","Brain","r2_0.1","min20",1,0.155390593419258,0.999699636577272
"Point","Point",69,"Validation","Lasso","Brain","r2_0.1","min20",1,3.73477379056129,0.700152852007787
"Point","Point",70,"Train","Lasso","Brain","r2_0.1","min5",1,2.53192536738485,0.92086211404916
"Point","Point",70,"Validation","Lasso","Brain","r2_0.1","min5",1,3.72229039870226,0.520315816987087
"Point","Point",71,"Train","Lasso","Brain","r2_0.1","nofilter",1,3.16400101308764,0.84342839539199
"Point","Point",71,"Validation","Lasso","Brain","r2_0.1","nofilter",1,3.72503406622004,0.52744007365049
"Point","Point",72,"Train","Lasso","Brain","r2_0.2","min10",1,0.161166383884571,0.999712313544931
"Point","Point",72,"Validation","Lasso","Brain","r2_0.2","min10",1,2.95188447948356,0.713541366150791
"Point","Point",73,"Train","Lasso","Brain","r2_0.2","min20",1,3.07488703054106,0.861919084862961
"Point","Point",73,"Validation","Lasso","Brain","r2_0.2","min20",1,2.96219641580642,0.88523246975705
"Point","Point",74,"Train","Lasso","Brain","r2_0.2","min5",1,0.36791838667651,0.998303720747925
"Point","Point",74,"Validation","Lasso","Brain","r2_0.2","min5",1,2.82731801725164,0.829725398732653
"Point","Point",75,"Train","Lasso","Brain","r2_0.2","nofilter",1,2.32861213558347,0.938288824888501
"Point","Point",75,"Validation","Lasso","Brain","r2_0.2","nofilter",1,2.73527283430592,0.746986425057856
"Point","Point",76,"Train","Lasso","Brain","r2_0.3","min10",1,2.26154278110484,0.943026712471921
"Point","Point",76,"Validation","Lasso","Brain","r2_0.3","min10",1,3.58730698809927,0.744135519078403
"Point","Point",77,"Train","Lasso","Brain","r2_0.3","min20",1,3.28612217401339,0.78319269682558
"Point","Point",77,"Validation","Lasso","Brain","r2_0.3","min20",1,5.4421021192704,0.724548293498603
"Point","Point",78,"Train","Lasso","Brain","r2_0.3","min5",1,0.169695153340541,0.999791335168906
"Point","Point",78,"Validation","Lasso","Brain","r2_0.3","min5",1,2.7066795947319,0.943343445847041
"Point","Point",79,"Train","Lasso","Brain","r2_0.3","nofilter",1,0.16858182797287,0.999728087422921
"Point","Point",79,"Validation","Lasso","Brain","r2_0.3","nofilter",1,1.98376884455505,0.871883852656555
"Point","Point",80,"Train","Lasso","Fin_clip_caudal","r2_0.05","min10",1,2.51295269201226,0.925776992867835
"Point","Point",80,"Validation","Lasso","Fin_clip_caudal","r2_0.05","min10",1,9.66403460671073,0.699972292148148
"Point","Point",81,"Train","Lasso","Fin_clip_caudal","r2_0.05","min20",1,1.64691626924237,0.971223036265749
"Point","Point",81,"Validation","Lasso","Fin_clip_caudal","r2_0.05","min20",1,9.47938692477192,0.673815351857138
"Point","Point",82,"Train","Lasso","Fin_clip_caudal","r2_0.05","min5",1,0.209629167980843,0.999617682038499
"Point","Point",82,"Validation","Lasso","Fin_clip_caudal","r2_0.05","min5",1,7.96123353633066,0.583190447602391
"Point","Point",83,"Train","Lasso","Fin_clip_caudal","r2_0.05","nofilter",1,1.75712314396931,0.964636888039236
"Point","Point",83,"Validation","Lasso","Fin_clip_caudal","r2_0.05","nofilter",1,6.28192061777645,0.604386671122178
"Point","Point",84,"Train","Lasso","Fin_clip_caudal","r2_0.1","min10",1,4.13149165571371,0.699704041404099
"Point","Point",84,"Validation","Lasso","Fin_clip_caudal","r2_0.1","min10",1,6.66744187013374,0.826977413129573
"Point","Point",85,"Train","Lasso","Fin_clip_caudal","r2_0.1","min20",1,4.78475984953904,0.496889399495797
"Point","Point",85,"Validation","Lasso","Fin_clip_caudal","r2_0.1","min20",1,11.7051312463731,0.60711551168663
"Point","Point",86,"Train","Lasso","Fin_clip_caudal","r2_0.1","min5",1,0.162239411439462,0.999758231945471
"Point","Point",86,"Validation","Lasso","Fin_clip_caudal","r2_0.1","min5",1,4.29091276531616,0.545589248285014
"Point","Point",87,"Train","Lasso","Fin_clip_caudal","r2_0.1","nofilter",1,0.15527332827432,0.999770104048262
"Point","Point",87,"Validation","Lasso","Fin_clip_caudal","r2_0.1","nofilter",1,6.87400340168006,0.554895060632399
"Point","Point",88,"Train","Lasso","Fin_clip_caudal","r2_0.2","min10",1,0.679879593865536,0.996571910134384
"Point","Point",88,"Validation","Lasso","Fin_clip_caudal","r2_0.2","min10",1,10.9264788464405,0.737424266031295
"Point","Point",89,"Train","Lasso","Fin_clip_caudal","r2_0.2","min20",1,0.517381529792567,0.997042103659675
"Point","Point",89,"Validation","Lasso","Fin_clip_caudal","r2_0.2","min20",1,9.19349256377367,0.524106237616025
"Point","Point",90,"Train","Lasso","Fin_clip_caudal","r2_0.2","min5",1,0.159453555817281,0.999717598960372
"Point","Point",90,"Validation","Lasso","Fin_clip_caudal","r2_0.2","min5",1,8.53600929534101,0.631478662766404
"Point","Point",91,"Train","Lasso","Fin_clip_caudal","r2_0.2","nofilter",1,0.19089019448182,0.999499923680015
"Point","Point",91,"Validation","Lasso","Fin_clip_caudal","r2_0.2","nofilter",1,3.39757931297658,0.602733486399098
"Point","Point",92,"Train","Lasso","Fin_clip_caudal","r2_0.3","min10",1,0.222538776743493,0.999159789454156
"Point","Point",92,"Validation","Lasso","Fin_clip_caudal","r2_0.3","min10",1,10.0589453833953,0.622652142874591
"Point","Point",93,"Train","Lasso","Fin_clip_caudal","r2_0.3","min20",1,0.154466936587148,0.999635918562663
"Point","Point",93,"Validation","Lasso","Fin_clip_caudal","r2_0.3","min20",1,11.3213611776817,0.57017660142082
"Point","Point",94,"Train","Lasso","Fin_clip_caudal","r2_0.3","min5",1,2.69904918222761,0.865113141616786
"Point","Point",94,"Validation","Lasso","Fin_clip_caudal","r2_0.3","min5",1,7.35529837066958,0.635318401983386
"Point","Point",95,"Train","Lasso","Fin_clip_caudal","r2_0.3","nofilter",1,2.35809008647102,0.899702636037635
"Point","Point",95,"Validation","Lasso","Fin_clip_caudal","r2_0.3","nofilter",1,10.6867188632671,0.671238491546782
"Point","Point",96,"Train","Lasso","Intestines","r2_0.05","min10",1,0.14448710424448,0.999583517814356
"Point","Point",96,"Validation","Lasso","Intestines","r2_0.05","min10",1,6.94737483932098,0.698380206031799
"Point","Point",97,"Train","Lasso","Intestines","r2_0.05","min20",1,1.33317055253681,0.969475506544354
"Point","Point",97,"Validation","Lasso","Intestines","r2_0.05","min20",1,6.26667599389607,0.490998904976611
"Point","Point",98,"Train","Lasso","Intestines","r2_0.05","min5",1,1.4481314641908,0.981337268546414
"Point","Point",98,"Validation","Lasso","Intestines","r2_0.05","min5",1,3.96049633561852,0.743311504471467
"Point","Point",99,"Train","Lasso","Intestines","r2_0.05","nofilter",1,0.461705155331191,0.997713221589959
"Point","Point",99,"Validation","Lasso","Intestines","r2_0.05","nofilter",1,7.98912765174589,0.583795989859208
"Point","Point",100,"Train","Lasso","Intestines","r2_0.1","min10",1,4.96998542683323,0.490060824078953
"Point","Point",100,"Validation","Lasso","Intestines","r2_0.1","min10",1,4.49303664505362,0.597607983992573
"Point","Point",101,"Train","Lasso","Intestines","r2_0.1","min20",1,4.9763350227377,0.415277851733122
"Point","Point",101,"Validation","Lasso","Intestines","r2_0.1","min20",1,4.29766341121983,0.576401129985809
"Point","Point",102,"Train","Lasso","Intestines","r2_0.1","min5",1,0.99785576237261,0.993332325322228
"Point","Point",102,"Validation","Lasso","Intestines","r2_0.1","min5",1,7.75133488555015,0.371728582243163
"Point","Point",103,"Train","Lasso","Intestines","r2_0.1","nofilter",1,0.162268031721184,0.999770296840427
"Point","Point",103,"Validation","Lasso","Intestines","r2_0.1","nofilter",1,4.92974199240555,0.554213246944277
"Point","Point",104,"Train","Lasso","Intestines","r2_0.2","min10",1,0.27469850838509,0.996688066458873
"Point","Point",104,"Validation","Lasso","Intestines","r2_0.2","min10",1,7.38154312088799,0.726139354479502
"Point","Point",105,"Train","Lasso","Intestines","r2_0.2","min20",1,2.53881573471754,0.840933309451623
"Point","Point",105,"Validation","Lasso","Intestines","r2_0.2","min20",1,7.04560024702389,0.592525846539974
"Point","Point",106,"Train","Lasso","Intestines","r2_0.2","min5",1,3.61567973149075,0.842337197917973
"Point","Point",106,"Validation","Lasso","Intestines","r2_0.2","min5",1,4.18452343359332,0.497425833738867
"Point","Point",107,"Train","Lasso","Intestines","r2_0.2","nofilter",1,1.11125503381181,0.979999682633498
"Point","Point",107,"Validation","Lasso","Intestines","r2_0.2","nofilter",1,7.73327706756309,0.473565276568937
"Point","Point",108,"Train","Lasso","Intestines","r2_0.3","min10",1,0.614268463441353,0.992313123676585
"Point","Point",108,"Validation","Lasso","Intestines","r2_0.3","min10",1,8.74244809722284,0.631216931012108
"Point","Point",109,"Train","Lasso","Intestines","r2_0.3","min20",1,3.76718667762453,0.643993292310161
"Point","Point",109,"Validation","Lasso","Intestines","r2_0.3","min20",1,4.60121884875891,0.519470198319413
"Point","Point",110,"Train","Lasso","Intestines","r2_0.3","min5",1,2.58452201793511,0.889855546185118
"Point","Point",110,"Validation","Lasso","Intestines","r2_0.3","min5",1,3.41865084991439,0.668363798368845
"Point","Point",111,"Train","Lasso","Intestines","r2_0.3","nofilter",1,0.922404509714992,0.988396871674879
"Point","Point",111,"Validation","Lasso","Intestines","r2_0.3","nofilter",1,3.10500499082647,0.728594895768542
"Tile","cpg_island_tile_clock",1,"Train","Elastic_net","All_organs","r2_0.05","min10",1000,2.17017109679386,0.845408215629
"Tile","cpg_island_tile_clock",1,"Validation","Elastic_net","All_organs","r2_0.05","min10",1000,4.26948795526853,0.377485610013845
"Tile","cpg_island_tile_clock",2,"Train","Elastic_net","All_organs","r2_0.05","min20",1000,3.60585974222769,0.596289608756818
"Tile","cpg_island_tile_clock",2,"Validation","Elastic_net","All_organs","r2_0.05","min20",1000,4.7789458455511,0.494498661122173
"Tile","cpg_island_tile_clock",3,"Train","Elastic_net","All_organs","r2_0.05","min5",1000,0.500934372500058,0.991794347675988
"Tile","cpg_island_tile_clock",3,"Validation","Elastic_net","All_organs","r2_0.05","min5",1000,8.41669278741051,0.251410744063741
"Tile","cpg_island_tile_clock",4,"Train","Elastic_net","All_organs","r2_0.05","nofilter",1000,0.500934372500058,0.991794347675988
"Tile","cpg_island_tile_clock",4,"Validation","Elastic_net","All_organs","r2_0.05","nofilter",1000,7.82003964318023,0.324570582521496
"Tile","cpg_island_tile_clock",5,"Train","Elastic_net","All_organs","r2_0.05","min10",100,0.483318884341074,0.99284300778797
"Tile","cpg_island_tile_clock",5,"Validation","Elastic_net","All_organs","r2_0.05","min10",100,4.38333095155586,0.247925006031913
"Tile","cpg_island_tile_clock",6,"Train","Elastic_net","All_organs","r2_0.05","min20",100,1.1092044500301,0.923967818354944
"Tile","cpg_island_tile_clock",6,"Validation","Elastic_net","All_organs","r2_0.05","min20",100,4.71275022280098,0.326419295551094
"Tile","cpg_island_tile_clock",7,"Train","Elastic_net","All_organs","r2_0.05","min5",100,1.373713572056,0.937407783648547
"Tile","cpg_island_tile_clock",7,"Validation","Elastic_net","All_organs","r2_0.05","min5",100,7.96735651679193,0.410366991962479
"Tile","cpg_island_tile_clock",8,"Train","Elastic_net","All_organs","r2_0.05","nofilter",100,1.373713572056,0.937407783648547
"Tile","cpg_island_tile_clock",8,"Validation","Elastic_net","All_organs","r2_0.05","nofilter",100,7.96735651679193,0.410366991962479
"Tile","cpg_island_tile_clock",9,"Train","Elastic_net","All_organs","r2_0.05","min10",2000,2.43002438835117,0.822165550890427
"Tile","cpg_island_tile_clock",9,"Validation","Elastic_net","All_organs","r2_0.05","min10",2000,4.61463418810328,0.306785058480144
"Tile","cpg_island_tile_clock",10,"Train","Elastic_net","All_organs","r2_0.05","min20",2000,2.94146369575075,0.722031161170298
"Tile","cpg_island_tile_clock",10,"Validation","Elastic_net","All_organs","r2_0.05","min20",2000,5.10984031883563,0.347735846950201
"Tile","cpg_island_tile_clock",11,"Train","Elastic_net","All_organs","r2_0.05","min5",2000,0.199307786718602,0.998727067593633
"Tile","cpg_island_tile_clock",11,"Validation","Elastic_net","All_organs","r2_0.05","min5",2000,8.72404772364479,0.225421082808947
"Tile","cpg_island_tile_clock",12,"Train","Elastic_net","All_organs","r2_0.05","nofilter",2000,0.199307786718602,0.998727067593633
"Tile","cpg_island_tile_clock",12,"Validation","Elastic_net","All_organs","r2_0.05","nofilter",2000,8.72404772364479,0.225421082808947
"Tile","cpg_island_tile_clock",13,"Train","Elastic_net","All_organs","r2_0.05","min10",25000,1.44874257048166,0.910589986243431
"Tile","cpg_island_tile_clock",13,"Validation","Elastic_net","All_organs","r2_0.05","min10",25000,4.37670849596884,0.313185202051883
"Tile","cpg_island_tile_clock",14,"Train","Elastic_net","All_organs","r2_0.05","min20",25000,2.17570724163241,0.804533504382578
"Tile","cpg_island_tile_clock",14,"Validation","Elastic_net","All_organs","r2_0.05","min20",25000,4.74843389362285,0.47166590649431
"Tile","cpg_island_tile_clock",15,"Train","Elastic_net","All_organs","r2_0.05","min5",25000,0.385584290656303,0.995607473948518
"Tile","cpg_island_tile_clock",15,"Validation","Elastic_net","All_organs","r2_0.05","min5",25000,4.96286645894193,0.263118890147511
"Tile","cpg_island_tile_clock",16,"Train","Elastic_net","All_organs","r2_0.05","nofilter",25000,0.352810064606628,0.996292989802049
"Tile","cpg_island_tile_clock",16,"Validation","Elastic_net","All_organs","r2_0.05","nofilter",25000,5.01409493954518,0.263737551357515
"Tile","cpg_island_tile_clock",17,"Train","Elastic_net","All_organs","r2_0.05","min10",5000,1.44874257048166,0.910589986243431
"Tile","cpg_island_tile_clock",17,"Validation","Elastic_net","All_organs","r2_0.05","min10",5000,4.37670849596884,0.313185202051883
"Tile","cpg_island_tile_clock",18,"Train","Elastic_net","All_organs","r2_0.05","min20",5000,2.17570724163241,0.804533504382578
"Tile","cpg_island_tile_clock",18,"Validation","Elastic_net","All_organs","r2_0.05","min20",5000,4.74843389362285,0.47166590649431
"Tile","cpg_island_tile_clock",19,"Train","Elastic_net","All_organs","r2_0.05","min5",5000,0.385584290656303,0.995607473948518
"Tile","cpg_island_tile_clock",19,"Validation","Elastic_net","All_organs","r2_0.05","min5",5000,4.96286645894193,0.263118890147511
"Tile","cpg_island_tile_clock",20,"Train","Elastic_net","All_organs","r2_0.05","nofilter",5000,0.352810064606628,0.996292989802049
"Tile","cpg_island_tile_clock",20,"Validation","Elastic_net","All_organs","r2_0.05","nofilter",5000,5.01409493954518,0.263737551357515
"Tile","cpg_island_tile_clock",21,"Train","Elastic_net","All_organs","r2_0.05","min10",500,1.99055590833513,0.844837691459616
"Tile","cpg_island_tile_clock",21,"Validation","Elastic_net","All_organs","r2_0.05","min10",500,4.31514171186385,0.298265760559842
"Tile","cpg_island_tile_clock",22,"Train","Elastic_net","All_organs","r2_0.05","min20",500,3.21615063122083,0.715684893073394
"Tile","cpg_island_tile_clock",22,"Validation","Elastic_net","All_organs","r2_0.05","min20",500,4.79761199995935,0.435105046477335
"Tile","cpg_island_tile_clock",23,"Train","Elastic_net","All_organs","r2_0.05","min5",500,1.11615687050798,0.959258543160947
"Tile","cpg_island_tile_clock",23,"Validation","Elastic_net","All_organs","r2_0.05","min5",500,5.09277994338195,0.272143408624443
"Tile","cpg_island_tile_clock",24,"Train","Elastic_net","All_organs","r2_0.05","nofilter",500,0.883100404274183,0.972277622153092
"Tile","cpg_island_tile_clock",24,"Validation","Elastic_net","All_organs","r2_0.05","nofilter",500,4.74933028489267,0.248652618584291
"Tile","cpg_island_tile_clock",25,"Train","Elastic_net","All_organs","r2_0.05","min10",50,0.232240649000749,0.997443774854645
"Tile","cpg_island_tile_clock",25,"Validation","Elastic_net","All_organs","r2_0.05","min10",50,8.92372102981873,0.286530672593873
"Tile","cpg_island_tile_clock",26,"Train","Elastic_net","All_organs","r2_0.05","min20",50,1.96615668118071,0.883552067565794
"Tile","cpg_island_tile_clock",26,"Validation","Elastic_net","All_organs","r2_0.05","min20",50,4.75328461898233,0.240968369060329
"Tile","cpg_island_tile_clock",27,"Train","Elastic_net","All_organs","r2_0.05","min5",50,0.142935765906725,0.999632758095166
"Tile","cpg_island_tile_clock",27,"Validation","Elastic_net","All_organs","r2_0.05","min5",50,4.61350192811982,0.321952827351977
"Tile","cpg_island_tile_clock",28,"Train","Elastic_net","All_organs","r2_0.05","nofilter",50,0.126406804549266,0.99932899591524
"Tile","cpg_island_tile_clock",28,"Validation","Elastic_net","All_organs","r2_0.05","nofilter",50,4.48884864301207,0.341435319649118
"Tile","cpg_island_tile_clock",29,"Train","Elastic_net","All_organs","r2_0.1","min10",1000,2.41859776760895,0.789002407154084
"Tile","cpg_island_tile_clock",29,"Validation","Elastic_net","All_organs","r2_0.1","min10",1000,4.25239767649964,0.335094521810712
"Tile","cpg_island_tile_clock",30,"Train","Elastic_net","All_organs","r2_0.1","min20",1000,3.94944541086387,0.547316559694327
"Tile","cpg_island_tile_clock",30,"Validation","Elastic_net","All_organs","r2_0.1","min20",1000,5.13447857020536,0.309739451080933
"Tile","cpg_island_tile_clock",31,"Train","Elastic_net","All_organs","r2_0.1","min5",1000,2.4752727569385,0.782421765555394
"Tile","cpg_island_tile_clock",31,"Validation","Elastic_net","All_organs","r2_0.1","min5",1000,4.60976713315852,0.269784727877961
"Tile","cpg_island_tile_clock",32,"Train","Elastic_net","All_organs","r2_0.1","nofilter",1000,2.4636628234562,0.790298040298968
"Tile","cpg_island_tile_clock",32,"Validation","Elastic_net","All_organs","r2_0.1","nofilter",1000,4.69361821903495,0.242863781656324
"Tile","cpg_island_tile_clock",33,"Train","Elastic_net","All_organs","r2_0.1","min10",100,2.85309707199815,0.703418333116787
"Tile","cpg_island_tile_clock",33,"Validation","Elastic_net","All_organs","r2_0.1","min10",100,5.01859191965932,0.317981667935477
"Tile","cpg_island_tile_clock",34,"Train","Elastic_net","All_organs","r2_0.1","min20",100,2.48971188166967,0.685344438415514
"Tile","cpg_island_tile_clock",34,"Validation","Elastic_net","All_organs","r2_0.1","min20",100,4.51930869321212,0.270984250119514
"Tile","cpg_island_tile_clock",35,"Train","Elastic_net","All_organs","r2_0.1","min5",100,2.07714587653225,0.845975572141024
"Tile","cpg_island_tile_clock",35,"Validation","Elastic_net","All_organs","r2_0.1","min5",100,4.16763234417021,0.421419605375332
"Tile","cpg_island_tile_clock",36,"Train","Elastic_net","All_organs","r2_0.1","nofilter",100,2.26491450503401,0.829756991333721
"Tile","cpg_island_tile_clock",36,"Validation","Elastic_net","All_organs","r2_0.1","nofilter",100,4.3735275010244,0.389462975710949
"Tile","cpg_island_tile_clock",37,"Train","Elastic_net","All_organs","r2_0.1","min10",2000,2.62324372375569,0.757085289148994
"Tile","cpg_island_tile_clock",37,"Validation","Elastic_net","All_organs","r2_0.1","min10",2000,4.47604914917943,0.261075784400641
"Tile","cpg_island_tile_clock",38,"Train","Elastic_net","All_organs","r2_0.1","min20",2000,2.3342489893019,0.729803992623353
"Tile","cpg_island_tile_clock",38,"Validation","Elastic_net","All_organs","r2_0.1","min20",2000,4.53088595401871,0.330983228354172
"Tile","cpg_island_tile_clock",39,"Train","Elastic_net","All_organs","r2_0.1","min5",2000,2.57453201809007,0.756967658518938
"Tile","cpg_island_tile_clock",39,"Validation","Elastic_net","All_organs","r2_0.1","min5",2000,4.52390471800848,0.335514769869616
"Tile","cpg_island_tile_clock",40,"Train","Elastic_net","All_organs","r2_0.1","nofilter",2000,2.68682228285209,0.747699926257719
"Tile","cpg_island_tile_clock",40,"Validation","Elastic_net","All_organs","r2_0.1","nofilter",2000,4.48262914145521,0.328217186062471
"Tile","cpg_island_tile_clock",41,"Train","Elastic_net","All_organs","r2_0.1","min10",25000,2.13570240082873,0.832772414395056
"Tile","cpg_island_tile_clock",41,"Validation","Elastic_net","All_organs","r2_0.1","min10",25000,7.55823257623517,0.285264156157395
"Tile","cpg_island_tile_clock",42,"Train","Elastic_net","All_organs","r2_0.1","min20",25000,2.18503801886098,0.74211317038847
"Tile","cpg_island_tile_clock",42,"Validation","Elastic_net","All_organs","r2_0.1","min20",25000,4.93150105443712,0.335610843296396
"Tile","cpg_island_tile_clock",43,"Train","Elastic_net","All_organs","r2_0.1","min5",25000,2.76470064353748,0.760210786668561
"Tile","cpg_island_tile_clock",43,"Validation","Elastic_net","All_organs","r2_0.1","min5",25000,4.35502093515981,0.353595712142488
"Tile","cpg_island_tile_clock",44,"Train","Elastic_net","All_organs","r2_0.1","nofilter",25000,3.25091808239659,0.666378951936278
"Tile","cpg_island_tile_clock",44,"Validation","Elastic_net","All_organs","r2_0.1","nofilter",25000,4.3506492983588,0.416568426335226
"Tile","cpg_island_tile_clock",45,"Train","Elastic_net","All_organs","r2_0.1","min10",5000,2.13570240082873,0.832772414395056
"Tile","cpg_island_tile_clock",45,"Validation","Elastic_net","All_organs","r2_0.1","min10",5000,7.55823257623517,0.285264156157395
"Tile","cpg_island_tile_clock",46,"Train","Elastic_net","All_organs","r2_0.1","min20",5000,2.18503801886098,0.74211317038847
"Tile","cpg_island_tile_clock",46,"Validation","Elastic_net","All_organs","r2_0.1","min20",5000,4.93150105443712,0.335610843296396
"Tile","cpg_island_tile_clock",47,"Train","Elastic_net","All_organs","r2_0.1","min5",5000,2.76470064353748,0.760210786668561
"Tile","cpg_island_tile_clock",47,"Validation","Elastic_net","All_organs","r2_0.1","min5",5000,4.35502093515981,0.353595712142488
"Tile","cpg_island_tile_clock",48,"Train","Elastic_net","All_organs","r2_0.1","nofilter",5000,3.25091808239659,0.666378951936278
"Tile","cpg_island_tile_clock",48,"Validation","Elastic_net","All_organs","r2_0.1","nofilter",5000,4.3506492983588,0.416568426335226
"Tile","cpg_island_tile_clock",49,"Train","Elastic_net","All_organs","r2_0.1","min10",500,2.30644112331709,0.767124419620184
"Tile","cpg_island_tile_clock",49,"Validation","Elastic_net","All_organs","r2_0.1","min10",500,7.23953585361002,0.383112785403899
"Tile","cpg_island_tile_clock",50,"Train","Elastic_net","All_organs","r2_0.1","min20",500,2.82934888273641,0.676298472776381
"Tile","cpg_island_tile_clock",50,"Validation","Elastic_net","All_organs","r2_0.1","min20",500,4.97981922853235,0.324311616270709
"Tile","cpg_island_tile_clock",51,"Train","Elastic_net","All_organs","r2_0.1","min5",500,3.22443461058729,0.657907682072385
"Tile","cpg_island_tile_clock",51,"Validation","Elastic_net","All_organs","r2_0.1","min5",500,4.45858487324953,0.33763030919575
"Tile","cpg_island_tile_clock",52,"Train","Elastic_net","All_organs","r2_0.1","nofilter",500,2.44335638306958,0.76245896712051
"Tile","cpg_island_tile_clock",52,"Validation","Elastic_net","All_organs","r2_0.1","nofilter",500,4.04451440242334,0.336215412604052
"Tile","cpg_island_tile_clock",53,"Train","Elastic_net","All_organs","r2_0.1","min10",50,2.65881842391038,0.75836675176269
"Tile","cpg_island_tile_clock",53,"Validation","Elastic_net","All_organs","r2_0.1","min10",50,7.18520863028475,0.374127182399785
"Tile","cpg_island_tile_clock",54,"Train","Elastic_net","All_organs","r2_0.1","min20",50,3.24842750271924,0.697904493828142
"Tile","cpg_island_tile_clock",54,"Validation","Elastic_net","All_organs","r2_0.1","min20",50,4.92722553868386,0.252856058160114
"Tile","cpg_island_tile_clock",55,"Train","Elastic_net","All_organs","r2_0.1","min5",50,2.32555662783746,0.810397094962244
"Tile","cpg_island_tile_clock",55,"Validation","Elastic_net","All_organs","r2_0.1","min5",50,4.94668523264778,0.268974965886112
"Tile","cpg_island_tile_clock",56,"Train","Elastic_net","All_organs","r2_0.1","nofilter",50,2.51921328020828,0.794613681806678
"Tile","cpg_island_tile_clock",56,"Validation","Elastic_net","All_organs","r2_0.1","nofilter",50,4.89470208193959,0.251683911901717
"Tile","cpg_island_tile_clock",57,"Train","Elastic_net","All_organs","r2_0.2","min10",1000,3.89540791475724,0.443305688348884
"Tile","cpg_island_tile_clock",57,"Validation","Elastic_net","All_organs","r2_0.2","min10",1000,5.01692951217448,0.210563026320573
"Tile","cpg_island_tile_clock",58,"Train","Elastic_net","All_organs","r2_0.2","min20",1000,3.74037672631939,0.538874547075078
"Tile","cpg_island_tile_clock",58,"Validation","Elastic_net","All_organs","r2_0.2","min20",1000,4.77153774668639,0.283713313798106
"Tile","cpg_island_tile_clock",59,"Train","Elastic_net","All_organs","r2_0.2","min5",1000,4.44782580880006,0.304435611162119
"Tile","cpg_island_tile_clock",59,"Validation","Elastic_net","All_organs","r2_0.2","min5",1000,4.85759665128452,0.262694516924222
"Tile","cpg_island_tile_clock",60,"Train","Elastic_net","All_organs","r2_0.2","nofilter",1000,4.44782580880006,0.304435611162119
"Tile","cpg_island_tile_clock",60,"Validation","Elastic_net","All_organs","r2_0.2","nofilter",1000,4.85759665128452,0.262694516924222
"Tile","cpg_island_tile_clock",61,"Train","Elastic_net","All_organs","r2_0.2","min10",100,3.30585928354476,0.629053037784713
"Tile","cpg_island_tile_clock",61,"Validation","Elastic_net","All_organs","r2_0.2","min10",100,4.47309844016163,0.215653566796056
"Tile","cpg_island_tile_clock",62,"Train","Elastic_net","All_organs","r2_0.2","min20",100,4.74994675173839,0.295289059420879
"Tile","cpg_island_tile_clock",62,"Validation","Elastic_net","All_organs","r2_0.2","min20",100,6.37589514962848,0.229912940743539
"Tile","cpg_island_tile_clock",63,"Train","Elastic_net","All_organs","r2_0.2","min5",100,4.59342147460547,0.195696904361375
"Tile","cpg_island_tile_clock",63,"Validation","Elastic_net","All_organs","r2_0.2","min5",100,4.41384710643312,0.271231741392068
"Tile","cpg_island_tile_clock",64,"Train","Elastic_net","All_organs","r2_0.2","nofilter",100,4.59342147460547,0.195696904361375
"Tile","cpg_island_tile_clock",64,"Validation","Elastic_net","All_organs","r2_0.2","nofilter",100,4.41384710643312,0.271231741392068
"Tile","cpg_island_tile_clock",65,"Train","Elastic_net","All_organs","r2_0.2","min10",2000,3.49759592019339,0.554137752138249
"Tile","cpg_island_tile_clock",65,"Validation","Elastic_net","All_organs","r2_0.2","min10",2000,6.62505396088758,0.301257869802942
"Tile","cpg_island_tile_clock",66,"Train","Elastic_net","All_organs","r2_0.2","min20",2000,4.34048139280578,0.411859294362694
"Tile","cpg_island_tile_clock",66,"Validation","Elastic_net","All_organs","r2_0.2","min20",2000,4.76435756089307,0.269053562651907
"Tile","cpg_island_tile_clock",67,"Train","Elastic_net","All_organs","r2_0.2","min5",2000,3.99775588183097,0.434034100949013
"Tile","cpg_island_tile_clock",67,"Validation","Elastic_net","All_organs","r2_0.2","min5",2000,4.44646524773596,0.287225693260645
"Tile","cpg_island_tile_clock",68,"Train","Elastic_net","All_organs","r2_0.2","nofilter",2000,3.99775588183097,0.434034100949013
"Tile","cpg_island_tile_clock",68,"Validation","Elastic_net","All_organs","r2_0.2","nofilter",2000,4.44646524773596,0.287225693260645
"Tile","cpg_island_tile_clock",69,"Train","Elastic_net","All_organs","r2_0.2","min10",25000,4.28868811356966,0.399298765591587
"Tile","cpg_island_tile_clock",69,"Validation","Elastic_net","All_organs","r2_0.2","min10",25000,6.49678469698297,0.285525695847371
"Tile","cpg_island_tile_clock",70,"Train","Elastic_net","All_organs","r2_0.2","min20",25000,4.34048139280578,0.411859294362694
"Tile","cpg_island_tile_clock",70,"Validation","Elastic_net","All_organs","r2_0.2","min20",25000,4.7446374593297,0.274055456597616
"Tile","cpg_island_tile_clock",71,"Train","Elastic_net","All_organs","r2_0.2","min5",25000,3.99775588183097,0.434034100949013
"Tile","cpg_island_tile_clock",71,"Validation","Elastic_net","All_organs","r2_0.2","min5",25000,4.44646524773596,0.287225693260645
"Tile","cpg_island_tile_clock",72,"Train","Elastic_net","All_organs","r2_0.2","nofilter",25000,3.99775588183097,0.434034100949013
"Tile","cpg_island_tile_clock",72,"Validation","Elastic_net","All_organs","r2_0.2","nofilter",25000,4.44646524773596,0.287225693260645
"Tile","cpg_island_tile_clock",73,"Train","Elastic_net","All_organs","r2_0.2","min10",5000,4.28868811356966,0.399298765591587
"Tile","cpg_island_tile_clock",73,"Validation","Elastic_net","All_organs","r2_0.2","min10",5000,6.49678469698297,0.285525695847371
"Tile","cpg_island_tile_clock",74,"Train","Elastic_net","All_organs","r2_0.2","min20",5000,4.34048139280578,0.411859294362694
"Tile","cpg_island_tile_clock",74,"Validation","Elastic_net","All_organs","r2_0.2","min20",5000,4.7446374593297,0.274055456597616
"Tile","cpg_island_tile_clock",75,"Train","Elastic_net","All_organs","r2_0.2","min5",5000,3.99775588183097,0.434034100949013
"Tile","cpg_island_tile_clock",75,"Validation","Elastic_net","All_organs","r2_0.2","min5",5000,4.44646524773596,0.287225693260645
"Tile","cpg_island_tile_clock",76,"Train","Elastic_net","All_organs","r2_0.2","nofilter",5000,3.99775588183097,0.434034100949013
"Tile","cpg_island_tile_clock",76,"Validation","Elastic_net","All_organs","r2_0.2","nofilter",5000,4.44646524773596,0.287225693260645
"Tile","cpg_island_tile_clock",77,"Train","Elastic_net","All_organs","r2_0.2","min10",500,4.20740966527317,0.402764534129324
"Tile","cpg_island_tile_clock",77,"Validation","Elastic_net","All_organs","r2_0.2","min10",500,5.33898715624265,0.21908506988161
"Tile","cpg_island_tile_clock",78,"Train","Elastic_net","All_organs","r2_0.2","min20",500,3.87757116066426,0.52329839405527
"Tile","cpg_island_tile_clock",78,"Validation","Elastic_net","All_organs","r2_0.2","min20",500,4.79077993350881,0.304126668872079
"Tile","cpg_island_tile_clock",79,"Train","Elastic_net","All_organs","r2_0.2","min5",500,3.96020306905313,0.494296990795502
"Tile","cpg_island_tile_clock",79,"Validation","Elastic_net","All_organs","r2_0.2","min5",500,4.87243848234662,0.284802614038772
"Tile","cpg_island_tile_clock",80,"Train","Elastic_net","All_organs","r2_0.2","nofilter",500,3.96020306905313,0.494296990795502
"Tile","cpg_island_tile_clock",80,"Validation","Elastic_net","All_organs","r2_0.2","nofilter",500,4.87243848234662,0.284802614038772
"Tile","cpg_island_tile_clock",81,"Train","Elastic_net","All_organs","r2_0.2","min10",50,2.23149496139447,0.781038238356217
"Tile","cpg_island_tile_clock",81,"Validation","Elastic_net","All_organs","r2_0.2","min10",50,3.99647667364415,0.380060135342194
"Tile","cpg_island_tile_clock",82,"Train","Elastic_net","All_organs","r2_0.2","min20",50,3.36123028746709,0.653999634766062
"Tile","cpg_island_tile_clock",82,"Validation","Elastic_net","All_organs","r2_0.2","min20",50,4.56149798255913,0.31313579193282
"Tile","cpg_island_tile_clock",83,"Train","Elastic_net","All_organs","r2_0.2","min5",50,2.72757874992374,0.771924157069013
"Tile","cpg_island_tile_clock",83,"Validation","Elastic_net","All_organs","r2_0.2","min5",50,4.68461322258989,0.308771609093324
"Tile","cpg_island_tile_clock",84,"Train","Elastic_net","All_organs","r2_0.2","nofilter",50,2.67453803696789,0.773708176755018
"Tile","cpg_island_tile_clock",84,"Validation","Elastic_net","All_organs","r2_0.2","nofilter",50,4.49353047442898,0.351377039459114
"Tile","cpg_island_tile_clock",85,"Train","Elastic_net","All_organs","r2_0.3","min10",1000,4.64732428762922,0.183972216153049
"Tile","cpg_island_tile_clock",85,"Validation","Elastic_net","All_organs","r2_0.3","min10",1000,5.61413379727977,0.336811655887043
"Tile","cpg_island_tile_clock",86,"Train","Elastic_net","All_organs","r2_0.3","min20",1000,4.71165664085345,0.208565962581193
"Tile","cpg_island_tile_clock",86,"Validation","Elastic_net","All_organs","r2_0.3","min20",1000,5.46486576110538,0.2502531375985
"Tile","cpg_island_tile_clock",87,"Train","Elastic_net","All_organs","r2_0.3","min5",1000,4.39352585748965,0.28303819457334
"Tile","cpg_island_tile_clock",87,"Validation","Elastic_net","All_organs","r2_0.3","min5",1000,4.97114311934815,0.26516505037171
"Tile","cpg_island_tile_clock",88,"Train","Elastic_net","All_organs","r2_0.3","nofilter",1000,4.39352585748965,0.28303819457334
"Tile","cpg_island_tile_clock",88,"Validation","Elastic_net","All_organs","r2_0.3","nofilter",1000,4.97114311934815,0.26516505037171
"Tile","cpg_island_tile_clock",89,"Train","Elastic_net","All_organs","r2_0.3","min10",100,4.80134166499665,0.126260830737325
"Tile","cpg_island_tile_clock",89,"Validation","Elastic_net","All_organs","r2_0.3","min10",100,4.71022653747833,0.27681776348246
"Tile","cpg_island_tile_clock",90,"Train","Elastic_net","All_organs","r2_0.3","min20",100,3.63557287258293,0.52859310447031
"Tile","cpg_island_tile_clock",90,"Validation","Elastic_net","All_organs","r2_0.3","min20",100,5.02955638586901,0.273416883615264
"Tile","cpg_island_tile_clock",91,"Train","Elastic_net","All_organs","r2_0.3","min5",100,3.90359655447444,0.515661566327981
"Tile","cpg_island_tile_clock",91,"Validation","Elastic_net","All_organs","r2_0.3","min5",100,5.31224436347719,0.179905883737219
"Tile","cpg_island_tile_clock",92,"Train","Elastic_net","All_organs","r2_0.3","nofilter",100,3.90359655447444,0.515661566327981
"Tile","cpg_island_tile_clock",92,"Validation","Elastic_net","All_organs","r2_0.3","nofilter",100,5.31224436347719,0.179905883737219
"Tile","cpg_island_tile_clock",93,"Train","Elastic_net","All_organs","r2_0.3","min10",2000,4.54658422499049,0.209533326023699
"Tile","cpg_island_tile_clock",93,"Validation","Elastic_net","All_organs","r2_0.3","min10",2000,5.68140953172653,0.330054906885933
"Tile","cpg_island_tile_clock",94,"Train","Elastic_net","All_organs","r2_0.3","min20",2000,4.93315182095754,0.149173545415306
"Tile","cpg_island_tile_clock",94,"Validation","Elastic_net","All_organs","r2_0.3","min20",2000,5.5949326454184,0.236538011074705
"Tile","cpg_island_tile_clock",95,"Train","Elastic_net","All_organs","r2_0.3","min5",2000,4.82603801235698,0.149922996414657
"Tile","cpg_island_tile_clock",95,"Validation","Elastic_net","All_organs","r2_0.3","min5",2000,5.17435021425601,0.22312707882022
"Tile","cpg_island_tile_clock",96,"Train","Elastic_net","All_organs","r2_0.3","nofilter",2000,4.82603801235698,0.149922996414657
"Tile","cpg_island_tile_clock",96,"Validation","Elastic_net","All_organs","r2_0.3","nofilter",2000,5.17435021425601,0.22312707882022
"Tile","cpg_island_tile_clock",97,"Train","Elastic_net","All_organs","r2_0.3","min10",25000,5.10590052597966,0.0685630411014215
"Tile","cpg_island_tile_clock",97,"Validation","Elastic_net","All_organs","r2_0.3","min10",25000,5.72017500934516,0.329656539892785
"Tile","cpg_island_tile_clock",98,"Train","Elastic_net","All_organs","r2_0.3","min20",25000,4.84506981972935,0.164628151603138
"Tile","cpg_island_tile_clock",98,"Validation","Elastic_net","All_organs","r2_0.3","min20",25000,5.70300170198395,0.16342990111033
"Tile","cpg_island_tile_clock",99,"Train","Elastic_net","All_organs","r2_0.3","min5",25000,4.82603801235698,0.149922996414657
"Tile","cpg_island_tile_clock",99,"Validation","Elastic_net","All_organs","r2_0.3","min5",25000,5.17435021425601,0.22312707882022
"Tile","cpg_island_tile_clock",100,"Train","Elastic_net","All_organs","r2_0.3","nofilter",25000,4.82603801235698,0.149922996414657
"Tile","cpg_island_tile_clock",100,"Validation","Elastic_net","All_organs","r2_0.3","nofilter",25000,5.17435021425601,0.22312707882022
"Tile","cpg_island_tile_clock",101,"Train","Elastic_net","All_organs","r2_0.3","min10",5000,5.10590052597966,0.0685630411014215
"Tile","cpg_island_tile_clock",101,"Validation","Elastic_net","All_organs","r2_0.3","min10",5000,5.72017500934516,0.329656539892785
"Tile","cpg_island_tile_clock",102,"Train","Elastic_net","All_organs","r2_0.3","min20",5000,4.84506981972935,0.164628151603138
"Tile","cpg_island_tile_clock",102,"Validation","Elastic_net","All_organs","r2_0.3","min20",5000,5.70300170198395,0.16342990111033
"Tile","cpg_island_tile_clock",103,"Train","Elastic_net","All_organs","r2_0.3","min5",5000,4.82603801235698,0.149922996414657
"Tile","cpg_island_tile_clock",103,"Validation","Elastic_net","All_organs","r2_0.3","min5",5000,5.17435021425601,0.22312707882022
"Tile","cpg_island_tile_clock",104,"Train","Elastic_net","All_organs","r2_0.3","nofilter",5000,4.82603801235698,0.149922996414657
"Tile","cpg_island_tile_clock",104,"Validation","Elastic_net","All_organs","r2_0.3","nofilter",5000,5.17435021425601,0.22312707882022
"Tile","cpg_island_tile_clock",105,"Train","Elastic_net","All_organs","r2_0.3","min10",500,3.3112976514661,0.448399655317563
"Tile","cpg_island_tile_clock",105,"Validation","Elastic_net","All_organs","r2_0.3","min10",500,4.81993114927409,0.271843200123817
"Tile","cpg_island_tile_clock",106,"Train","Elastic_net","All_organs","r2_0.3","min20",500,4.91353363876821,0.12290601136989
"Tile","cpg_island_tile_clock",106,"Validation","Elastic_net","All_organs","r2_0.3","min20",500,5.99748720080082,0.155135413450078
"Tile","cpg_island_tile_clock",107,"Train","Elastic_net","All_organs","r2_0.3","min5",500,4.95475556873252,0.16397377605602
"Tile","cpg_island_tile_clock",107,"Validation","Elastic_net","All_organs","r2_0.3","min5",500,5.56180222782011,0.184636434486058
"Tile","cpg_island_tile_clock",108,"Train","Elastic_net","All_organs","r2_0.3","nofilter",500,4.95475556873252,0.16397377605602
"Tile","cpg_island_tile_clock",108,"Validation","Elastic_net","All_organs","r2_0.3","nofilter",500,5.56180222782011,0.184636434486058
"Tile","cpg_island_tile_clock",109,"Train","Elastic_net","All_organs","r2_0.3","min10",50,4.11398131590689,0.413388806471981
"Tile","cpg_island_tile_clock",109,"Validation","Elastic_net","All_organs","r2_0.3","min10",50,5.47314302636921,0.288499656683659
"Tile","cpg_island_tile_clock",110,"Train","Elastic_net","All_organs","r2_0.3","min20",50,4.44878137631443,0.326364918848207
"Tile","cpg_island_tile_clock",110,"Validation","Elastic_net","All_organs","r2_0.3","min20",50,5.19317879739716,0.324159547459693
"Tile","cpg_island_tile_clock",111,"Train","Elastic_net","All_organs","r2_0.3","min5",50,4.73557681505909,0.444760690412713
"Tile","cpg_island_tile_clock",111,"Validation","Elastic_net","All_organs","r2_0.3","min5",50,5.38014737480274,0.192578865358463
"Tile","cpg_island_tile_clock",112,"Train","Elastic_net","All_organs","r2_0.3","nofilter",50,3.59142508867336,0.633937352980286
"Tile","cpg_island_tile_clock",112,"Validation","Elastic_net","All_organs","r2_0.3","nofilter",50,5.06457034361086,0.324123433442279
"Tile","cpg_island_tile_clock",113,"Train","Elastic_net","Brain","r2_0.05","min10",1000,1.0228557641325,0.9811548011309
"Tile","cpg_island_tile_clock",113,"Validation","Elastic_net","Brain","r2_0.05","min10",1000,3.72458701885287,0.749209644266466
"Tile","cpg_island_tile_clock",114,"Train","Elastic_net","Brain","r2_0.05","min20",1000,3.81401282141434,0.703424001868311
"Tile","cpg_island_tile_clock",114,"Validation","Elastic_net","Brain","r2_0.05","min20",1000,5.5077701654267,0.610192331606758
"Tile","cpg_island_tile_clock",115,"Train","Elastic_net","Brain","r2_0.05","min5",1000,0.226839609712488,0.99915265442331
"Tile","cpg_island_tile_clock",115,"Validation","Elastic_net","Brain","r2_0.05","min5",1000,4.14177042697253,0.673688949004786
"Tile","cpg_island_tile_clock",116,"Train","Elastic_net","Brain","r2_0.05","nofilter",1000,0.226839609712488,0.99915265442331
"Tile","cpg_island_tile_clock",116,"Validation","Elastic_net","Brain","r2_0.05","nofilter",1000,4.14177042697253,0.673688949004786
"Tile","cpg_island_tile_clock",117,"Train","Elastic_net","Brain","r2_0.05","min10",100,3.42462762941742,0.817209545012973
"Tile","cpg_island_tile_clock",117,"Validation","Elastic_net","Brain","r2_0.05","min10",100,3.91476333196847,0.65038456738475
"Tile","cpg_island_tile_clock",118,"Train","Elastic_net","Brain","r2_0.05","min20",100,3.0774627061475,0.849730920397776
"Tile","cpg_island_tile_clock",118,"Validation","Elastic_net","Brain","r2_0.05","min20",100,2.70811068023449,0.784566180361747
"Tile","cpg_island_tile_clock",119,"Train","Elastic_net","Brain","r2_0.05","min5",100,0.692056409312555,0.994774008883975
"Tile","cpg_island_tile_clock",119,"Validation","Elastic_net","Brain","r2_0.05","min5",100,3.29987672699175,0.60980047597171
"Tile","cpg_island_tile_clock",120,"Train","Elastic_net","Brain","r2_0.05","nofilter",100,0.500609387080749,0.995799030408662
"Tile","cpg_island_tile_clock",120,"Validation","Elastic_net","Brain","r2_0.05","nofilter",100,2.74704841481026,0.793633531926252
"Tile","cpg_island_tile_clock",121,"Train","Elastic_net","Brain","r2_0.05","min10",2000,1.0363545368497,0.982549662564153
"Tile","cpg_island_tile_clock",121,"Validation","Elastic_net","Brain","r2_0.05","min10",2000,2.74165623002635,0.684639349546119
"Tile","cpg_island_tile_clock",122,"Train","Elastic_net","Brain","r2_0.05","min20",2000,1.86087692040537,0.953647644408962
"Tile","cpg_island_tile_clock",122,"Validation","Elastic_net","Brain","r2_0.05","min20",2000,4.07795268911609,0.728022770572237
"Tile","cpg_island_tile_clock",123,"Train","Elastic_net","Brain","r2_0.05","min5",2000,1.95510207649927,0.965789068965652
"Tile","cpg_island_tile_clock",123,"Validation","Elastic_net","Brain","r2_0.05","min5",2000,3.07100768331329,0.786866108677037
"Tile","cpg_island_tile_clock",124,"Train","Elastic_net","Brain","r2_0.05","nofilter",2000,1.95510207649927,0.965789068965652
"Tile","cpg_island_tile_clock",124,"Validation","Elastic_net","Brain","r2_0.05","nofilter",2000,3.07100768331329,0.786866108677037
"Tile","cpg_island_tile_clock",125,"Train","Elastic_net","Brain","r2_0.05","min10",25000,0.149091772052258,0.999307434681042
"Tile","cpg_island_tile_clock",125,"Validation","Elastic_net","Brain","r2_0.05","min10",25000,4.05151303519586,0.558655312704367
"Tile","cpg_island_tile_clock",126,"Train","Elastic_net","Brain","r2_0.05","min20",25000,0.151194982512694,0.999645071798355
"Tile","cpg_island_tile_clock",126,"Validation","Elastic_net","Brain","r2_0.05","min20",25000,3.7823829979684,0.810792727146209
"Tile","cpg_island_tile_clock",127,"Train","Elastic_net","Brain","r2_0.05","min5",25000,0.560224521551491,0.997404709915921
"Tile","cpg_island_tile_clock",127,"Validation","Elastic_net","Brain","r2_0.05","min5",25000,6.09166944056473,0.637939221875234
"Tile","cpg_island_tile_clock",128,"Train","Elastic_net","Brain","r2_0.05","nofilter",25000,0.560224521551491,0.997404709915921
"Tile","cpg_island_tile_clock",128,"Validation","Elastic_net","Brain","r2_0.05","nofilter",25000,6.09166944056473,0.637939221875234
"Tile","cpg_island_tile_clock",129,"Train","Elastic_net","Brain","r2_0.05","min10",5000,3.18502901443714,0.860944790020785
"Tile","cpg_island_tile_clock",129,"Validation","Elastic_net","Brain","r2_0.05","min10",5000,6.87045680008888,0.533288454386305
"Tile","cpg_island_tile_clock",130,"Train","Elastic_net","Brain","r2_0.05","min20",5000,1.8382066934106,0.950199507522535
"Tile","cpg_island_tile_clock",130,"Validation","Elastic_net","Brain","r2_0.05","min20",5000,5.98529930714475,0.629709953351046
"Tile","cpg_island_tile_clock",131,"Train","Elastic_net","Brain","r2_0.05","min5",5000,0.560224521551491,0.997404709915921
"Tile","cpg_island_tile_clock",131,"Validation","Elastic_net","Brain","r2_0.05","min5",5000,6.09166944056473,0.637939221875234
"Tile","cpg_island_tile_clock",132,"Train","Elastic_net","Brain","r2_0.05","nofilter",5000,0.560224521551491,0.997404709915921
"Tile","cpg_island_tile_clock",132,"Validation","Elastic_net","Brain","r2_0.05","nofilter",5000,6.09166944056473,0.637939221875234
"Tile","cpg_island_tile_clock",133,"Train","Elastic_net","Brain","r2_0.05","min10",500,0.152322369864022,0.999777316328389
"Tile","cpg_island_tile_clock",133,"Validation","Elastic_net","Brain","r2_0.05","min10",500,2.26853664531646,0.853719579304136
"Tile","cpg_island_tile_clock",134,"Train","Elastic_net","Brain","r2_0.05","min20",500,1.3444953507373,0.957084390360895
"Tile","cpg_island_tile_clock",134,"Validation","Elastic_net","Brain","r2_0.05","min20",500,4.0452247264625,0.696611519875078
"Tile","cpg_island_tile_clock",135,"Train","Elastic_net","Brain","r2_0.05","min5",500,3.542197148196,0.825340050714149
"Tile","cpg_island_tile_clock",135,"Validation","Elastic_net","Brain","r2_0.05","min5",500,4.73796099521653,0.753035621472921
"Tile","cpg_island_tile_clock",136,"Train","Elastic_net","Brain","r2_0.05","nofilter",500,0.154482491609606,0.999820843264151
"Tile","cpg_island_tile_clock",136,"Validation","Elastic_net","Brain","r2_0.05","nofilter",500,2.46387187584286,0.762541668694135
"Tile","cpg_island_tile_clock",137,"Train","Elastic_net","Brain","r2_0.05","min10",50,0.159728407747685,0.999864962686066
"Tile","cpg_island_tile_clock",137,"Validation","Elastic_net","Brain","r2_0.05","min10",50,3.48528579328178,0.697560311594867
"Tile","cpg_island_tile_clock",138,"Train","Elastic_net","Brain","r2_0.05","min20",50,0.376506077801853,0.99908390543967
"Tile","cpg_island_tile_clock",138,"Validation","Elastic_net","Brain","r2_0.05","min20",50,4.50386674893054,0.521337230093732
"Tile","cpg_island_tile_clock",139,"Train","Elastic_net","Brain","r2_0.05","min5",50,0.167534729596039,0.99989768167571
"Tile","cpg_island_tile_clock",139,"Validation","Elastic_net","Brain","r2_0.05","min5",50,3.81052324061606,0.633822067618058
"Tile","cpg_island_tile_clock",140,"Train","Elastic_net","Brain","r2_0.05","nofilter",50,0.159871511187163,0.999902871018361
"Tile","cpg_island_tile_clock",140,"Validation","Elastic_net","Brain","r2_0.05","nofilter",50,4.11099352378379,0.55452623372565
"Tile","cpg_island_tile_clock",141,"Train","Elastic_net","Brain","r2_0.1","min10",1000,0.236312972827771,0.998338742099252
"Tile","cpg_island_tile_clock",141,"Validation","Elastic_net","Brain","r2_0.1","min10",1000,2.48841555046986,0.882193237770152
"Tile","cpg_island_tile_clock",142,"Train","Elastic_net","Brain","r2_0.1","min20",1000,0.268778686840503,0.99879365935687
"Tile","cpg_island_tile_clock",142,"Validation","Elastic_net","Brain","r2_0.1","min20",1000,4.11299792577142,0.793880219283032
"Tile","cpg_island_tile_clock",143,"Train","Elastic_net","Brain","r2_0.1","min5",1000,1.22950580826989,0.973016646906822
"Tile","cpg_island_tile_clock",143,"Validation","Elastic_net","Brain","r2_0.1","min5",1000,3.23600702770671,0.907844634104988
"Tile","cpg_island_tile_clock",144,"Train","Elastic_net","Brain","r2_0.1","nofilter",1000,1.22950580826989,0.973016646906822
"Tile","cpg_island_tile_clock",144,"Validation","Elastic_net","Brain","r2_0.1","nofilter",1000,3.23600702770671,0.907844634104988
"Tile","cpg_island_tile_clock",145,"Train","Elastic_net","Brain","r2_0.1","min10",100,1.79453500686948,0.946741496696572
"Tile","cpg_island_tile_clock",145,"Validation","Elastic_net","Brain","r2_0.1","min10",100,4.10963682447179,0.766885210761217
"Tile","cpg_island_tile_clock",146,"Train","Elastic_net","Brain","r2_0.1","min20",100,0.672726758831258,0.993766452245474
"Tile","cpg_island_tile_clock",146,"Validation","Elastic_net","Brain","r2_0.1","min20",100,2.41800604967772,0.877893372651372
"Tile","cpg_island_tile_clock",147,"Train","Elastic_net","Brain","r2_0.1","min5",100,0.812086171858905,0.987725861114859
"Tile","cpg_island_tile_clock",147,"Validation","Elastic_net","Brain","r2_0.1","min5",100,3.63541646945646,0.872235694979473
"Tile","cpg_island_tile_clock",148,"Train","Elastic_net","Brain","r2_0.1","nofilter",100,1.2178411682978,0.971759567545912
"Tile","cpg_island_tile_clock",148,"Validation","Elastic_net","Brain","r2_0.1","nofilter",100,2.52462390949406,0.966173309509194
"Tile","cpg_island_tile_clock",149,"Train","Elastic_net","Brain","r2_0.1","min10",2000,1.10353764557084,0.976341507198772
"Tile","cpg_island_tile_clock",149,"Validation","Elastic_net","Brain","r2_0.1","min10",2000,2.95823206226222,0.765792009538614
"Tile","cpg_island_tile_clock",150,"Train","Elastic_net","Brain","r2_0.1","min20",2000,2.02347966879785,0.941722094355137
"Tile","cpg_island_tile_clock",150,"Validation","Elastic_net","Brain","r2_0.1","min20",2000,3.67879024163835,0.803227875553027
"Tile","cpg_island_tile_clock",151,"Train","Elastic_net","Brain","r2_0.1","min5",2000,0.146488374179957,0.999672146304948
"Tile","cpg_island_tile_clock",151,"Validation","Elastic_net","Brain","r2_0.1","min5",2000,3.54414386432658,0.791321698505009
"Tile","cpg_island_tile_clock",152,"Train","Elastic_net","Brain","r2_0.1","nofilter",2000,0.146488374179957,0.999672146304948
"Tile","cpg_island_tile_clock",152,"Validation","Elastic_net","Brain","r2_0.1","nofilter",2000,3.54414386432658,0.791321698505009
"Tile","cpg_island_tile_clock",153,"Train","Elastic_net","Brain","r2_0.1","min10",25000,0.493812037911244,0.994316329028642
"Tile","cpg_island_tile_clock",153,"Validation","Elastic_net","Brain","r2_0.1","min10",25000,3.62026534067748,0.723750128823459
"Tile","cpg_island_tile_clock",154,"Train","Elastic_net","Brain","r2_0.1","min20",25000,3.73504582189551,0.755107226573517
"Tile","cpg_island_tile_clock",154,"Validation","Elastic_net","Brain","r2_0.1","min20",25000,3.2380872403664,0.708847493000853
"Tile","cpg_island_tile_clock",155,"Train","Elastic_net","Brain","r2_0.1","min5",25000,3.46740234842187,0.780586498527813
"Tile","cpg_island_tile_clock",155,"Validation","Elastic_net","Brain","r2_0.1","min5",25000,2.3033899113628,0.853771234514168
"Tile","cpg_island_tile_clock",156,"Train","Elastic_net","Brain","r2_0.1","nofilter",25000,3.46740234842187,0.780586498527813
"Tile","cpg_island_tile_clock",156,"Validation","Elastic_net","Brain","r2_0.1","nofilter",25000,2.3033899113628,0.853771234514168
"Tile","cpg_island_tile_clock",157,"Train","Elastic_net","Brain","r2_0.1","min10",5000,0.493812037911244,0.994316329028642
"Tile","cpg_island_tile_clock",157,"Validation","Elastic_net","Brain","r2_0.1","min10",5000,3.62026534067748,0.723750128823459
"Tile","cpg_island_tile_clock",158,"Train","Elastic_net","Brain","r2_0.1","min20",5000,3.73504582189551,0.755107226573517
"Tile","cpg_island_tile_clock",158,"Validation","Elastic_net","Brain","r2_0.1","min20",5000,3.2380872403664,0.708847493000853
"Tile","cpg_island_tile_clock",159,"Train","Elastic_net","Brain","r2_0.1","min5",5000,3.46740234842187,0.780586498527813
"Tile","cpg_island_tile_clock",159,"Validation","Elastic_net","Brain","r2_0.1","min5",5000,2.3033899113628,0.853771234514168
"Tile","cpg_island_tile_clock",160,"Train","Elastic_net","Brain","r2_0.1","nofilter",5000,3.46740234842187,0.780586498527813
"Tile","cpg_island_tile_clock",160,"Validation","Elastic_net","Brain","r2_0.1","nofilter",5000,2.3033899113628,0.853771234514168
"Tile","cpg_island_tile_clock",161,"Train","Elastic_net","Brain","r2_0.1","min10",500,0.134983017810166,0.999421174269667
"Tile","cpg_island_tile_clock",161,"Validation","Elastic_net","Brain","r2_0.1","min10",500,4.01910090735209,0.799258070583702
"Tile","cpg_island_tile_clock",162,"Train","Elastic_net","Brain","r2_0.1","min20",500,1.07400305872072,0.977419201138694
"Tile","cpg_island_tile_clock",162,"Validation","Elastic_net","Brain","r2_0.1","min20",500,3.9691065882817,0.770674890006249
"Tile","cpg_island_tile_clock",163,"Train","Elastic_net","Brain","r2_0.1","min5",500,0.151250750346475,0.999617619732434
"Tile","cpg_island_tile_clock",163,"Validation","Elastic_net","Brain","r2_0.1","min5",500,3.44919869957305,0.866408243349135
"Tile","cpg_island_tile_clock",164,"Train","Elastic_net","Brain","r2_0.1","nofilter",500,0.327176561633276,0.998108390743096
"Tile","cpg_island_tile_clock",164,"Validation","Elastic_net","Brain","r2_0.1","nofilter",500,1.80378961951721,0.952464486562203
"Tile","cpg_island_tile_clock",165,"Train","Elastic_net","Brain","r2_0.1","min10",50,1.9289424251886,0.911569077136812
"Tile","cpg_island_tile_clock",165,"Validation","Elastic_net","Brain","r2_0.1","min10",50,4.55834057402505,0.687579501588477
"Tile","cpg_island_tile_clock",166,"Train","Elastic_net","Brain","r2_0.1","min20",50,2.35664292853752,0.870302617723625
"Tile","cpg_island_tile_clock",166,"Validation","Elastic_net","Brain","r2_0.1","min20",50,3.3458493931227,0.729683980766079
"Tile","cpg_island_tile_clock",167,"Train","Elastic_net","Brain","r2_0.1","min5",50,0.150875318134263,0.999610901351091
"Tile","cpg_island_tile_clock",167,"Validation","Elastic_net","Brain","r2_0.1","min5",50,5.52104404253722,0.804664650587019
"Tile","cpg_island_tile_clock",168,"Train","Elastic_net","Brain","r2_0.1","nofilter",50,0.170647279753695,0.999652465798917
"Tile","cpg_island_tile_clock",168,"Validation","Elastic_net","Brain","r2_0.1","nofilter",50,4.22669523222221,0.776995339896354
"Tile","cpg_island_tile_clock",169,"Train","Elastic_net","Brain","r2_0.2","min10",1000,3.74792224012659,0.744701411050651
"Tile","cpg_island_tile_clock",169,"Validation","Elastic_net","Brain","r2_0.2","min10",1000,4.4750666511329,0.798754678467054
"Tile","cpg_island_tile_clock",170,"Train","Elastic_net","Brain","r2_0.2","min20",1000,3.71232878812362,0.613980129816904
"Tile","cpg_island_tile_clock",170,"Validation","Elastic_net","Brain","r2_0.2","min20",1000,4.54652903208804,0.737621077231568
"Tile","cpg_island_tile_clock",171,"Train","Elastic_net","Brain","r2_0.2","min5",1000,2.3215774071802,0.850183204959799
"Tile","cpg_island_tile_clock",171,"Validation","Elastic_net","Brain","r2_0.2","min5",1000,8.52270961951788,0.89611844041901
"Tile","cpg_island_tile_clock",172,"Train","Elastic_net","Brain","r2_0.2","nofilter",1000,2.3215774071802,0.850183204959799
"Tile","cpg_island_tile_clock",172,"Validation","Elastic_net","Brain","r2_0.2","nofilter",1000,8.52270961951788,0.89611844041901
"Tile","cpg_island_tile_clock",173,"Train","Elastic_net","Brain","r2_0.2","min10",100,2.49658970853902,0.866944651710654
"Tile","cpg_island_tile_clock",173,"Validation","Elastic_net","Brain","r2_0.2","min10",100,2.78869438539458,0.874335325557051
"Tile","cpg_island_tile_clock",174,"Train","Elastic_net","Brain","r2_0.2","min20",100,2.39591801051827,0.880738753836826
"Tile","cpg_island_tile_clock",174,"Validation","Elastic_net","Brain","r2_0.2","min20",100,21.6975007678947,0.628863214904706
"Tile","cpg_island_tile_clock",175,"Train","Elastic_net","Brain","r2_0.2","min5",100,2.37363062984359,0.875569457193645
"Tile","cpg_island_tile_clock",175,"Validation","Elastic_net","Brain","r2_0.2","min5",100,3.44717143803253,0.854374969154691
"Tile","cpg_island_tile_clock",176,"Train","Elastic_net","Brain","r2_0.2","nofilter",100,2.93152718027381,0.812722000876855
"Tile","cpg_island_tile_clock",176,"Validation","Elastic_net","Brain","r2_0.2","nofilter",100,4.62807227403361,0.875922484706304
"Tile","cpg_island_tile_clock",177,"Train","Elastic_net","Brain","r2_0.2","min10",2000,2.76255318560532,0.804783248217442
"Tile","cpg_island_tile_clock",177,"Validation","Elastic_net","Brain","r2_0.2","min10",2000,2.90533687250942,0.8619989631073
"Tile","cpg_island_tile_clock",178,"Train","Elastic_net","Brain","r2_0.2","min20",2000,2.84791295169567,0.765619101266415
"Tile","cpg_island_tile_clock",178,"Validation","Elastic_net","Brain","r2_0.2","min20",2000,4.16621663616867,0.737641646585191
"Tile","cpg_island_tile_clock",179,"Train","Elastic_net","Brain","r2_0.2","min5",2000,2.78096434033785,0.802519523220461
"Tile","cpg_island_tile_clock",179,"Validation","Elastic_net","Brain","r2_0.2","min5",2000,3.48344707596174,0.862516550596321
"Tile","cpg_island_tile_clock",180,"Train","Elastic_net","Brain","r2_0.2","nofilter",2000,2.78096434033785,0.802519523220461
"Tile","cpg_island_tile_clock",180,"Validation","Elastic_net","Brain","r2_0.2","nofilter",2000,3.48344707596174,0.862516550596321
"Tile","cpg_island_tile_clock",181,"Train","Elastic_net","Brain","r2_0.2","min10",25000,2.27610638941231,0.857397142039594
"Tile","cpg_island_tile_clock",181,"Validation","Elastic_net","Brain","r2_0.2","min10",25000,4.39505105278451,0.78894107137806
"Tile","cpg_island_tile_clock",182,"Train","Elastic_net","Brain","r2_0.2","min20",25000,2.48425161057191,0.857717779108047
"Tile","cpg_island_tile_clock",182,"Validation","Elastic_net","Brain","r2_0.2","min20",25000,4.78796780338307,0.534206824762545
"Tile","cpg_island_tile_clock",183,"Train","Elastic_net","Brain","r2_0.2","min5",25000,2.84994777360732,0.790372524041792
"Tile","cpg_island_tile_clock",183,"Validation","Elastic_net","Brain","r2_0.2","min5",25000,3.62425377925945,0.849864082080454
"Tile","cpg_island_tile_clock",184,"Train","Elastic_net","Brain","r2_0.2","nofilter",25000,2.84994777360732,0.790372524041792
"Tile","cpg_island_tile_clock",184,"Validation","Elastic_net","Brain","r2_0.2","nofilter",25000,3.62425377925945,0.849864082080454
"Tile","cpg_island_tile_clock",185,"Train","Elastic_net","Brain","r2_0.2","min10",5000,2.27610638941231,0.857397142039594
"Tile","cpg_island_tile_clock",185,"Validation","Elastic_net","Brain","r2_0.2","min10",5000,4.39505105278451,0.78894107137806
"Tile","cpg_island_tile_clock",186,"Train","Elastic_net","Brain","r2_0.2","min20",5000,2.48425161057191,0.857717779108047
"Tile","cpg_island_tile_clock",186,"Validation","Elastic_net","Brain","r2_0.2","min20",5000,4.78796780338307,0.534206824762545
"Tile","cpg_island_tile_clock",187,"Train","Elastic_net","Brain","r2_0.2","min5",5000,2.84994777360732,0.790372524041792
"Tile","cpg_island_tile_clock",187,"Validation","Elastic_net","Brain","r2_0.2","min5",5000,3.62425377925945,0.849864082080454
"Tile","cpg_island_tile_clock",188,"Train","Elastic_net","Brain","r2_0.2","nofilter",5000,2.84994777360732,0.790372524041792
"Tile","cpg_island_tile_clock",188,"Validation","Elastic_net","Brain","r2_0.2","nofilter",5000,3.62425377925945,0.849864082080454
"Tile","cpg_island_tile_clock",189,"Train","Elastic_net","Brain","r2_0.2","min10",500,1.63370891156385,0.918611270321199
"Tile","cpg_island_tile_clock",189,"Validation","Elastic_net","Brain","r2_0.2","min10",500,3.46756986028584,0.695087516446965
"Tile","cpg_island_tile_clock",190,"Train","Elastic_net","Brain","r2_0.2","min20",500,2.4130263834752,0.884986743490695
"Tile","cpg_island_tile_clock",190,"Validation","Elastic_net","Brain","r2_0.2","min20",500,3.94589404564934,0.701615604656483
"Tile","cpg_island_tile_clock",191,"Train","Elastic_net","Brain","r2_0.2","min5",500,1.13985954994265,0.977076799227046
"Tile","cpg_island_tile_clock",191,"Validation","Elastic_net","Brain","r2_0.2","min5",500,2.78770394312259,0.870190581862775
"Tile","cpg_island_tile_clock",192,"Train","Elastic_net","Brain","r2_0.2","nofilter",500,1.16003696679427,0.974705201880172
"Tile","cpg_island_tile_clock",192,"Validation","Elastic_net","Brain","r2_0.2","nofilter",500,2.74262132129785,0.911073255942868
"Tile","cpg_island_tile_clock",193,"Train","Elastic_net","Brain","r2_0.2","min10",50,4.59815362806091,0.517054421369342
"Tile","cpg_island_tile_clock",193,"Validation","Elastic_net","Brain","r2_0.2","min10",50,4.44042379817552,0.687230813439129
"Tile","cpg_island_tile_clock",194,"Train","Elastic_net","Brain","r2_0.2","min20",50,2.3210103677551,0.878097071173449
"Tile","cpg_island_tile_clock",194,"Validation","Elastic_net","Brain","r2_0.2","min20",50,4.61843122210763,0.643441583746179
"Tile","cpg_island_tile_clock",195,"Train","Elastic_net","Brain","r2_0.2","min5",50,5.1891948647122,0.235471767854745
"Tile","cpg_island_tile_clock",195,"Validation","Elastic_net","Brain","r2_0.2","min5",50,3.2876680854926,0.65315480438878
"Tile","cpg_island_tile_clock",196,"Train","Elastic_net","Brain","r2_0.2","nofilter",50,5.10569906718499,0.309987373411859
"Tile","cpg_island_tile_clock",196,"Validation","Elastic_net","Brain","r2_0.2","nofilter",50,3.23068744379744,0.68936921702372
"Tile","cpg_island_tile_clock",197,"Train","Elastic_net","Brain","r2_0.3","min10",1000,3.11347618824737,0.653137906294729
"Tile","cpg_island_tile_clock",197,"Validation","Elastic_net","Brain","r2_0.3","min10",1000,2.74418420346317,0.850990076841603
"Tile","cpg_island_tile_clock",198,"Train","Elastic_net","Brain","r2_0.3","min20",1000,3.22187098736508,0.637803199560956
"Tile","cpg_island_tile_clock",198,"Validation","Elastic_net","Brain","r2_0.3","min20",1000,2.9160643296317,0.855499715101056
"Tile","cpg_island_tile_clock",199,"Train","Elastic_net","Brain","r2_0.3","min5",1000,2.52089790322893,0.741562993599972
"Tile","cpg_island_tile_clock",199,"Validation","Elastic_net","Brain","r2_0.3","min5",1000,5.54208538549201,0.702333745168623
"Tile","cpg_island_tile_clock",200,"Train","Elastic_net","Brain","r2_0.3","nofilter",1000,2.52089790322893,0.741562993599972
"Tile","cpg_island_tile_clock",200,"Validation","Elastic_net","Brain","r2_0.3","nofilter",1000,5.54208538549201,0.702333745168623
"Tile","cpg_island_tile_clock",201,"Train","Elastic_net","Brain","r2_0.3","min10",100,0.253601749779608,0.995095472330364
"Tile","cpg_island_tile_clock",201,"Validation","Elastic_net","Brain","r2_0.3","min10",100,4.95733480108937,0.786888922420558
"Tile","cpg_island_tile_clock",202,"Train","Elastic_net","Brain","r2_0.3","min20",100,4.02912687062016,0.610204917942522
"Tile","cpg_island_tile_clock",202,"Validation","Elastic_net","Brain","r2_0.3","min20",100,5.32172630203965,0.618663453508051
"Tile","cpg_island_tile_clock",203,"Train","Elastic_net","Brain","r2_0.3","min5",100,3.71995880588533,0.695739738171373
"Tile","cpg_island_tile_clock",203,"Validation","Elastic_net","Brain","r2_0.3","min5",100,2.78418225044979,0.853484730641518
"Tile","cpg_island_tile_clock",204,"Train","Elastic_net","Brain","r2_0.3","nofilter",100,2.45380164727396,0.832425524368978
"Tile","cpg_island_tile_clock",204,"Validation","Elastic_net","Brain","r2_0.3","nofilter",100,5.06874248478217,0.750615404068339
"Tile","cpg_island_tile_clock",205,"Train","Elastic_net","Brain","r2_0.3","min10",2000,4.87560905675778,0.367709112652606
"Tile","cpg_island_tile_clock",205,"Validation","Elastic_net","Brain","r2_0.3","min10",2000,3.26298521649282,0.822108869377744
"Tile","cpg_island_tile_clock",206,"Train","Elastic_net","Brain","r2_0.3","min20",2000,2.97278686660125,0.627318704443428
"Tile","cpg_island_tile_clock",206,"Validation","Elastic_net","Brain","r2_0.3","min20",2000,4.21234831993027,0.853384731426931
"Tile","cpg_island_tile_clock",207,"Train","Elastic_net","Brain","r2_0.3","min5",2000,3.81415478422894,0.646652650434413
"Tile","cpg_island_tile_clock",207,"Validation","Elastic_net","Brain","r2_0.3","min5",2000,4.22223976116827,0.803819143288457
"Tile","cpg_island_tile_clock",208,"Train","Elastic_net","Brain","r2_0.3","nofilter",2000,3.81415478422894,0.646652650434413
"Tile","cpg_island_tile_clock",208,"Validation","Elastic_net","Brain","r2_0.3","nofilter",2000,4.22223976116827,0.803819143288457
"Tile","cpg_island_tile_clock",209,"Train","Elastic_net","Brain","r2_0.3","min10",25000,4.86482069389451,0.37970516551784
"Tile","cpg_island_tile_clock",209,"Validation","Elastic_net","Brain","r2_0.3","min10",25000,4.6525919319732,0.685312825889177
"Tile","cpg_island_tile_clock",210,"Train","Elastic_net","Brain","r2_0.3","min20",25000,3.45401020904825,0.577842563251518
"Tile","cpg_island_tile_clock",210,"Validation","Elastic_net","Brain","r2_0.3","min20",25000,3.05777609315245,0.743098233111584
"Tile","cpg_island_tile_clock",211,"Train","Elastic_net","Brain","r2_0.3","min5",25000,3.81415478422894,0.646652650434413
"Tile","cpg_island_tile_clock",211,"Validation","Elastic_net","Brain","r2_0.3","min5",25000,4.22223976116827,0.803819143288457
"Tile","cpg_island_tile_clock",212,"Train","Elastic_net","Brain","r2_0.3","nofilter",25000,3.81415478422894,0.646652650434413
"Tile","cpg_island_tile_clock",212,"Validation","Elastic_net","Brain","r2_0.3","nofilter",25000,4.22223976116827,0.803819143288457
"Tile","cpg_island_tile_clock",213,"Train","Elastic_net","Brain","r2_0.3","min10",5000,4.86482069389451,0.37970516551784
"Tile","cpg_island_tile_clock",213,"Validation","Elastic_net","Brain","r2_0.3","min10",5000,4.6525919319732,0.685312825889177
"Tile","cpg_island_tile_clock",214,"Train","Elastic_net","Brain","r2_0.3","min20",5000,3.45401020904825,0.577842563251518
"Tile","cpg_island_tile_clock",214,"Validation","Elastic_net","Brain","r2_0.3","min20",5000,3.05777609315245,0.743098233111584
"Tile","cpg_island_tile_clock",215,"Train","Elastic_net","Brain","r2_0.3","min5",5000,3.81415478422894,0.646652650434413
"Tile","cpg_island_tile_clock",215,"Validation","Elastic_net","Brain","r2_0.3","min5",5000,4.22223976116827,0.803819143288457
"Tile","cpg_island_tile_clock",216,"Train","Elastic_net","Brain","r2_0.3","nofilter",5000,3.81415478422894,0.646652650434413
"Tile","cpg_island_tile_clock",216,"Validation","Elastic_net","Brain","r2_0.3","nofilter",5000,4.22223976116827,0.803819143288457
"Tile","cpg_island_tile_clock",217,"Train","Elastic_net","Brain","r2_0.3","min10",500,5.06077456880316,0.204742767940862
"Tile","cpg_island_tile_clock",217,"Validation","Elastic_net","Brain","r2_0.3","min10",500,3.88116814413033,0.839421518376704
"Tile","cpg_island_tile_clock",218,"Train","Elastic_net","Brain","r2_0.3","min20",500,3.75985321771707,0.576360743545964
"Tile","cpg_island_tile_clock",218,"Validation","Elastic_net","Brain","r2_0.3","min20",500,3.13695335491458,0.702947161671091
"Tile","cpg_island_tile_clock",219,"Train","Elastic_net","Brain","r2_0.3","min5",500,4.10054112493835,0.526736742759148
"Tile","cpg_island_tile_clock",219,"Validation","Elastic_net","Brain","r2_0.3","min5",500,4.35306977941867,0.50170042510646
"Tile","cpg_island_tile_clock",220,"Train","Elastic_net","Brain","r2_0.3","nofilter",500,3.65035012832372,0.604029002977304
"Tile","cpg_island_tile_clock",220,"Validation","Elastic_net","Brain","r2_0.3","nofilter",500,4.1502228991056,0.648379048598447
"Tile","cpg_island_tile_clock",221,"Train","Elastic_net","Brain","r2_0.3","min10",50,1.79779375709109,0.964914230509025
"Tile","cpg_island_tile_clock",221,"Validation","Elastic_net","Brain","r2_0.3","min10",50,4.26923212752136,0.841560063442934
"Tile","cpg_island_tile_clock",222,"Train","Elastic_net","Brain","r2_0.3","min20",50,0.165514794537604,0.999648682954427
"Tile","cpg_island_tile_clock",222,"Validation","Elastic_net","Brain","r2_0.3","min20",50,2.63760492963082,0.7430891164574
"Tile","cpg_island_tile_clock",223,"Train","Elastic_net","Brain","r2_0.3","min5",50,0.979263934188957,0.984501626367798
"Tile","cpg_island_tile_clock",223,"Validation","Elastic_net","Brain","r2_0.3","min5",50,2.99489441558728,0.860540326758462
"Tile","cpg_island_tile_clock",224,"Train","Elastic_net","Brain","r2_0.3","nofilter",50,0.858540557755935,0.988821440261406
"Tile","cpg_island_tile_clock",224,"Validation","Elastic_net","Brain","r2_0.3","nofilter",50,3.40814448576025,0.795565005483102
"Tile","cpg_island_tile_clock",225,"Train","Elastic_net","Fin_clip_caudal","r2_0.05","min10",1000,0.150194297098757,0.999745313575704
"Tile","cpg_island_tile_clock",225,"Validation","Elastic_net","Fin_clip_caudal","r2_0.05","min10",1000,7.36192709238262,0.656473460707915
"Tile","cpg_island_tile_clock",226,"Train","Elastic_net","Fin_clip_caudal","r2_0.05","min20",1000,1.65786702964044,0.938091662893277
"Tile","cpg_island_tile_clock",226,"Validation","Elastic_net","Fin_clip_caudal","r2_0.05","min20",1000,7.97887656258292,0.548382304222535
"Tile","cpg_island_tile_clock",227,"Train","Elastic_net","Fin_clip_caudal","r2_0.05","min5",1000,2.72986175614786,0.884193491270818
"Tile","cpg_island_tile_clock",227,"Validation","Elastic_net","Fin_clip_caudal","r2_0.05","min5",1000,7.88334881269667,0.618374400788256
"Tile","cpg_island_tile_clock",228,"Train","Elastic_net","Fin_clip_caudal","r2_0.05","nofilter",1000,3.20557776075269,0.836792495894798
"Tile","cpg_island_tile_clock",228,"Validation","Elastic_net","Fin_clip_caudal","r2_0.05","nofilter",1000,7.72471418596752,0.684034839397863
"Tile","cpg_island_tile_clock",229,"Train","Elastic_net","Fin_clip_caudal","r2_0.05","min10",100,0.158139446665637,0.99975149423327
"Tile","cpg_island_tile_clock",229,"Validation","Elastic_net","Fin_clip_caudal","r2_0.05","min10",100,7.77374993846187,0.448728274819569
"Tile","cpg_island_tile_clock",230,"Train","Elastic_net","Fin_clip_caudal","r2_0.05","min20",100,0.162750797542632,0.999754287609626
"Tile","cpg_island_tile_clock",230,"Validation","Elastic_net","Fin_clip_caudal","r2_0.05","min20",100,4.54135711460844,0.460341264704897
"Tile","cpg_island_tile_clock",231,"Train","Elastic_net","Fin_clip_caudal","r2_0.05","min5",100,2.87295718671172,0.911831267437047
"Tile","cpg_island_tile_clock",231,"Validation","Elastic_net","Fin_clip_caudal","r2_0.05","min5",100,3.91582578704581,0.599440884701074
"Tile","cpg_island_tile_clock",232,"Train","Elastic_net","Fin_clip_caudal","r2_0.05","nofilter",100,1.93525910204876,0.970099851988568
"Tile","cpg_island_tile_clock",232,"Validation","Elastic_net","Fin_clip_caudal","r2_0.05","nofilter",100,6.51413283792956,0.442090570529381
"Tile","cpg_island_tile_clock",233,"Train","Elastic_net","Fin_clip_caudal","r2_0.05","min10",2000,1.14380404340517,0.978436118985249
"Tile","cpg_island_tile_clock",233,"Validation","Elastic_net","Fin_clip_caudal","r2_0.05","min10",2000,9.63420558504477,0.686993351214041
"Tile","cpg_island_tile_clock",234,"Train","Elastic_net","Fin_clip_caudal","r2_0.05","min20",2000,0.146322495681811,0.999693562086308
"Tile","cpg_island_tile_clock",234,"Validation","Elastic_net","Fin_clip_caudal","r2_0.05","min20",2000,8.34421923470326,0.686331862276777
"Tile","cpg_island_tile_clock",235,"Train","Elastic_net","Fin_clip_caudal","r2_0.05","min5",2000,0.151752811721874,0.999681473864283
"Tile","cpg_island_tile_clock",235,"Validation","Elastic_net","Fin_clip_caudal","r2_0.05","min5",2000,3.8097219906465,0.578763878418182
"Tile","cpg_island_tile_clock",236,"Train","Elastic_net","Fin_clip_caudal","r2_0.05","nofilter",2000,2.50242395514266,0.918914108572236
"Tile","cpg_island_tile_clock",236,"Validation","Elastic_net","Fin_clip_caudal","r2_0.05","nofilter",2000,7.33285756885353,0.483921329101963
"Tile","cpg_island_tile_clock",237,"Train","Elastic_net","Fin_clip_caudal","r2_0.05","min10",25000,1.72537125433102,0.952239356603228
"Tile","cpg_island_tile_clock",237,"Validation","Elastic_net","Fin_clip_caudal","r2_0.05","min10",25000,6.17266584429978,0.492641257163145
"Tile","cpg_island_tile_clock",238,"Train","Elastic_net","Fin_clip_caudal","r2_0.05","min20",25000,0.157594304193081,0.999574607035396
"Tile","cpg_island_tile_clock",238,"Validation","Elastic_net","Fin_clip_caudal","r2_0.05","min20",25000,9.14357445011295,0.726938137188524
"Tile","cpg_island_tile_clock",239,"Train","Elastic_net","Fin_clip_caudal","r2_0.05","min5",25000,0.156688760702655,0.999729959524804
"Tile","cpg_island_tile_clock",239,"Validation","Elastic_net","Fin_clip_caudal","r2_0.05","min5",25000,7.05270627221909,0.644302887379946
"Tile","cpg_island_tile_clock",240,"Train","Elastic_net","Fin_clip_caudal","r2_0.05","nofilter",25000,0.515374486876574,0.996810460770323
"Tile","cpg_island_tile_clock",240,"Validation","Elastic_net","Fin_clip_caudal","r2_0.05","nofilter",25000,3.53750496020565,0.50250757607197
"Tile","cpg_island_tile_clock",241,"Train","Elastic_net","Fin_clip_caudal","r2_0.05","min10",5000,1.72537125433102,0.952239356603228
"Tile","cpg_island_tile_clock",241,"Validation","Elastic_net","Fin_clip_caudal","r2_0.05","min10",5000,6.17266584429978,0.492641257163145
"Tile","cpg_island_tile_clock",242,"Train","Elastic_net","Fin_clip_caudal","r2_0.05","min20",5000,0.157594304193081,0.999574607035396
"Tile","cpg_island_tile_clock",242,"Validation","Elastic_net","Fin_clip_caudal","r2_0.05","min20",5000,9.14357445011295,0.726938137188524
"Tile","cpg_island_tile_clock",243,"Train","Elastic_net","Fin_clip_caudal","r2_0.05","min5",5000,0.156688760702655,0.999729959524804
"Tile","cpg_island_tile_clock",243,"Validation","Elastic_net","Fin_clip_caudal","r2_0.05","min5",5000,7.05270627221909,0.644302887379946
"Tile","cpg_island_tile_clock",244,"Train","Elastic_net","Fin_clip_caudal","r2_0.05","nofilter",5000,0.515374486876574,0.996810460770323
"Tile","cpg_island_tile_clock",244,"Validation","Elastic_net","Fin_clip_caudal","r2_0.05","nofilter",5000,3.53750496020565,0.50250757607197
"Tile","cpg_island_tile_clock",245,"Train","Elastic_net","Fin_clip_caudal","r2_0.05","min10",500,0.143825333116984,0.999754129970753
"Tile","cpg_island_tile_clock",245,"Validation","Elastic_net","Fin_clip_caudal","r2_0.05","min10",500,10.5493019133043,0.633625975523877
"Tile","cpg_island_tile_clock",246,"Train","Elastic_net","Fin_clip_caudal","r2_0.05","min20",500,2.02403781518172,0.919491338558895
"Tile","cpg_island_tile_clock",246,"Validation","Elastic_net","Fin_clip_caudal","r2_0.05","min20",500,9.85269145108683,0.452439364834598
"Tile","cpg_island_tile_clock",247,"Train","Elastic_net","Fin_clip_caudal","r2_0.05","min5",500,1.3012021097154,0.970652222075895
"Tile","cpg_island_tile_clock",247,"Validation","Elastic_net","Fin_clip_caudal","r2_0.05","min5",500,4.03653171757029,0.578767897130479
"Tile","cpg_island_tile_clock",248,"Train","Elastic_net","Fin_clip_caudal","r2_0.05","nofilter",500,1.69577520597272,0.945051213343217
"Tile","cpg_island_tile_clock",248,"Validation","Elastic_net","Fin_clip_caudal","r2_0.05","nofilter",500,5.80223669049111,0.502809016811114
"Tile","cpg_island_tile_clock",249,"Train","Elastic_net","Fin_clip_caudal","r2_0.05","min10",50,0.156640940275714,0.999833672432671
"Tile","cpg_island_tile_clock",249,"Validation","Elastic_net","Fin_clip_caudal","r2_0.05","min10",50,7.28601834858344,0.751774724304116
"Tile","cpg_island_tile_clock",250,"Train","Elastic_net","Fin_clip_caudal","r2_0.05","min20",50,0.149388835390801,0.999810254537498
"Tile","cpg_island_tile_clock",250,"Validation","Elastic_net","Fin_clip_caudal","r2_0.05","min20",50,8.8255403595945,0.527396328886461
"Tile","cpg_island_tile_clock",251,"Train","Elastic_net","Fin_clip_caudal","r2_0.05","min5",50,1.81609228788211,0.969901117066239
"Tile","cpg_island_tile_clock",251,"Validation","Elastic_net","Fin_clip_caudal","r2_0.05","min5",50,8.64589852083079,0.528384769631335
"Tile","cpg_island_tile_clock",252,"Train","Elastic_net","Fin_clip_caudal","r2_0.05","nofilter",50,0.156128977855851,0.999805090054981
"Tile","cpg_island_tile_clock",252,"Validation","Elastic_net","Fin_clip_caudal","r2_0.05","nofilter",50,4.14061783430771,0.53505993994987
"Tile","cpg_island_tile_clock",253,"Train","Elastic_net","Fin_clip_caudal","r2_0.1","min10",1000,0.153143550701863,0.99958933499815
"Tile","cpg_island_tile_clock",253,"Validation","Elastic_net","Fin_clip_caudal","r2_0.1","min10",1000,9.23706000975046,0.774622268645493
"Tile","cpg_island_tile_clock",254,"Train","Elastic_net","Fin_clip_caudal","r2_0.1","min20",1000,1.11247117965975,0.971711579314665
"Tile","cpg_island_tile_clock",254,"Validation","Elastic_net","Fin_clip_caudal","r2_0.1","min20",1000,6.90669089947327,0.546299484064342
"Tile","cpg_island_tile_clock",255,"Train","Elastic_net","Fin_clip_caudal","r2_0.1","min5",1000,0.15358097862567,0.999652163719875
"Tile","cpg_island_tile_clock",255,"Validation","Elastic_net","Fin_clip_caudal","r2_0.1","min5",1000,8.65911526900905,0.682570040871988
"Tile","cpg_island_tile_clock",256,"Train","Elastic_net","Fin_clip_caudal","r2_0.1","nofilter",1000,0.155040596133251,0.999682058383368
"Tile","cpg_island_tile_clock",256,"Validation","Elastic_net","Fin_clip_caudal","r2_0.1","nofilter",1000,9.21078443547178,0.644973394227748
"Tile","cpg_island_tile_clock",257,"Train","Elastic_net","Fin_clip_caudal","r2_0.1","min10",100,0.154495365044926,0.999855267983202
"Tile","cpg_island_tile_clock",257,"Validation","Elastic_net","Fin_clip_caudal","r2_0.1","min10",100,7.57627735233786,0.582855291952376
"Tile","cpg_island_tile_clock",258,"Train","Elastic_net","Fin_clip_caudal","r2_0.1","min20",100,0.426531954876151,0.997604260445925
"Tile","cpg_island_tile_clock",258,"Validation","Elastic_net","Fin_clip_caudal","r2_0.1","min20",100,8.15352871981925,0.557390191221097
"Tile","cpg_island_tile_clock",259,"Train","Elastic_net","Fin_clip_caudal","r2_0.1","min5",100,1.48720178067,0.971395189569129
"Tile","cpg_island_tile_clock",259,"Validation","Elastic_net","Fin_clip_caudal","r2_0.1","min5",100,8.90430141008715,0.573202888658833
"Tile","cpg_island_tile_clock",260,"Train","Elastic_net","Fin_clip_caudal","r2_0.1","nofilter",100,0.14483378945877,0.999752602774924
"Tile","cpg_island_tile_clock",260,"Validation","Elastic_net","Fin_clip_caudal","r2_0.1","nofilter",100,8.57129088889242,0.578061069516655
"Tile","cpg_island_tile_clock",261,"Train","Elastic_net","Fin_clip_caudal","r2_0.1","min10",2000,0.149634493414891,0.99958174029517
"Tile","cpg_island_tile_clock",261,"Validation","Elastic_net","Fin_clip_caudal","r2_0.1","min10",2000,9.24522732052439,0.607077947829172
"Tile","cpg_island_tile_clock",262,"Train","Elastic_net","Fin_clip_caudal","r2_0.1","min20",2000,0.154115730711231,0.999459980753012
"Tile","cpg_island_tile_clock",262,"Validation","Elastic_net","Fin_clip_caudal","r2_0.1","min20",2000,8.45494241157808,0.641082299039303
"Tile","cpg_island_tile_clock",263,"Train","Elastic_net","Fin_clip_caudal","r2_0.1","min5",2000,0.175631760497261,0.999586913178402
"Tile","cpg_island_tile_clock",263,"Validation","Elastic_net","Fin_clip_caudal","r2_0.1","min5",2000,8.13693564225807,0.662361330097898
"Tile","cpg_island_tile_clock",264,"Train","Elastic_net","Fin_clip_caudal","r2_0.1","nofilter",2000,0.152334165704733,0.999694478227921
"Tile","cpg_island_tile_clock",264,"Validation","Elastic_net","Fin_clip_caudal","r2_0.1","nofilter",2000,9.17151739031909,0.59870941303832
"Tile","cpg_island_tile_clock",265,"Train","Elastic_net","Fin_clip_caudal","r2_0.1","min10",25000,0.148381493008256,0.99964067031121
"Tile","cpg_island_tile_clock",265,"Validation","Elastic_net","Fin_clip_caudal","r2_0.1","min10",25000,8.35584322557961,0.714797969170448
"Tile","cpg_island_tile_clock",266,"Train","Elastic_net","Fin_clip_caudal","r2_0.1","min20",25000,0.738041198121079,0.987817620758799
"Tile","cpg_island_tile_clock",266,"Validation","Elastic_net","Fin_clip_caudal","r2_0.1","min20",25000,7.08361595683481,0.742210137636621
"Tile","cpg_island_tile_clock",267,"Train","Elastic_net","Fin_clip_caudal","r2_0.1","min5",25000,0.157725380866628,0.999665291182556
"Tile","cpg_island_tile_clock",267,"Validation","Elastic_net","Fin_clip_caudal","r2_0.1","min5",25000,3.42165652888943,0.580215006423673
"Tile","cpg_island_tile_clock",268,"Train","Elastic_net","Fin_clip_caudal","r2_0.1","nofilter",25000,0.159283251735824,0.999673169114268
"Tile","cpg_island_tile_clock",268,"Validation","Elastic_net","Fin_clip_caudal","r2_0.1","nofilter",25000,7.06550286402961,0.558408183470971
"Tile","cpg_island_tile_clock",269,"Train","Elastic_net","Fin_clip_caudal","r2_0.1","min10",5000,0.148381493008256,0.99964067031121
"Tile","cpg_island_tile_clock",269,"Validation","Elastic_net","Fin_clip_caudal","r2_0.1","min10",5000,8.35584322557961,0.714797969170448
"Tile","cpg_island_tile_clock",270,"Train","Elastic_net","Fin_clip_caudal","r2_0.1","min20",5000,0.738041198121079,0.987817620758799
"Tile","cpg_island_tile_clock",270,"Validation","Elastic_net","Fin_clip_caudal","r2_0.1","min20",5000,7.08361595683481,0.742210137636621
"Tile","cpg_island_tile_clock",271,"Train","Elastic_net","Fin_clip_caudal","r2_0.1","min5",5000,0.157725380866628,0.999665291182556
"Tile","cpg_island_tile_clock",271,"Validation","Elastic_net","Fin_clip_caudal","r2_0.1","min5",5000,3.42165652888943,0.580215006423673
"Tile","cpg_island_tile_clock",272,"Train","Elastic_net","Fin_clip_caudal","r2_0.1","nofilter",5000,0.159283251735824,0.999673169114268
"Tile","cpg_island_tile_clock",272,"Validation","Elastic_net","Fin_clip_caudal","r2_0.1","nofilter",5000,7.06550286402961,0.558408183470971
"Tile","cpg_island_tile_clock",273,"Train","Elastic_net","Fin_clip_caudal","r2_0.1","min10",500,1.32449482960891,0.977665023986183
"Tile","cpg_island_tile_clock",273,"Validation","Elastic_net","Fin_clip_caudal","r2_0.1","min10",500,7.71964593246773,0.52110488384701
"Tile","cpg_island_tile_clock",274,"Train","Elastic_net","Fin_clip_caudal","r2_0.1","min20",500,0.82525986217524,0.976920827759152
"Tile","cpg_island_tile_clock",274,"Validation","Elastic_net","Fin_clip_caudal","r2_0.1","min20",500,6.72545838709832,0.800234533319378
"Tile","cpg_island_tile_clock",275,"Train","Elastic_net","Fin_clip_caudal","r2_0.1","min5",500,0.15226663654944,0.999626766184525
"Tile","cpg_island_tile_clock",275,"Validation","Elastic_net","Fin_clip_caudal","r2_0.1","min5",500,9.25280433036152,0.618290303926302
"Tile","cpg_island_tile_clock",276,"Train","Elastic_net","Fin_clip_caudal","r2_0.1","nofilter",500,0.149132644030796,0.999606445679966
"Tile","cpg_island_tile_clock",276,"Validation","Elastic_net","Fin_clip_caudal","r2_0.1","nofilter",500,4.33066335006331,0.593257342829303
"Tile","cpg_island_tile_clock",277,"Train","Elastic_net","Fin_clip_caudal","r2_0.1","min10",50,0.150390599542123,0.999859757095902
"Tile","cpg_island_tile_clock",277,"Validation","Elastic_net","Fin_clip_caudal","r2_0.1","min10",50,8.76059440622021,0.557427876230108
"Tile","cpg_island_tile_clock",278,"Train","Elastic_net","Fin_clip_caudal","r2_0.1","min20",50,0.151522071244239,0.999744398982625
"Tile","cpg_island_tile_clock",278,"Validation","Elastic_net","Fin_clip_caudal","r2_0.1","min20",50,7.31849234436235,0.423537765562098
"Tile","cpg_island_tile_clock",279,"Train","Elastic_net","Fin_clip_caudal","r2_0.1","min5",50,0.151435776406537,0.99978567929613
"Tile","cpg_island_tile_clock",279,"Validation","Elastic_net","Fin_clip_caudal","r2_0.1","min5",50,8.51546458822436,0.681283965317004
"Tile","cpg_island_tile_clock",280,"Train","Elastic_net","Fin_clip_caudal","r2_0.1","nofilter",50,0.149196723540165,0.999866908617606
"Tile","cpg_island_tile_clock",280,"Validation","Elastic_net","Fin_clip_caudal","r2_0.1","nofilter",50,8.54043783390419,0.490819013737219
"Tile","cpg_island_tile_clock",281,"Train","Elastic_net","Fin_clip_caudal","r2_0.2","min10",1000,1.17694934041075,0.948680346552155
"Tile","cpg_island_tile_clock",281,"Validation","Elastic_net","Fin_clip_caudal","r2_0.2","min10",1000,8.26431161245074,0.819687080526002
"Tile","cpg_island_tile_clock",282,"Train","Elastic_net","Fin_clip_caudal","r2_0.2","min20",1000,2.15968608080192,0.896774756321613
"Tile","cpg_island_tile_clock",282,"Validation","Elastic_net","Fin_clip_caudal","r2_0.2","min20",1000,7.35954931793874,0.533013205214414
"Tile","cpg_island_tile_clock",283,"Train","Elastic_net","Fin_clip_caudal","r2_0.2","min5",1000,1.82208005574113,0.924193298432578
"Tile","cpg_island_tile_clock",283,"Validation","Elastic_net","Fin_clip_caudal","r2_0.2","min5",1000,7.2988701182404,0.631708898123723
"Tile","cpg_island_tile_clock",284,"Train","Elastic_net","Fin_clip_caudal","r2_0.2","nofilter",1000,1.82208005574113,0.924193298432578
"Tile","cpg_island_tile_clock",284,"Validation","Elastic_net","Fin_clip_caudal","r2_0.2","nofilter",1000,7.2988701182404,0.631708898123723
"Tile","cpg_island_tile_clock",285,"Train","Elastic_net","Fin_clip_caudal","r2_0.2","min10",100,0.156949676415833,0.999618892876297
"Tile","cpg_island_tile_clock",285,"Validation","Elastic_net","Fin_clip_caudal","r2_0.2","min10",100,9.23562166330288,0.71777072146017
"Tile","cpg_island_tile_clock",286,"Train","Elastic_net","Fin_clip_caudal","r2_0.2","min20",100,1.13046739791283,0.878391191689545
"Tile","cpg_island_tile_clock",286,"Validation","Elastic_net","Fin_clip_caudal","r2_0.2","min20",100,8.38368831352786,0.589467187186149
"Tile","cpg_island_tile_clock",287,"Train","Elastic_net","Fin_clip_caudal","r2_0.2","min5",100,0.418021549410706,0.995402607122119
"Tile","cpg_island_tile_clock",287,"Validation","Elastic_net","Fin_clip_caudal","r2_0.2","min5",100,9.20073380221533,0.587778646974815
"Tile","cpg_island_tile_clock",288,"Train","Elastic_net","Fin_clip_caudal","r2_0.2","nofilter",100,0.454947307785127,0.994726237898438
"Tile","cpg_island_tile_clock",288,"Validation","Elastic_net","Fin_clip_caudal","r2_0.2","nofilter",100,9.0892059992951,0.564995062736676
"Tile","cpg_island_tile_clock",289,"Train","Elastic_net","Fin_clip_caudal","r2_0.2","min10",2000,1.28178848414525,0.950871707393493
"Tile","cpg_island_tile_clock",289,"Validation","Elastic_net","Fin_clip_caudal","r2_0.2","min10",2000,8.83293150380221,0.591168680608922
"Tile","cpg_island_tile_clock",290,"Train","Elastic_net","Fin_clip_caudal","r2_0.2","min20",2000,2.04446083935416,0.885754857508138
"Tile","cpg_island_tile_clock",290,"Validation","Elastic_net","Fin_clip_caudal","r2_0.2","min20",2000,8.88625246673872,0.466094478601779
"Tile","cpg_island_tile_clock",291,"Train","Elastic_net","Fin_clip_caudal","r2_0.2","min5",2000,2.03845165870069,0.908383841312909
"Tile","cpg_island_tile_clock",291,"Validation","Elastic_net","Fin_clip_caudal","r2_0.2","min5",2000,9.77690810216805,0.61010398128818
"Tile","cpg_island_tile_clock",292,"Train","Elastic_net","Fin_clip_caudal","r2_0.2","nofilter",2000,2.03845165870069,0.908383841312909
"Tile","cpg_island_tile_clock",292,"Validation","Elastic_net","Fin_clip_caudal","r2_0.2","nofilter",2000,9.77690810216805,0.61010398128818
"Tile","cpg_island_tile_clock",293,"Train","Elastic_net","Fin_clip_caudal","r2_0.2","min10",25000,1.91333004942499,0.911741448993709
"Tile","cpg_island_tile_clock",293,"Validation","Elastic_net","Fin_clip_caudal","r2_0.2","min10",25000,8.74628687918872,0.699379960451748
"Tile","cpg_island_tile_clock",294,"Train","Elastic_net","Fin_clip_caudal","r2_0.2","min20",25000,2.04446083935416,0.885754857508138
"Tile","cpg_island_tile_clock",294,"Validation","Elastic_net","Fin_clip_caudal","r2_0.2","min20",25000,8.88625246673872,0.466094478601779
"Tile","cpg_island_tile_clock",295,"Train","Elastic_net","Fin_clip_caudal","r2_0.2","min5",25000,2.26571735521329,0.884904074296284
"Tile","cpg_island_tile_clock",295,"Validation","Elastic_net","Fin_clip_caudal","r2_0.2","min5",25000,10.7273076668078,0.524795168126024
"Tile","cpg_island_tile_clock",296,"Train","Elastic_net","Fin_clip_caudal","r2_0.2","nofilter",25000,2.26571735521329,0.884904074296284
"Tile","cpg_island_tile_clock",296,"Validation","Elastic_net","Fin_clip_caudal","r2_0.2","nofilter",25000,10.7273076668078,0.524795168126024
"Tile","cpg_island_tile_clock",297,"Train","Elastic_net","Fin_clip_caudal","r2_0.2","min10",5000,1.91333004942499,0.911741448993709
"Tile","cpg_island_tile_clock",297,"Validation","Elastic_net","Fin_clip_caudal","r2_0.2","min10",5000,8.74628687918872,0.699379960451748
"Tile","cpg_island_tile_clock",298,"Train","Elastic_net","Fin_clip_caudal","r2_0.2","min20",5000,2.04446083935416,0.885754857508138
"Tile","cpg_island_tile_clock",298,"Validation","Elastic_net","Fin_clip_caudal","r2_0.2","min20",5000,8.88625246673872,0.466094478601779
"Tile","cpg_island_tile_clock",299,"Train","Elastic_net","Fin_clip_caudal","r2_0.2","min5",5000,2.26571735521329,0.884904074296284
"Tile","cpg_island_tile_clock",299,"Validation","Elastic_net","Fin_clip_caudal","r2_0.2","min5",5000,10.7273076668078,0.524795168126024
"Tile","cpg_island_tile_clock",300,"Train","Elastic_net","Fin_clip_caudal","r2_0.2","nofilter",5000,2.26571735521329,0.884904074296284
"Tile","cpg_island_tile_clock",300,"Validation","Elastic_net","Fin_clip_caudal","r2_0.2","nofilter",5000,10.7273076668078,0.524795168126024
"Tile","cpg_island_tile_clock",301,"Train","Elastic_net","Fin_clip_caudal","r2_0.2","min10",500,0.793915316583913,0.986032035141151
"Tile","cpg_island_tile_clock",301,"Validation","Elastic_net","Fin_clip_caudal","r2_0.2","min10",500,10.0950037686325,0.684439742150323
"Tile","cpg_island_tile_clock",302,"Train","Elastic_net","Fin_clip_caudal","r2_0.2","min20",500,1.10972771945063,0.967593036112391
"Tile","cpg_island_tile_clock",302,"Validation","Elastic_net","Fin_clip_caudal","r2_0.2","min20",500,10.2856697211234,0.479289338824636
"Tile","cpg_island_tile_clock",303,"Train","Elastic_net","Fin_clip_caudal","r2_0.2","min5",500,2.54269564595966,0.836820042150682
"Tile","cpg_island_tile_clock",303,"Validation","Elastic_net","Fin_clip_caudal","r2_0.2","min5",500,8.36006774782703,0.75579069006231
"Tile","cpg_island_tile_clock",304,"Train","Elastic_net","Fin_clip_caudal","r2_0.2","nofilter",500,2.54269564595966,0.836820042150682
"Tile","cpg_island_tile_clock",304,"Validation","Elastic_net","Fin_clip_caudal","r2_0.2","nofilter",500,8.36006774782703,0.75579069006231
"Tile","cpg_island_tile_clock",305,"Train","Elastic_net","Fin_clip_caudal","r2_0.2","min10",50,0.543798154017048,0.990183617460551
"Tile","cpg_island_tile_clock",305,"Validation","Elastic_net","Fin_clip_caudal","r2_0.2","min10",50,9.14415432795539,0.66259121653446
"Tile","cpg_island_tile_clock",306,"Train","Elastic_net","Fin_clip_caudal","r2_0.2","min20",50,1.06996461384196,0.975924104058503
"Tile","cpg_island_tile_clock",306,"Validation","Elastic_net","Fin_clip_caudal","r2_0.2","min20",50,8.48705533374751,0.660540914439111
"Tile","cpg_island_tile_clock",307,"Train","Elastic_net","Fin_clip_caudal","r2_0.2","min5",50,0.342319232331285,0.997956686784672
"Tile","cpg_island_tile_clock",307,"Validation","Elastic_net","Fin_clip_caudal","r2_0.2","min5",50,7.65304631798288,0.667038394327865
"Tile","cpg_island_tile_clock",308,"Train","Elastic_net","Fin_clip_caudal","r2_0.2","nofilter",50,0.149905348905804,0.999549066965104
"Tile","cpg_island_tile_clock",308,"Validation","Elastic_net","Fin_clip_caudal","r2_0.2","nofilter",50,9.85721014926399,0.611456757302787
"Tile","cpg_island_tile_clock",309,"Train","Elastic_net","Fin_clip_caudal","r2_0.3","min10",1000,2.75519623057353,0.783677806153322
"Tile","cpg_island_tile_clock",309,"Validation","Elastic_net","Fin_clip_caudal","r2_0.3","min10",1000,3.54951216359829,0.704174395815591
"Tile","cpg_island_tile_clock",310,"Train","Elastic_net","Fin_clip_caudal","r2_0.3","min20",1000,2.66978937191202,0.803806839920377
"Tile","cpg_island_tile_clock",310,"Validation","Elastic_net","Fin_clip_caudal","r2_0.3","min20",1000,3.28950150917765,0.649683396241712
"Tile","cpg_island_tile_clock",311,"Train","Elastic_net","Fin_clip_caudal","r2_0.3","min5",1000,3.7077541354224,0.651135742883872
"Tile","cpg_island_tile_clock",311,"Validation","Elastic_net","Fin_clip_caudal","r2_0.3","min5",1000,4.9716036343695,0.681613620527434
"Tile","cpg_island_tile_clock",312,"Train","Elastic_net","Fin_clip_caudal","r2_0.3","nofilter",1000,3.7077541354224,0.651135742883872
"Tile","cpg_island_tile_clock",312,"Validation","Elastic_net","Fin_clip_caudal","r2_0.3","nofilter",1000,4.9716036343695,0.681613620527434
"Tile","cpg_island_tile_clock",313,"Train","Elastic_net","Fin_clip_caudal","r2_0.3","min10",100,1.38640186074691,0.954726832953908
"Tile","cpg_island_tile_clock",313,"Validation","Elastic_net","Fin_clip_caudal","r2_0.3","min10",100,3.08024381694306,0.641496154290939
"Tile","cpg_island_tile_clock",314,"Train","Elastic_net","Fin_clip_caudal","r2_0.3","min20",100,3.23594537752161,0.630439398836168
"Tile","cpg_island_tile_clock",314,"Validation","Elastic_net","Fin_clip_caudal","r2_0.3","min20",100,3.64212982388671,0.485928911029407
"Tile","cpg_island_tile_clock",315,"Train","Elastic_net","Fin_clip_caudal","r2_0.3","min5",100,1.49167052077724,0.952300964938307
"Tile","cpg_island_tile_clock",315,"Validation","Elastic_net","Fin_clip_caudal","r2_0.3","min5",100,7.83371720739866,0.717002597558446
"Tile","cpg_island_tile_clock",316,"Train","Elastic_net","Fin_clip_caudal","r2_0.3","nofilter",100,1.20215970443398,0.964522183646724
"Tile","cpg_island_tile_clock",316,"Validation","Elastic_net","Fin_clip_caudal","r2_0.3","nofilter",100,10.0709414689293,0.657168039442481
"Tile","cpg_island_tile_clock",317,"Train","Elastic_net","Fin_clip_caudal","r2_0.3","min10",2000,2.29387309100022,0.85338956762449
"Tile","cpg_island_tile_clock",317,"Validation","Elastic_net","Fin_clip_caudal","r2_0.3","min10",2000,3.04113193434695,0.832556716541343
"Tile","cpg_island_tile_clock",318,"Train","Elastic_net","Fin_clip_caudal","r2_0.3","min20",2000,2.57120284165928,0.807502708865944
"Tile","cpg_island_tile_clock",318,"Validation","Elastic_net","Fin_clip_caudal","r2_0.3","min20",2000,8.16117840543066,0.59677377366799
"Tile","cpg_island_tile_clock",319,"Train","Elastic_net","Fin_clip_caudal","r2_0.3","min5",2000,3.71541569038036,0.634328276670108
"Tile","cpg_island_tile_clock",319,"Validation","Elastic_net","Fin_clip_caudal","r2_0.3","min5",2000,4.54698240165273,0.7239623615951
"Tile","cpg_island_tile_clock",320,"Train","Elastic_net","Fin_clip_caudal","r2_0.3","nofilter",2000,3.71541569038036,0.634328276670108
"Tile","cpg_island_tile_clock",320,"Validation","Elastic_net","Fin_clip_caudal","r2_0.3","nofilter",2000,4.54698240165273,0.7239623615951
"Tile","cpg_island_tile_clock",321,"Train","Elastic_net","Fin_clip_caudal","r2_0.3","min10",25000,2.29387309100022,0.85338956762449
"Tile","cpg_island_tile_clock",321,"Validation","Elastic_net","Fin_clip_caudal","r2_0.3","min10",25000,3.04113193434695,0.832556716541343
"Tile","cpg_island_tile_clock",322,"Train","Elastic_net","Fin_clip_caudal","r2_0.3","min20",25000,2.57120284165928,0.807502708865944
"Tile","cpg_island_tile_clock",322,"Validation","Elastic_net","Fin_clip_caudal","r2_0.3","min20",25000,8.16117840543066,0.59677377366799
"Tile","cpg_island_tile_clock",323,"Train","Elastic_net","Fin_clip_caudal","r2_0.3","min5",25000,1.56226700723641,0.904768547360045
"Tile","cpg_island_tile_clock",323,"Validation","Elastic_net","Fin_clip_caudal","r2_0.3","min5",25000,4.61943399488167,0.655598879916136
"Tile","cpg_island_tile_clock",324,"Train","Elastic_net","Fin_clip_caudal","r2_0.3","nofilter",25000,1.56226700723641,0.904768547360045
"Tile","cpg_island_tile_clock",324,"Validation","Elastic_net","Fin_clip_caudal","r2_0.3","nofilter",25000,4.61943399488167,0.655598879916136
"Tile","cpg_island_tile_clock",325,"Train","Elastic_net","Fin_clip_caudal","r2_0.3","min10",5000,2.29387309100022,0.85338956762449
"Tile","cpg_island_tile_clock",325,"Validation","Elastic_net","Fin_clip_caudal","r2_0.3","min10",5000,3.04113193434695,0.832556716541343
"Tile","cpg_island_tile_clock",326,"Train","Elastic_net","Fin_clip_caudal","r2_0.3","min20",5000,2.57120284165928,0.807502708865944
"Tile","cpg_island_tile_clock",326,"Validation","Elastic_net","Fin_clip_caudal","r2_0.3","min20",5000,8.16117840543066,0.59677377366799
"Tile","cpg_island_tile_clock",327,"Train","Elastic_net","Fin_clip_caudal","r2_0.3","min5",5000,1.56226700723641,0.904768547360045
"Tile","cpg_island_tile_clock",327,"Validation","Elastic_net","Fin_clip_caudal","r2_0.3","min5",5000,4.61943399488167,0.655598879916136
"Tile","cpg_island_tile_clock",328,"Train","Elastic_net","Fin_clip_caudal","r2_0.3","nofilter",5000,1.56226700723641,0.904768547360045
"Tile","cpg_island_tile_clock",328,"Validation","Elastic_net","Fin_clip_caudal","r2_0.3","nofilter",5000,4.61943399488167,0.655598879916136
"Tile","cpg_island_tile_clock",329,"Train","Elastic_net","Fin_clip_caudal","r2_0.3","min10",500,3.15664481652241,0.653850885530225
"Tile","cpg_island_tile_clock",329,"Validation","Elastic_net","Fin_clip_caudal","r2_0.3","min10",500,3.70907241701779,0.746389995083938
"Tile","cpg_island_tile_clock",330,"Train","Elastic_net","Fin_clip_caudal","r2_0.3","min20",500,1.66681985613898,0.889712895697951
"Tile","cpg_island_tile_clock",330,"Validation","Elastic_net","Fin_clip_caudal","r2_0.3","min20",500,9.16222409387675,0.555137577547506
"Tile","cpg_island_tile_clock",331,"Train","Elastic_net","Fin_clip_caudal","r2_0.3","min5",500,2.35956757871742,0.837544914913487
"Tile","cpg_island_tile_clock",331,"Validation","Elastic_net","Fin_clip_caudal","r2_0.3","min5",500,7.38831181261094,0.766958874799143
"Tile","cpg_island_tile_clock",332,"Train","Elastic_net","Fin_clip_caudal","r2_0.3","nofilter",500,2.35956757871742,0.837544914913487
"Tile","cpg_island_tile_clock",332,"Validation","Elastic_net","Fin_clip_caudal","r2_0.3","nofilter",500,7.38831181261094,0.766958874799143
"Tile","cpg_island_tile_clock",333,"Train","Elastic_net","Fin_clip_caudal","r2_0.3","min10",50,2.48952161753986,0.734875535432814
"Tile","cpg_island_tile_clock",333,"Validation","Elastic_net","Fin_clip_caudal","r2_0.3","min10",50,6.49016068727369,0.473811813378687
"Tile","cpg_island_tile_clock",334,"Train","Elastic_net","Fin_clip_caudal","r2_0.3","min20",50,1.62162716599729,0.919897694702161
"Tile","cpg_island_tile_clock",334,"Validation","Elastic_net","Fin_clip_caudal","r2_0.3","min20",50,6.60489875168774,0.559701283998178
"Tile","cpg_island_tile_clock",335,"Train","Elastic_net","Fin_clip_caudal","r2_0.3","min5",50,0.95499748262467,0.975833944944927
"Tile","cpg_island_tile_clock",335,"Validation","Elastic_net","Fin_clip_caudal","r2_0.3","min5",50,6.00741135496291,0.545057656452861
"Tile","cpg_island_tile_clock",336,"Train","Elastic_net","Fin_clip_caudal","r2_0.3","nofilter",50,0.783158272460903,0.983482426460027
"Tile","cpg_island_tile_clock",336,"Validation","Elastic_net","Fin_clip_caudal","r2_0.3","nofilter",50,8.06853312485847,0.649813424708164
"Tile","cpg_island_tile_clock",337,"Train","Elastic_net","Intestines","r2_0.05","min10",1000,0.765811569155672,0.989985164273739
"Tile","cpg_island_tile_clock",337,"Validation","Elastic_net","Intestines","r2_0.05","min10",1000,3.6606894055202,0.657144824561873
"Tile","cpg_island_tile_clock",338,"Train","Elastic_net","Intestines","r2_0.05","min20",1000,1.91741415186493,0.794385483796099
"Tile","cpg_island_tile_clock",338,"Validation","Elastic_net","Intestines","r2_0.05","min20",1000,5.66564990147277,0.421173725293569
"Tile","cpg_island_tile_clock",339,"Train","Elastic_net","Intestines","r2_0.05","min5",1000,0.179173434936481,0.999477495308842
"Tile","cpg_island_tile_clock",339,"Validation","Elastic_net","Intestines","r2_0.05","min5",1000,3.47054088413172,0.628751875006123
"Tile","cpg_island_tile_clock",340,"Train","Elastic_net","Intestines","r2_0.05","nofilter",1000,0.179173434936481,0.999477495308842
"Tile","cpg_island_tile_clock",340,"Validation","Elastic_net","Intestines","r2_0.05","nofilter",1000,3.47054088413172,0.628751875006123
"Tile","cpg_island_tile_clock",341,"Train","Elastic_net","Intestines","r2_0.05","min10",100,0.154976346358007,0.999661939922548
"Tile","cpg_island_tile_clock",341,"Validation","Elastic_net","Intestines","r2_0.05","min10",100,4.13645049072167,0.630069997971608
"Tile","cpg_island_tile_clock",342,"Train","Elastic_net","Intestines","r2_0.05","min20",100,1.01288096748435,0.901195139763093
"Tile","cpg_island_tile_clock",342,"Validation","Elastic_net","Intestines","r2_0.05","min20",100,7.76435880595614,0.495218327416431
"Tile","cpg_island_tile_clock",343,"Train","Elastic_net","Intestines","r2_0.05","min5",100,1.32670709036893,0.978540739065863
"Tile","cpg_island_tile_clock",343,"Validation","Elastic_net","Intestines","r2_0.05","min5",100,3.27882349966145,0.582725272565513
"Tile","cpg_island_tile_clock",344,"Train","Elastic_net","Intestines","r2_0.05","nofilter",100,1.32670709036893,0.978540739065863
"Tile","cpg_island_tile_clock",344,"Validation","Elastic_net","Intestines","r2_0.05","nofilter",100,4.09722956825295,0.482137163754931
"Tile","cpg_island_tile_clock",345,"Train","Elastic_net","Intestines","r2_0.05","min10",2000,0.583495953910824,0.985558830555014
"Tile","cpg_island_tile_clock",345,"Validation","Elastic_net","Intestines","r2_0.05","min10",2000,4.84779257722254,0.526471668695279
"Tile","cpg_island_tile_clock",346,"Train","Elastic_net","Intestines","r2_0.05","min20",2000,3.53282582154784,0.647198230466597
"Tile","cpg_island_tile_clock",346,"Validation","Elastic_net","Intestines","r2_0.05","min20",2000,9.11848422725244,0.663850288218328
"Tile","cpg_island_tile_clock",347,"Train","Elastic_net","Intestines","r2_0.05","min5",2000,0.163978399069376,0.999651039845107
"Tile","cpg_island_tile_clock",347,"Validation","Elastic_net","Intestines","r2_0.05","min5",2000,8.61766802469284,0.482019736162899
"Tile","cpg_island_tile_clock",348,"Train","Elastic_net","Intestines","r2_0.05","nofilter",2000,0.173227882612038,0.999598963750218
"Tile","cpg_island_tile_clock",348,"Validation","Elastic_net","Intestines","r2_0.05","nofilter",2000,3.41502175218778,0.542008210117967
"Tile","cpg_island_tile_clock",349,"Train","Elastic_net","Intestines","r2_0.05","min10",25000,3.24322792536313,0.80259874459848
"Tile","cpg_island_tile_clock",349,"Validation","Elastic_net","Intestines","r2_0.05","min10",25000,6.51328492231274,0.769498917072787
"Tile","cpg_island_tile_clock",350,"Train","Elastic_net","Intestines","r2_0.05","min20",25000,3.88731835393741,0.614860103052257
"Tile","cpg_island_tile_clock",350,"Validation","Elastic_net","Intestines","r2_0.05","min20",25000,10.4509694880937,0.517520501258757
"Tile","cpg_island_tile_clock",351,"Train","Elastic_net","Intestines","r2_0.05","min5",25000,1.23455664438795,0.979325657995705
"Tile","cpg_island_tile_clock",351,"Validation","Elastic_net","Intestines","r2_0.05","min5",25000,4.59283672690198,0.791675863105204
"Tile","cpg_island_tile_clock",352,"Train","Elastic_net","Intestines","r2_0.05","nofilter",25000,1.01987991376154,0.98556768278966
"Tile","cpg_island_tile_clock",352,"Validation","Elastic_net","Intestines","r2_0.05","nofilter",25000,5.29218468942367,0.468367595890379
"Tile","cpg_island_tile_clock",353,"Train","Elastic_net","Intestines","r2_0.05","min10",5000,0.173183590740723,0.998819041065458
"Tile","cpg_island_tile_clock",353,"Validation","Elastic_net","Intestines","r2_0.05","min10",5000,10.5823961169818,0.566250387215701
"Tile","cpg_island_tile_clock",354,"Train","Elastic_net","Intestines","r2_0.05","min20",5000,3.88731835393741,0.614860103052257
"Tile","cpg_island_tile_clock",354,"Validation","Elastic_net","Intestines","r2_0.05","min20",5000,10.4509694880937,0.517520501258757
"Tile","cpg_island_tile_clock",355,"Train","Elastic_net","Intestines","r2_0.05","min5",5000,0.67428709191685,0.993384992825014
"Tile","cpg_island_tile_clock",355,"Validation","Elastic_net","Intestines","r2_0.05","min5",5000,3.43938573656018,0.636124024546918
"Tile","cpg_island_tile_clock",356,"Train","Elastic_net","Intestines","r2_0.05","nofilter",5000,0.160441222135287,0.999637696978987
"Tile","cpg_island_tile_clock",356,"Validation","Elastic_net","Intestines","r2_0.05","nofilter",5000,4.23527165481215,0.534842363278863
"Tile","cpg_island_tile_clock",357,"Train","Elastic_net","Intestines","r2_0.05","min10",500,0.852228691676514,0.980545284060842
"Tile","cpg_island_tile_clock",357,"Validation","Elastic_net","Intestines","r2_0.05","min10",500,7.08338680760221,0.505857035483714
"Tile","cpg_island_tile_clock",358,"Train","Elastic_net","Intestines","r2_0.05","min20",500,2.91069599728752,0.709486069713088
"Tile","cpg_island_tile_clock",358,"Validation","Elastic_net","Intestines","r2_0.05","min20",500,6.10070864337809,0.548645386733453
"Tile","cpg_island_tile_clock",359,"Train","Elastic_net","Intestines","r2_0.05","min5",500,3.20651794684416,0.832017291266684
"Tile","cpg_island_tile_clock",359,"Validation","Elastic_net","Intestines","r2_0.05","min5",500,1.93812927708703,0.88972652765289
"Tile","cpg_island_tile_clock",360,"Train","Elastic_net","Intestines","r2_0.05","nofilter",500,3.20651794684416,0.832017291266684
"Tile","cpg_island_tile_clock",360,"Validation","Elastic_net","Intestines","r2_0.05","nofilter",500,1.93812927708703,0.88972652765289
"Tile","cpg_island_tile_clock",361,"Train","Elastic_net","Intestines","r2_0.05","min10",50,0.158190739766215,0.999740429774262
"Tile","cpg_island_tile_clock",361,"Validation","Elastic_net","Intestines","r2_0.05","min10",50,7.61297259693072,0.605958225942357
"Tile","cpg_island_tile_clock",362,"Train","Elastic_net","Intestines","r2_0.05","min20",50,1.72936632961941,0.867315268388362
"Tile","cpg_island_tile_clock",362,"Validation","Elastic_net","Intestines","r2_0.05","min20",50,4.17556242018705,0.523732572213249
"Tile","cpg_island_tile_clock",363,"Train","Elastic_net","Intestines","r2_0.05","min5",50,0.599041964196682,0.996190891027278
"Tile","cpg_island_tile_clock",363,"Validation","Elastic_net","Intestines","r2_0.05","min5",50,4.29148576671634,0.546302493809155
"Tile","cpg_island_tile_clock",364,"Train","Elastic_net","Intestines","r2_0.05","nofilter",50,0.149608332292192,0.999757575196808
"Tile","cpg_island_tile_clock",364,"Validation","Elastic_net","Intestines","r2_0.05","nofilter",50,7.32221486183185,0.514779262963491
"Tile","cpg_island_tile_clock",365,"Train","Elastic_net","Intestines","r2_0.1","min10",1000,1.16562986657751,0.961946991681922
"Tile","cpg_island_tile_clock",365,"Validation","Elastic_net","Intestines","r2_0.1","min10",1000,8.40841594693823,0.534676328965264
"Tile","cpg_island_tile_clock",366,"Train","Elastic_net","Intestines","r2_0.1","min20",1000,1.44162498407786,0.848798792022027
"Tile","cpg_island_tile_clock",366,"Validation","Elastic_net","Intestines","r2_0.1","min20",1000,4.4799566500358,0.39576437653744
"Tile","cpg_island_tile_clock",367,"Train","Elastic_net","Intestines","r2_0.1","min5",1000,0.161796840167874,0.999658319587555
"Tile","cpg_island_tile_clock",367,"Validation","Elastic_net","Intestines","r2_0.1","min5",1000,7.22071250407293,0.498913141113689
"Tile","cpg_island_tile_clock",368,"Train","Elastic_net","Intestines","r2_0.1","nofilter",1000,0.149255655351222,0.999674541179719
"Tile","cpg_island_tile_clock",368,"Validation","Elastic_net","Intestines","r2_0.1","nofilter",1000,8.83235441618991,0.825990545319545
"Tile","cpg_island_tile_clock",369,"Train","Elastic_net","Intestines","r2_0.1","min10",100,0.135238900121662,0.999604090259701
"Tile","cpg_island_tile_clock",369,"Validation","Elastic_net","Intestines","r2_0.1","min10",100,2.7173463695811,0.665707736249341
"Tile","cpg_island_tile_clock",370,"Train","Elastic_net","Intestines","r2_0.1","min20",100,3.07926716416357,0.67231356244784
"Tile","cpg_island_tile_clock",370,"Validation","Elastic_net","Intestines","r2_0.1","min20",100,3.27577464331516,0.604497182790015
"Tile","cpg_island_tile_clock",371,"Train","Elastic_net","Intestines","r2_0.1","min5",100,0.680438907471971,0.995082423214293
"Tile","cpg_island_tile_clock",371,"Validation","Elastic_net","Intestines","r2_0.1","min5",100,7.46886098832069,0.545159379225959
"Tile","cpg_island_tile_clock",372,"Train","Elastic_net","Intestines","r2_0.1","nofilter",100,0.158586799897739,0.999719449979217
"Tile","cpg_island_tile_clock",372,"Validation","Elastic_net","Intestines","r2_0.1","nofilter",100,4.2184450217746,0.548656095549318
"Tile","cpg_island_tile_clock",373,"Train","Elastic_net","Intestines","r2_0.1","min10",2000,2.65753863742203,0.904520073791509
"Tile","cpg_island_tile_clock",373,"Validation","Elastic_net","Intestines","r2_0.1","min10",2000,3.6066823202786,0.479913349137234
"Tile","cpg_island_tile_clock",374,"Train","Elastic_net","Intestines","r2_0.1","min20",2000,1.65785276161525,0.784925436907457
"Tile","cpg_island_tile_clock",374,"Validation","Elastic_net","Intestines","r2_0.1","min20",2000,5.67735752938314,0.569305911007479
"Tile","cpg_island_tile_clock",375,"Train","Elastic_net","Intestines","r2_0.1","min5",2000,0.543334304465528,0.995333932524399
"Tile","cpg_island_tile_clock",375,"Validation","Elastic_net","Intestines","r2_0.1","min5",2000,3.75766760884207,0.55106494278778
"Tile","cpg_island_tile_clock",376,"Train","Elastic_net","Intestines","r2_0.1","nofilter",2000,0.423100335106355,0.997102228815465
"Tile","cpg_island_tile_clock",376,"Validation","Elastic_net","Intestines","r2_0.1","nofilter",2000,3.44715390412622,0.557059757047934
"Tile","cpg_island_tile_clock",377,"Train","Elastic_net","Intestines","r2_0.1","min10",25000,1.00234199042485,0.976601494087979
"Tile","cpg_island_tile_clock",377,"Validation","Elastic_net","Intestines","r2_0.1","min10",25000,4.26158231700731,0.65655901076034
"Tile","cpg_island_tile_clock",378,"Train","Elastic_net","Intestines","r2_0.1","min20",25000,2.46937562814261,0.742640399801969
"Tile","cpg_island_tile_clock",378,"Validation","Elastic_net","Intestines","r2_0.1","min20",25000,4.22120630374445,0.534474014481211
"Tile","cpg_island_tile_clock",379,"Train","Elastic_net","Intestines","r2_0.1","min5",25000,0.166146275310876,0.999528185189514
"Tile","cpg_island_tile_clock",379,"Validation","Elastic_net","Intestines","r2_0.1","min5",25000,3.68722605606955,0.579424609057211
"Tile","cpg_island_tile_clock",380,"Train","Elastic_net","Intestines","r2_0.1","nofilter",25000,0.581843331041034,0.99524231016908
"Tile","cpg_island_tile_clock",380,"Validation","Elastic_net","Intestines","r2_0.1","nofilter",25000,3.3216946193714,0.823603434203721
"Tile","cpg_island_tile_clock",381,"Train","Elastic_net","Intestines","r2_0.1","min10",5000,1.00234199042485,0.976601494087979
"Tile","cpg_island_tile_clock",381,"Validation","Elastic_net","Intestines","r2_0.1","min10",5000,4.26158231700731,0.65655901076034
"Tile","cpg_island_tile_clock",382,"Train","Elastic_net","Intestines","r2_0.1","min20",5000,2.46937562814261,0.742640399801969
"Tile","cpg_island_tile_clock",382,"Validation","Elastic_net","Intestines","r2_0.1","min20",5000,4.22120630374445,0.534474014481211
"Tile","cpg_island_tile_clock",383,"Train","Elastic_net","Intestines","r2_0.1","min5",5000,0.166146275310876,0.999528185189514
"Tile","cpg_island_tile_clock",383,"Validation","Elastic_net","Intestines","r2_0.1","min5",5000,3.68722605606955,0.579424609057211
"Tile","cpg_island_tile_clock",384,"Train","Elastic_net","Intestines","r2_0.1","nofilter",5000,0.581843331041034,0.99524231016908
"Tile","cpg_island_tile_clock",384,"Validation","Elastic_net","Intestines","r2_0.1","nofilter",5000,3.3216946193714,0.823603434203721
"Tile","cpg_island_tile_clock",385,"Train","Elastic_net","Intestines","r2_0.1","min10",500,2.35155938487888,0.907297841525089
"Tile","cpg_island_tile_clock",385,"Validation","Elastic_net","Intestines","r2_0.1","min10",500,3.44319740971551,0.64828093740345
"Tile","cpg_island_tile_clock",386,"Train","Elastic_net","Intestines","r2_0.1","min20",500,3.39326050539118,0.729871829864876
"Tile","cpg_island_tile_clock",386,"Validation","Elastic_net","Intestines","r2_0.1","min20",500,7.41013007055733,0.487363076130315
"Tile","cpg_island_tile_clock",387,"Train","Elastic_net","Intestines","r2_0.1","min5",500,1.28453186439369,0.968638327004582
"Tile","cpg_island_tile_clock",387,"Validation","Elastic_net","Intestines","r2_0.1","min5",500,8.90282545445681,0.58808472340755
"Tile","cpg_island_tile_clock",388,"Train","Elastic_net","Intestines","r2_0.1","nofilter",500,1.18925643632993,0.980689499240581
"Tile","cpg_island_tile_clock",388,"Validation","Elastic_net","Intestines","r2_0.1","nofilter",500,2.87200739479963,0.784218611222956
"Tile","cpg_island_tile_clock",389,"Train","Elastic_net","Intestines","r2_0.1","min10",50,0.42415818668714,0.993030524933598
"Tile","cpg_island_tile_clock",389,"Validation","Elastic_net","Intestines","r2_0.1","min10",50,7.96776325223583,0.604432561809391
"Tile","cpg_island_tile_clock",390,"Train","Elastic_net","Intestines","r2_0.1","min20",50,2.4854436363619,0.738901324586855
"Tile","cpg_island_tile_clock",390,"Validation","Elastic_net","Intestines","r2_0.1","min20",50,5.51081382194504,0.497573708008509
"Tile","cpg_island_tile_clock",391,"Train","Elastic_net","Intestines","r2_0.1","min5",50,0.164462947816916,0.999763714061283
"Tile","cpg_island_tile_clock",391,"Validation","Elastic_net","Intestines","r2_0.1","min5",50,4.08664471820371,0.528450821274653
"Tile","cpg_island_tile_clock",392,"Train","Elastic_net","Intestines","r2_0.1","nofilter",50,0.162137991065046,0.999792289516343
"Tile","cpg_island_tile_clock",392,"Validation","Elastic_net","Intestines","r2_0.1","nofilter",50,4.06436018783671,0.52789691593209
"Tile","cpg_island_tile_clock",393,"Train","Elastic_net","Intestines","r2_0.2","min10",1000,0.885615715462864,0.965469302391466
"Tile","cpg_island_tile_clock",393,"Validation","Elastic_net","Intestines","r2_0.2","min10",1000,6.61819480226311,0.619156604757788
"Tile","cpg_island_tile_clock",394,"Train","Elastic_net","Intestines","r2_0.2","min20",1000,2.85185046131913,0.71078674692237
"Tile","cpg_island_tile_clock",394,"Validation","Elastic_net","Intestines","r2_0.2","min20",1000,4.13175234208926,0.54342173210133
"Tile","cpg_island_tile_clock",395,"Train","Elastic_net","Intestines","r2_0.2","min5",1000,1.74684530590275,0.90946028800642
"Tile","cpg_island_tile_clock",395,"Validation","Elastic_net","Intestines","r2_0.2","min5",1000,8.01185747930143,0.497812847279885
"Tile","cpg_island_tile_clock",396,"Train","Elastic_net","Intestines","r2_0.2","nofilter",1000,2.55199097511415,0.862017018050597
"Tile","cpg_island_tile_clock",396,"Validation","Elastic_net","Intestines","r2_0.2","nofilter",1000,3.3711475453047,0.614750551493166
"Tile","cpg_island_tile_clock",397,"Train","Elastic_net","Intestines","r2_0.2","min10",100,1.76868678798458,0.909407972428154
"Tile","cpg_island_tile_clock",397,"Validation","Elastic_net","Intestines","r2_0.2","min10",100,4.18854211986085,0.607888593919346
"Tile","cpg_island_tile_clock",398,"Train","Elastic_net","Intestines","r2_0.2","min20",100,2.69649831458359,0.727009662332451
"Tile","cpg_island_tile_clock",398,"Validation","Elastic_net","Intestines","r2_0.2","min20",100,4.89166719113276,0.443945832572849
"Tile","cpg_island_tile_clock",399,"Train","Elastic_net","Intestines","r2_0.2","min5",100,0.159904575930061,0.999298245944546
"Tile","cpg_island_tile_clock",399,"Validation","Elastic_net","Intestines","r2_0.2","min5",100,3.32250239573181,0.685021160957622
"Tile","cpg_island_tile_clock",400,"Train","Elastic_net","Intestines","r2_0.2","nofilter",100,0.15383461089642,0.999415923850548
"Tile","cpg_island_tile_clock",400,"Validation","Elastic_net","Intestines","r2_0.2","nofilter",100,5.60788411960579,0.554393648148419
"Tile","cpg_island_tile_clock",401,"Train","Elastic_net","Intestines","r2_0.2","min10",2000,0.95418640178841,0.9672028782892
"Tile","cpg_island_tile_clock",401,"Validation","Elastic_net","Intestines","r2_0.2","min10",2000,3.99548113227877,0.510025555674723
"Tile","cpg_island_tile_clock",402,"Train","Elastic_net","Intestines","r2_0.2","min20",2000,1.54692260357833,0.83587809564788
"Tile","cpg_island_tile_clock",402,"Validation","Elastic_net","Intestines","r2_0.2","min20",2000,6.93477484053912,0.634143147950564
"Tile","cpg_island_tile_clock",403,"Train","Elastic_net","Intestines","r2_0.2","min5",2000,0.182933894834987,0.998990107968341
"Tile","cpg_island_tile_clock",403,"Validation","Elastic_net","Intestines","r2_0.2","min5",2000,2.73649818612884,0.730497998035347
"Tile","cpg_island_tile_clock",404,"Train","Elastic_net","Intestines","r2_0.2","nofilter",2000,0.602573485145626,0.988712830120935
"Tile","cpg_island_tile_clock",404,"Validation","Elastic_net","Intestines","r2_0.2","nofilter",2000,8.73384626980731,0.694063748446806
"Tile","cpg_island_tile_clock",405,"Train","Elastic_net","Intestines","r2_0.2","min10",25000,1.48136410193625,0.93958069383436
"Tile","cpg_island_tile_clock",405,"Validation","Elastic_net","Intestines","r2_0.2","min10",25000,6.90115576475414,0.536448200591604
"Tile","cpg_island_tile_clock",406,"Train","Elastic_net","Intestines","r2_0.2","min20",25000,3.6629560561619,0.650417560745249
"Tile","cpg_island_tile_clock",406,"Validation","Elastic_net","Intestines","r2_0.2","min20",25000,7.53879423721844,0.535238241156681
"Tile","cpg_island_tile_clock",407,"Train","Elastic_net","Intestines","r2_0.2","min5",25000,0.974530408362362,0.967647708768528
"Tile","cpg_island_tile_clock",407,"Validation","Elastic_net","Intestines","r2_0.2","min5",25000,8.51664243602549,0.535691692704258
"Tile","cpg_island_tile_clock",408,"Train","Elastic_net","Intestines","r2_0.2","nofilter",25000,0.526907351716346,0.991131010205185
"Tile","cpg_island_tile_clock",408,"Validation","Elastic_net","Intestines","r2_0.2","nofilter",25000,5.3866320466852,0.57608177223351
"Tile","cpg_island_tile_clock",409,"Train","Elastic_net","Intestines","r2_0.2","min10",5000,1.48136410193625,0.93958069383436
"Tile","cpg_island_tile_clock",409,"Validation","Elastic_net","Intestines","r2_0.2","min10",5000,6.90115576475414,0.536448200591604
"Tile","cpg_island_tile_clock",410,"Train","Elastic_net","Intestines","r2_0.2","min20",5000,3.6629560561619,0.650417560745249
"Tile","cpg_island_tile_clock",410,"Validation","Elastic_net","Intestines","r2_0.2","min20",5000,7.53879423721844,0.535238241156681
"Tile","cpg_island_tile_clock",411,"Train","Elastic_net","Intestines","r2_0.2","min5",5000,0.974530408362362,0.967647708768528
"Tile","cpg_island_tile_clock",411,"Validation","Elastic_net","Intestines","r2_0.2","min5",5000,8.51664243602549,0.535691692704258
"Tile","cpg_island_tile_clock",412,"Train","Elastic_net","Intestines","r2_0.2","nofilter",5000,0.526907351716346,0.991131010205185
"Tile","cpg_island_tile_clock",412,"Validation","Elastic_net","Intestines","r2_0.2","nofilter",5000,5.3866320466852,0.57608177223351
"Tile","cpg_island_tile_clock",413,"Train","Elastic_net","Intestines","r2_0.2","min10",500,1.83915308109454,0.924931858841892
"Tile","cpg_island_tile_clock",413,"Validation","Elastic_net","Intestines","r2_0.2","min10",500,3.48581250976861,0.55907464639065
"Tile","cpg_island_tile_clock",414,"Train","Elastic_net","Intestines","r2_0.2","min20",500,1.64698112615822,0.851379039684881
"Tile","cpg_island_tile_clock",414,"Validation","Elastic_net","Intestines","r2_0.2","min20",500,8.35816338126072,0.685764734844991
"Tile","cpg_island_tile_clock",415,"Train","Elastic_net","Intestines","r2_0.2","min5",500,0.722775848065598,0.985159597791409
"Tile","cpg_island_tile_clock",415,"Validation","Elastic_net","Intestines","r2_0.2","min5",500,6.74632989628184,0.570758166235428
"Tile","cpg_island_tile_clock",416,"Train","Elastic_net","Intestines","r2_0.2","nofilter",500,1.15485897717532,0.966683092862227
"Tile","cpg_island_tile_clock",416,"Validation","Elastic_net","Intestines","r2_0.2","nofilter",500,14.766670660048,0.548489302774384
"Tile","cpg_island_tile_clock",417,"Train","Elastic_net","Intestines","r2_0.2","min10",50,0.866512546976016,0.977465118450316
"Tile","cpg_island_tile_clock",417,"Validation","Elastic_net","Intestines","r2_0.2","min10",50,3.38159556025527,0.731600195244672
"Tile","cpg_island_tile_clock",418,"Train","Elastic_net","Intestines","r2_0.2","min20",50,1.39940628428659,0.865273198793701
"Tile","cpg_island_tile_clock",418,"Validation","Elastic_net","Intestines","r2_0.2","min20",50,5.81966770548197,0.403550955905054
"Tile","cpg_island_tile_clock",419,"Train","Elastic_net","Intestines","r2_0.2","min5",50,0.939361278819056,0.979134681391611
"Tile","cpg_island_tile_clock",419,"Validation","Elastic_net","Intestines","r2_0.2","min5",50,7.03171926675204,0.61875980132143
"Tile","cpg_island_tile_clock",420,"Train","Elastic_net","Intestines","r2_0.2","nofilter",50,0.449172562800151,0.994217104786275
"Tile","cpg_island_tile_clock",420,"Validation","Elastic_net","Intestines","r2_0.2","nofilter",50,3.10603233085969,0.687553420462614
"Tile","cpg_island_tile_clock",421,"Train","Elastic_net","Intestines","r2_0.3","min10",1000,2.14518836525983,0.780992743917337
"Tile","cpg_island_tile_clock",421,"Validation","Elastic_net","Intestines","r2_0.3","min10",1000,3.65695451324959,0.445890676249041
"Tile","cpg_island_tile_clock",422,"Train","Elastic_net","Intestines","r2_0.3","min20",1000,2.73907634401051,0.671350314065457
"Tile","cpg_island_tile_clock",422,"Validation","Elastic_net","Intestines","r2_0.3","min20",1000,8.49585288812865,0.346487236890225
"Tile","cpg_island_tile_clock",423,"Train","Elastic_net","Intestines","r2_0.3","min5",1000,2.15132762443144,0.887934018429931
"Tile","cpg_island_tile_clock",423,"Validation","Elastic_net","Intestines","r2_0.3","min5",1000,8.09662955812062,0.464929872741687
"Tile","cpg_island_tile_clock",424,"Train","Elastic_net","Intestines","r2_0.3","nofilter",1000,2.15132762443144,0.887934018429931
"Tile","cpg_island_tile_clock",424,"Validation","Elastic_net","Intestines","r2_0.3","nofilter",1000,8.09662955812062,0.464929872741687
"Tile","cpg_island_tile_clock",425,"Train","Elastic_net","Intestines","r2_0.3","min10",100,1.86783830806481,0.846015664423128
"Tile","cpg_island_tile_clock",425,"Validation","Elastic_net","Intestines","r2_0.3","min10",100,3.36300348508094,0.620589616144948
"Tile","cpg_island_tile_clock",426,"Train","Elastic_net","Intestines","r2_0.3","min20",100,2.69636371953457,0.714392740181769
"Tile","cpg_island_tile_clock",426,"Validation","Elastic_net","Intestines","r2_0.3","min20",100,7.10935939920589,0.455165392602063
"Tile","cpg_island_tile_clock",427,"Train","Elastic_net","Intestines","r2_0.3","min5",100,0.413633120377456,0.990242406188776
"Tile","cpg_island_tile_clock",427,"Validation","Elastic_net","Intestines","r2_0.3","min5",100,9.76027347222858,0.738068797174926
"Tile","cpg_island_tile_clock",428,"Train","Elastic_net","Intestines","r2_0.3","nofilter",100,0.535811306135831,0.987699447959468
"Tile","cpg_island_tile_clock",428,"Validation","Elastic_net","Intestines","r2_0.3","nofilter",100,9.13020304485727,0.484163320717712
"Tile","cpg_island_tile_clock",429,"Train","Elastic_net","Intestines","r2_0.3","min10",2000,2.72180581944175,0.810554849915723
"Tile","cpg_island_tile_clock",429,"Validation","Elastic_net","Intestines","r2_0.3","min10",2000,8.93687420404755,0.502618152213095
"Tile","cpg_island_tile_clock",430,"Train","Elastic_net","Intestines","r2_0.3","min20",2000,2.5637237168497,0.700325170634988
"Tile","cpg_island_tile_clock",430,"Validation","Elastic_net","Intestines","r2_0.3","min20",2000,4.20882481196034,0.408224683745877
"Tile","cpg_island_tile_clock",431,"Train","Elastic_net","Intestines","r2_0.3","min5",2000,2.08083436020614,0.902886431424165
"Tile","cpg_island_tile_clock",431,"Validation","Elastic_net","Intestines","r2_0.3","min5",2000,6.53038432804468,0.435754444604459
"Tile","cpg_island_tile_clock",432,"Train","Elastic_net","Intestines","r2_0.3","nofilter",2000,2.08083436020614,0.902886431424165
"Tile","cpg_island_tile_clock",432,"Validation","Elastic_net","Intestines","r2_0.3","nofilter",2000,6.53038432804468,0.435754444604459
"Tile","cpg_island_tile_clock",433,"Train","Elastic_net","Intestines","r2_0.3","min10",25000,2.95571484071278,0.776057800477732
"Tile","cpg_island_tile_clock",433,"Validation","Elastic_net","Intestines","r2_0.3","min10",25000,4.30167271537194,0.613148759776296
"Tile","cpg_island_tile_clock",434,"Train","Elastic_net","Intestines","r2_0.3","min20",25000,2.06669448125978,0.725607782058801
"Tile","cpg_island_tile_clock",434,"Validation","Elastic_net","Intestines","r2_0.3","min20",25000,7.26375979976475,0.540351598059224
"Tile","cpg_island_tile_clock",435,"Train","Elastic_net","Intestines","r2_0.3","min5",25000,2.08083436020614,0.902886431424165
"Tile","cpg_island_tile_clock",435,"Validation","Elastic_net","Intestines","r2_0.3","min5",25000,6.53038432804468,0.435754444604459
"Tile","cpg_island_tile_clock",436,"Train","Elastic_net","Intestines","r2_0.3","nofilter",25000,2.08083436020614,0.902886431424165
"Tile","cpg_island_tile_clock",436,"Validation","Elastic_net","Intestines","r2_0.3","nofilter",25000,6.53038432804468,0.435754444604459
"Tile","cpg_island_tile_clock",437,"Train","Elastic_net","Intestines","r2_0.3","min10",5000,2.95571484071278,0.776057800477732
"Tile","cpg_island_tile_clock",437,"Validation","Elastic_net","Intestines","r2_0.3","min10",5000,4.30167271537194,0.613148759776296
"Tile","cpg_island_tile_clock",438,"Train","Elastic_net","Intestines","r2_0.3","min20",5000,2.06669448125978,0.725607782058801
"Tile","cpg_island_tile_clock",438,"Validation","Elastic_net","Intestines","r2_0.3","min20",5000,7.26375979976475,0.540351598059224
"Tile","cpg_island_tile_clock",439,"Train","Elastic_net","Intestines","r2_0.3","min5",5000,2.08083436020614,0.902886431424165
"Tile","cpg_island_tile_clock",439,"Validation","Elastic_net","Intestines","r2_0.3","min5",5000,6.53038432804468,0.435754444604459
"Tile","cpg_island_tile_clock",440,"Train","Elastic_net","Intestines","r2_0.3","nofilter",5000,2.08083436020614,0.902886431424165
"Tile","cpg_island_tile_clock",440,"Validation","Elastic_net","Intestines","r2_0.3","nofilter",5000,6.53038432804468,0.435754444604459
"Tile","cpg_island_tile_clock",441,"Train","Elastic_net","Intestines","r2_0.3","min10",500,1.48063070000576,0.906201898228328
"Tile","cpg_island_tile_clock",441,"Validation","Elastic_net","Intestines","r2_0.3","min10",500,4.68426334715634,0.489987802289801
"Tile","cpg_island_tile_clock",442,"Train","Elastic_net","Intestines","r2_0.3","min20",500,2.41853219647964,0.696753632240959
"Tile","cpg_island_tile_clock",442,"Validation","Elastic_net","Intestines","r2_0.3","min20",500,3.72007262836913,0.660960703597391
"Tile","cpg_island_tile_clock",443,"Train","Elastic_net","Intestines","r2_0.3","min5",500,2.05636534907417,0.88136645445619
"Tile","cpg_island_tile_clock",443,"Validation","Elastic_net","Intestines","r2_0.3","min5",500,7.36289976011519,0.659513288463794
"Tile","cpg_island_tile_clock",444,"Train","Elastic_net","Intestines","r2_0.3","nofilter",500,2.05636534907417,0.88136645445619
"Tile","cpg_island_tile_clock",444,"Validation","Elastic_net","Intestines","r2_0.3","nofilter",500,7.36289976011519,0.659513288463794
"Tile","cpg_island_tile_clock",445,"Train","Elastic_net","Intestines","r2_0.3","min10",50,3.12361600838591,0.746845840620783
"Tile","cpg_island_tile_clock",445,"Validation","Elastic_net","Intestines","r2_0.3","min10",50,4.87765714683225,0.573800941973554
"Tile","cpg_island_tile_clock",446,"Train","Elastic_net","Intestines","r2_0.3","min20",50,2.43734509654697,0.740656022492047
"Tile","cpg_island_tile_clock",446,"Validation","Elastic_net","Intestines","r2_0.3","min20",50,6.82073359119967,0.498529841591657
"Tile","cpg_island_tile_clock",447,"Train","Elastic_net","Intestines","r2_0.3","min5",50,1.49803874631641,0.943606255785672
"Tile","cpg_island_tile_clock",447,"Validation","Elastic_net","Intestines","r2_0.3","min5",50,9.81980759064789,0.523572777556826
"Tile","cpg_island_tile_clock",448,"Train","Elastic_net","Intestines","r2_0.3","nofilter",50,1.37499683084392,0.940168211493233
"Tile","cpg_island_tile_clock",448,"Validation","Elastic_net","Intestines","r2_0.3","nofilter",50,8.02058660153549,0.42740232914192
"Tile","whole_genome_tile_clock",449,"Train","Elastic_net","All_organs","r2_0.05","min10",1000,0.152497972040537,0.99965563483199
"Tile","whole_genome_tile_clock",449,"Validation","Elastic_net","All_organs","r2_0.05","min10",1000,7.88589386950241,0.314946439373307
"Tile","whole_genome_tile_clock",450,"Train","Elastic_net","All_organs","r2_0.05","min20",1000,0.358572198125573,0.996190039232146
"Tile","whole_genome_tile_clock",450,"Validation","Elastic_net","All_organs","r2_0.05","min20",1000,7.64038393096635,0.281734070313839
"Tile","whole_genome_tile_clock",451,"Train","Elastic_net","All_organs","r2_0.05","min5",1000,0.711967990183809,0.993663293456686
"Tile","whole_genome_tile_clock",451,"Validation","Elastic_net","All_organs","r2_0.05","min5",1000,4.40502349642957,0.384256816728478
"Tile","whole_genome_tile_clock",452,"Train","Elastic_net","All_organs","r2_0.05","nofilter",1000,0.157244921067235,0.999712865242557
"Tile","whole_genome_tile_clock",452,"Validation","Elastic_net","All_organs","r2_0.05","nofilter",1000,7.95359499731685,0.371228948665186
"Tile","whole_genome_tile_clock",453,"Train","Elastic_net","All_organs","r2_0.05","min10",100,0.175535942422958,0.999638634715758
"Tile","whole_genome_tile_clock",453,"Validation","Elastic_net","All_organs","r2_0.05","min10",100,4.37911718524844,0.284356501479679
"Tile","whole_genome_tile_clock",454,"Train","Elastic_net","All_organs","r2_0.05","min20",100,0.322623102008231,0.996663762660445
"Tile","whole_genome_tile_clock",454,"Validation","Elastic_net","All_organs","r2_0.05","min20",100,5.14173061649023,0.204314367373615
"Tile","whole_genome_tile_clock",455,"Train","Elastic_net","All_organs","r2_0.05","min5",100,0.155950176762588,0.999730347998276
"Tile","whole_genome_tile_clock",455,"Validation","Elastic_net","All_organs","r2_0.05","min5",100,3.96664202126187,0.421196836991848
"Tile","whole_genome_tile_clock",456,"Train","Elastic_net","All_organs","r2_0.05","nofilter",100,0.158418864139241,0.999789758891163
"Tile","whole_genome_tile_clock",456,"Validation","Elastic_net","All_organs","r2_0.05","nofilter",100,4.60456224522302,0.301020098745599
"Tile","whole_genome_tile_clock",457,"Train","Elastic_net","All_organs","r2_0.05","min10",2000,0.818789812213367,0.990559885971409
"Tile","whole_genome_tile_clock",457,"Validation","Elastic_net","All_organs","r2_0.05","min10",2000,4.54219871289047,0.275052169368847
"Tile","whole_genome_tile_clock",458,"Train","Elastic_net","All_organs","r2_0.05","min20",2000,1.54599343732364,0.924201683445781
"Tile","whole_genome_tile_clock",458,"Validation","Elastic_net","All_organs","r2_0.05","min20",2000,3.82894659128689,0.408284725273693
"Tile","whole_genome_tile_clock",459,"Train","Elastic_net","All_organs","r2_0.05","min5",2000,0.152518431608753,0.999729309696216
"Tile","whole_genome_tile_clock",459,"Validation","Elastic_net","All_organs","r2_0.05","min5",2000,3.66550366852129,0.490747970968792
"Tile","whole_genome_tile_clock",460,"Train","Elastic_net","All_organs","r2_0.05","nofilter",2000,0.153174512502955,0.999747854718671
"Tile","whole_genome_tile_clock",460,"Validation","Elastic_net","All_organs","r2_0.05","nofilter",2000,4.6972632758765,0.246923541761444
"Tile","whole_genome_tile_clock",461,"Train","Elastic_net","All_organs","r2_0.05","min10",25000,0.369617671690871,0.994185144869812
"Tile","whole_genome_tile_clock",461,"Validation","Elastic_net","All_organs","r2_0.05","min10",25000,4.35083140529267,0.411105427293738
"Tile","whole_genome_tile_clock",462,"Train","Elastic_net","All_organs","r2_0.05","min20",25000,0.595623317587349,0.979478400691903
"Tile","whole_genome_tile_clock",462,"Validation","Elastic_net","All_organs","r2_0.05","min20",25000,7.37763375440222,0.364192723335226
"Tile","whole_genome_tile_clock",463,"Train","Elastic_net","All_organs","r2_0.05","min5",25000,1.50927354083049,0.936253710001569
"Tile","whole_genome_tile_clock",463,"Validation","Elastic_net","All_organs","r2_0.05","min5",25000,4.42619730540188,0.341654817958548
"Tile","whole_genome_tile_clock",464,"Train","Elastic_net","All_organs","r2_0.05","nofilter",25000,1.16434884303323,0.957363099954736
"Tile","whole_genome_tile_clock",464,"Validation","Elastic_net","All_organs","r2_0.05","nofilter",25000,4.6666876227116,0.301867353528696
"Tile","whole_genome_tile_clock",465,"Train","Elastic_net","All_organs","r2_0.05","min10",5000,0.239447429001954,0.998663826363065
"Tile","whole_genome_tile_clock",465,"Validation","Elastic_net","All_organs","r2_0.05","min10",5000,8.48366193423269,0.382072726520932
"Tile","whole_genome_tile_clock",466,"Train","Elastic_net","All_organs","r2_0.05","min20",5000,0.192550771956237,0.99809649997255
"Tile","whole_genome_tile_clock",466,"Validation","Elastic_net","All_organs","r2_0.05","min20",5000,4.80053783168637,0.294148781925834
"Tile","whole_genome_tile_clock",467,"Train","Elastic_net","All_organs","r2_0.05","min5",5000,0.149906154860932,0.99973144958786
"Tile","whole_genome_tile_clock",467,"Validation","Elastic_net","All_organs","r2_0.05","min5",5000,4.27125102872917,0.357533401994109
"Tile","whole_genome_tile_clock",468,"Train","Elastic_net","All_organs","r2_0.05","nofilter",5000,0.160243229747085,0.999720902429789
"Tile","whole_genome_tile_clock",468,"Validation","Elastic_net","All_organs","r2_0.05","nofilter",5000,3.93483555418582,0.334930208117797
"Tile","whole_genome_tile_clock",469,"Train","Elastic_net","All_organs","r2_0.05","min10",500,0.145742100529792,0.999711734443885
"Tile","whole_genome_tile_clock",469,"Validation","Elastic_net","All_organs","r2_0.05","min10",500,4.27342851892019,0.374607173435349
"Tile","whole_genome_tile_clock",470,"Train","Elastic_net","All_organs","r2_0.05","min20",500,0.115890837908956,0.999248345994337
"Tile","whole_genome_tile_clock",470,"Validation","Elastic_net","All_organs","r2_0.05","min20",500,4.62531875947206,0.302629610792794
"Tile","whole_genome_tile_clock",471,"Train","Elastic_net","All_organs","r2_0.05","min5",500,0.152726747157313,0.999812403727679
"Tile","whole_genome_tile_clock",471,"Validation","Elastic_net","All_organs","r2_0.05","min5",500,8.21208910207917,0.295277933835266
"Tile","whole_genome_tile_clock",472,"Train","Elastic_net","All_organs","r2_0.05","nofilter",500,0.154487845301973,0.999809546908865
"Tile","whole_genome_tile_clock",472,"Validation","Elastic_net","All_organs","r2_0.05","nofilter",500,7.5881661257802,0.206209692810579
"Tile","whole_genome_tile_clock",473,"Train","Elastic_net","All_organs","r2_0.05","min10",50,0.150532699993816,0.999689052341405
"Tile","whole_genome_tile_clock",473,"Validation","Elastic_net","All_organs","r2_0.05","min10",50,4.53553938744571,0.290200322810167
"Tile","whole_genome_tile_clock",474,"Train","Elastic_net","All_organs","r2_0.05","min20",50,0.117841773844968,0.999048322241187
"Tile","whole_genome_tile_clock",474,"Validation","Elastic_net","All_organs","r2_0.05","min20",50,4.4739905520386,0.302862483419915
"Tile","whole_genome_tile_clock",475,"Train","Elastic_net","All_organs","r2_0.05","min5",50,0.152422599845525,0.999776780364647
"Tile","whole_genome_tile_clock",475,"Validation","Elastic_net","All_organs","r2_0.05","min5",50,4.76578189334892,0.247829800602347
"Tile","whole_genome_tile_clock",476,"Train","Elastic_net","All_organs","r2_0.1","min10",1000,0.327397418394994,0.996822319406614
"Tile","whole_genome_tile_clock",476,"Validation","Elastic_net","All_organs","r2_0.1","min10",1000,4.16266622058292,0.433099955379629
"Tile","whole_genome_tile_clock",477,"Train","Elastic_net","All_organs","r2_0.1","min20",1000,1.30708773234836,0.943823171771002
"Tile","whole_genome_tile_clock",477,"Validation","Elastic_net","All_organs","r2_0.1","min20",1000,3.80598765264105,0.450805588593769
"Tile","whole_genome_tile_clock",478,"Train","Elastic_net","All_organs","r2_0.1","min5",1000,0.154860062649594,0.999659290387486
"Tile","whole_genome_tile_clock",478,"Validation","Elastic_net","All_organs","r2_0.1","min5",1000,5.00951242580499,0.229789820466047
"Tile","whole_genome_tile_clock",479,"Train","Elastic_net","All_organs","r2_0.1","nofilter",1000,0.150159873781188,0.99968608579812
"Tile","whole_genome_tile_clock",479,"Validation","Elastic_net","All_organs","r2_0.1","nofilter",1000,7.67914983961058,0.345628547833656
"Tile","whole_genome_tile_clock",480,"Train","Elastic_net","All_organs","r2_0.1","min10",100,0.150061686780747,0.99959583756117
"Tile","whole_genome_tile_clock",480,"Validation","Elastic_net","All_organs","r2_0.1","min10",100,7.86831507911063,0.487396912403974
"Tile","whole_genome_tile_clock",481,"Train","Elastic_net","All_organs","r2_0.1","min20",100,1.55475942904665,0.947666236895086
"Tile","whole_genome_tile_clock",481,"Validation","Elastic_net","All_organs","r2_0.1","min20",100,8.97995669414399,0.46418604883995
"Tile","whole_genome_tile_clock",482,"Train","Elastic_net","All_organs","r2_0.1","min5",100,0.159636358011782,0.999716950474225
"Tile","whole_genome_tile_clock",482,"Validation","Elastic_net","All_organs","r2_0.1","min5",100,5.03164221994313,0.304237191834898
"Tile","whole_genome_tile_clock",483,"Train","Elastic_net","All_organs","r2_0.1","nofilter",100,0.147881427220007,0.99973776636938
"Tile","whole_genome_tile_clock",483,"Validation","Elastic_net","All_organs","r2_0.1","nofilter",100,3.61340007275787,0.588567642981248
"Tile","whole_genome_tile_clock",484,"Train","Elastic_net","All_organs","r2_0.1","min10",2000,0.752123499528386,0.99007299071675
"Tile","whole_genome_tile_clock",484,"Validation","Elastic_net","All_organs","r2_0.1","min10",2000,4.13643616265968,0.301891209800094
"Tile","whole_genome_tile_clock",485,"Train","Elastic_net","All_organs","r2_0.1","min20",2000,0.503208065327587,0.966677243681438
"Tile","whole_genome_tile_clock",485,"Validation","Elastic_net","All_organs","r2_0.1","min20",2000,4.00167406724785,0.489011419864184
"Tile","whole_genome_tile_clock",486,"Train","Elastic_net","All_organs","r2_0.1","min5",2000,0.156711042687376,0.999640388948411
"Tile","whole_genome_tile_clock",486,"Validation","Elastic_net","All_organs","r2_0.1","min5",2000,3.60431466955627,0.518916888693388
"Tile","whole_genome_tile_clock",487,"Train","Elastic_net","All_organs","r2_0.1","nofilter",2000,0.157009759104504,0.999594017983284
"Tile","whole_genome_tile_clock",487,"Validation","Elastic_net","All_organs","r2_0.1","nofilter",2000,3.4411124851291,0.494084884385208
"Tile","whole_genome_tile_clock",488,"Train","Elastic_net","All_organs","r2_0.1","min10",25000,0.686840986389755,0.975636459528139
"Tile","whole_genome_tile_clock",488,"Validation","Elastic_net","All_organs","r2_0.1","min10",25000,4.23381601947011,0.313980846738489
"Tile","whole_genome_tile_clock",489,"Train","Elastic_net","All_organs","r2_0.1","min20",25000,1.26152969718764,0.928644766599541
"Tile","whole_genome_tile_clock",489,"Validation","Elastic_net","All_organs","r2_0.1","min20",25000,4.79692014932249,0.300339212666309
"Tile","whole_genome_tile_clock",490,"Train","Elastic_net","All_organs","r2_0.1","min5",25000,1.01752571342315,0.964100857858734
"Tile","whole_genome_tile_clock",490,"Validation","Elastic_net","All_organs","r2_0.1","min5",25000,5.08078013089287,0.406425857210548
"Tile","whole_genome_tile_clock",491,"Train","Elastic_net","All_organs","r2_0.1","nofilter",25000,1.64197604443739,0.924827976068904
"Tile","whole_genome_tile_clock",491,"Validation","Elastic_net","All_organs","r2_0.1","nofilter",25000,4.62389869666273,0.290913645060388
"Tile","whole_genome_tile_clock",492,"Train","Elastic_net","All_organs","r2_0.1","min10",5000,0.611711076838837,0.993024800108507
"Tile","whole_genome_tile_clock",492,"Validation","Elastic_net","All_organs","r2_0.1","min10",5000,4.18865057108343,0.351078828405094
"Tile","whole_genome_tile_clock",493,"Train","Elastic_net","All_organs","r2_0.1","min20",5000,0.660864655888809,0.961195758285039
"Tile","whole_genome_tile_clock",493,"Validation","Elastic_net","All_organs","r2_0.1","min20",5000,4.93675449342081,0.37810648422847
"Tile","whole_genome_tile_clock",494,"Train","Elastic_net","All_organs","r2_0.1","min5",5000,0.50156487796865,0.995045399410849
"Tile","whole_genome_tile_clock",494,"Validation","Elastic_net","All_organs","r2_0.1","min5",5000,9.00670572292114,0.372025730966238
"Tile","whole_genome_tile_clock",495,"Train","Elastic_net","All_organs","r2_0.1","nofilter",5000,1.00959932092856,0.982444735183658
"Tile","whole_genome_tile_clock",495,"Validation","Elastic_net","All_organs","r2_0.1","nofilter",5000,9.00644653153145,0.317775683342913
"Tile","whole_genome_tile_clock",496,"Train","Elastic_net","All_organs","r2_0.1","min10",500,0.477854231784971,0.995215617543441
"Tile","whole_genome_tile_clock",496,"Validation","Elastic_net","All_organs","r2_0.1","min10",500,4.6130961950699,0.260493836909401
"Tile","whole_genome_tile_clock",497,"Train","Elastic_net","All_organs","r2_0.1","min20",500,1.74141316033993,0.922465162954873
"Tile","whole_genome_tile_clock",497,"Validation","Elastic_net","All_organs","r2_0.1","min20",500,4.38559358116064,0.330238630890226
"Tile","whole_genome_tile_clock",498,"Train","Elastic_net","All_organs","r2_0.1","min5",500,0.148304588077038,0.999643786529985
"Tile","whole_genome_tile_clock",498,"Validation","Elastic_net","All_organs","r2_0.1","min5",500,8.35316328343239,0.351832797426127
"Tile","whole_genome_tile_clock",499,"Train","Elastic_net","All_organs","r2_0.1","nofilter",500,0.155033961743974,0.999697031041803
"Tile","whole_genome_tile_clock",499,"Validation","Elastic_net","All_organs","r2_0.1","nofilter",500,4.89716880736692,0.309399900858996
"Tile","whole_genome_tile_clock",500,"Train","Elastic_net","All_organs","r2_0.1","min10",50,0.148800077539552,0.999613024385194
"Tile","whole_genome_tile_clock",500,"Validation","Elastic_net","All_organs","r2_0.1","min10",50,4.81747003832725,0.305278795523301
"Tile","whole_genome_tile_clock",501,"Train","Elastic_net","All_organs","r2_0.1","min20",50,0.436595792003528,0.987074607519488
"Tile","whole_genome_tile_clock",501,"Validation","Elastic_net","All_organs","r2_0.1","min20",50,8.36752729088231,0.279588818302828
"Tile","whole_genome_tile_clock",502,"Train","Elastic_net","All_organs","r2_0.1","nofilter",50,0.154645681358006,0.99977920479424
"Tile","whole_genome_tile_clock",502,"Validation","Elastic_net","All_organs","r2_0.1","nofilter",50,4.38756273895531,0.293913676675495
"Tile","whole_genome_tile_clock",503,"Train","Elastic_net","All_organs","r2_0.2","min10",1000,1.10380199961744,0.967608184717176
"Tile","whole_genome_tile_clock",503,"Validation","Elastic_net","All_organs","r2_0.2","min10",1000,4.33404353474064,0.282146336454468
"Tile","whole_genome_tile_clock",504,"Train","Elastic_net","All_organs","r2_0.2","min20",1000,2.02893641388545,0.877223850254709
"Tile","whole_genome_tile_clock",504,"Validation","Elastic_net","All_organs","r2_0.2","min20",1000,6.50036899804569,0.328659826897048
"Tile","whole_genome_tile_clock",505,"Train","Elastic_net","All_organs","r2_0.2","min5",1000,0.168149630727495,0.999462248965585
"Tile","whole_genome_tile_clock",505,"Validation","Elastic_net","All_organs","r2_0.2","min5",1000,8.36319647196998,0.462463759595961
"Tile","whole_genome_tile_clock",506,"Train","Elastic_net","All_organs","r2_0.2","nofilter",1000,0.168149630727495,0.999462248965585
"Tile","whole_genome_tile_clock",506,"Validation","Elastic_net","All_organs","r2_0.2","nofilter",1000,8.36319647196998,0.462463759595961
"Tile","whole_genome_tile_clock",507,"Train","Elastic_net","All_organs","r2_0.2","min10",100,0.9650369412985,0.971620752157037
"Tile","whole_genome_tile_clock",507,"Validation","Elastic_net","All_organs","r2_0.2","min10",100,4.89779813765373,0.312955123997722
"Tile","whole_genome_tile_clock",508,"Train","Elastic_net","All_organs","r2_0.2","min20",100,0.919388546776185,0.965217676519296
"Tile","whole_genome_tile_clock",508,"Validation","Elastic_net","All_organs","r2_0.2","min20",100,4.87484221089388,0.24383334351531
"Tile","whole_genome_tile_clock",509,"Train","Elastic_net","All_organs","r2_0.2","min5",100,0.155726537922531,0.99963246350219
"Tile","whole_genome_tile_clock",509,"Validation","Elastic_net","All_organs","r2_0.2","min5",100,4.08124477248522,0.370585046729878
"Tile","whole_genome_tile_clock",510,"Train","Elastic_net","All_organs","r2_0.2","nofilter",100,0.154807606214072,0.999606939763702
"Tile","whole_genome_tile_clock",510,"Validation","Elastic_net","All_organs","r2_0.2","nofilter",100,3.53944877153504,0.48790135762438
"Tile","whole_genome_tile_clock",511,"Train","Elastic_net","All_organs","r2_0.2","min10",2000,1.54580423092632,0.943987266419294
"Tile","whole_genome_tile_clock",511,"Validation","Elastic_net","All_organs","r2_0.2","min10",2000,4.04397708274936,0.353579282114299
"Tile","whole_genome_tile_clock",512,"Train","Elastic_net","All_organs","r2_0.2","min20",2000,1.57546567487956,0.910630666670434
"Tile","whole_genome_tile_clock",512,"Validation","Elastic_net","All_organs","r2_0.2","min20",2000,8.04446221872202,0.345814768013616
"Tile","whole_genome_tile_clock",513,"Train","Elastic_net","All_organs","r2_0.2","min5",2000,1.51397178020967,0.946378234885483
"Tile","whole_genome_tile_clock",513,"Validation","Elastic_net","All_organs","r2_0.2","min5",2000,7.158803757577,0.318590775813234
"Tile","whole_genome_tile_clock",514,"Train","Elastic_net","All_organs","r2_0.2","nofilter",2000,1.51397178020967,0.946378234885483
"Tile","whole_genome_tile_clock",514,"Validation","Elastic_net","All_organs","r2_0.2","nofilter",2000,7.158803757577,0.318590775813234
"Tile","whole_genome_tile_clock",515,"Train","Elastic_net","All_organs","r2_0.2","min10",25000,2.48334026323714,0.786841880625638
"Tile","whole_genome_tile_clock",515,"Validation","Elastic_net","All_organs","r2_0.2","min10",25000,5.11094480983851,0.273238964091705
"Tile","whole_genome_tile_clock",516,"Train","Elastic_net","All_organs","r2_0.2","min20",25000,3.79274456655623,0.62064576803613
"Tile","whole_genome_tile_clock",516,"Validation","Elastic_net","All_organs","r2_0.2","min20",25000,6.50494329641377,0.228498222994046
"Tile","whole_genome_tile_clock",517,"Train","Elastic_net","All_organs","r2_0.2","min5",25000,4.59763111454959,0.349504429099184
"Tile","whole_genome_tile_clock",517,"Validation","Elastic_net","All_organs","r2_0.2","min5",25000,4.73891064750278,0.45100056548666
"Tile","whole_genome_tile_clock",518,"Train","Elastic_net","All_organs","r2_0.2","nofilter",25000,4.59763111454959,0.349504429099184
"Tile","whole_genome_tile_clock",518,"Validation","Elastic_net","All_organs","r2_0.2","nofilter",25000,4.73891064750278,0.45100056548666
"Tile","whole_genome_tile_clock",519,"Train","Elastic_net","All_organs","r2_0.2","min10",5000,2.07524839794541,0.872135579912247
"Tile","whole_genome_tile_clock",519,"Validation","Elastic_net","All_organs","r2_0.2","min10",5000,4.42937929803421,0.245206940600507
"Tile","whole_genome_tile_clock",520,"Train","Elastic_net","All_organs","r2_0.2","min20",5000,2.33068788361866,0.840897006536245
"Tile","whole_genome_tile_clock",520,"Validation","Elastic_net","All_organs","r2_0.2","min20",5000,7.00960462312466,0.20394918140793
"Tile","whole_genome_tile_clock",521,"Train","Elastic_net","All_organs","r2_0.2","min5",5000,2.61281412143006,0.844525879577162
"Tile","whole_genome_tile_clock",521,"Validation","Elastic_net","All_organs","r2_0.2","min5",5000,3.71063862834632,0.276716822421756
"Tile","whole_genome_tile_clock",522,"Train","Elastic_net","All_organs","r2_0.2","nofilter",5000,2.61281412143006,0.844525879577162
"Tile","whole_genome_tile_clock",522,"Validation","Elastic_net","All_organs","r2_0.2","nofilter",5000,3.71063862834632,0.276716822421756
"Tile","whole_genome_tile_clock",523,"Train","Elastic_net","All_organs","r2_0.2","min10",500,1.68325075120967,0.93424616151898
"Tile","whole_genome_tile_clock",523,"Validation","Elastic_net","All_organs","r2_0.2","min10",500,4.53194714581457,0.277547421366602
"Tile","whole_genome_tile_clock",524,"Train","Elastic_net","All_organs","r2_0.2","min20",500,1.48017044999757,0.901054800843453
"Tile","whole_genome_tile_clock",524,"Validation","Elastic_net","All_organs","r2_0.2","min20",500,4.8151742061009,0.342675007321454
"Tile","whole_genome_tile_clock",525,"Train","Elastic_net","All_organs","r2_0.2","min5",500,0.453493964701138,0.996725998599944
"Tile","whole_genome_tile_clock",525,"Validation","Elastic_net","All_organs","r2_0.2","min5",500,3.96255151284898,0.426132005886524
"Tile","whole_genome_tile_clock",526,"Train","Elastic_net","All_organs","r2_0.2","nofilter",500,0.519128506601559,0.995360402746488
"Tile","whole_genome_tile_clock",526,"Validation","Elastic_net","All_organs","r2_0.2","nofilter",500,4.35070722672608,0.345409457578577
"Tile","whole_genome_tile_clock",527,"Train","Elastic_net","All_organs","r2_0.2","min10",50,0.582757669319987,0.986788724725141
"Tile","whole_genome_tile_clock",527,"Validation","Elastic_net","All_organs","r2_0.2","min10",50,4.86788381917322,0.257868491666758
"Tile","whole_genome_tile_clock",528,"Train","Elastic_net","All_organs","r2_0.2","min20",50,0.813424901689537,0.957114763378228
"Tile","whole_genome_tile_clock",528,"Validation","Elastic_net","All_organs","r2_0.2","min20",50,7.37566255318991,0.271321480512179
"Tile","whole_genome_tile_clock",529,"Train","Elastic_net","All_organs","r2_0.2","min5",50,0.482406654661318,0.996045158475766
"Tile","whole_genome_tile_clock",529,"Validation","Elastic_net","All_organs","r2_0.2","min5",50,4.3017607078018,0.322236433090142
"Tile","whole_genome_tile_clock",530,"Train","Elastic_net","All_organs","r2_0.2","nofilter",50,0.146472483043829,0.99964042173882
"Tile","whole_genome_tile_clock",530,"Validation","Elastic_net","All_organs","r2_0.2","nofilter",50,3.70856286018994,0.499739837986106
"Tile","whole_genome_tile_clock",531,"Train","Elastic_net","All_organs","r2_0.3","min10",1000,2.46286862668324,0.858021907100968
"Tile","whole_genome_tile_clock",531,"Validation","Elastic_net","All_organs","r2_0.3","min10",1000,4.3324564670978,0.283185823620155
"Tile","whole_genome_tile_clock",532,"Train","Elastic_net","All_organs","r2_0.3","min20",1000,3.10224114591452,0.790625066429176
"Tile","whole_genome_tile_clock",532,"Validation","Elastic_net","All_organs","r2_0.3","min20",1000,4.69374695836206,0.300355779531403
"Tile","whole_genome_tile_clock",533,"Train","Elastic_net","All_organs","r2_0.3","min5",1000,1.77850488785409,0.941000856720938
"Tile","whole_genome_tile_clock",533,"Validation","Elastic_net","All_organs","r2_0.3","min5",1000,4.18538818946444,0.389067916907735
"Tile","whole_genome_tile_clock",534,"Train","Elastic_net","All_organs","r2_0.3","nofilter",1000,1.78036799014958,0.940906897453453
"Tile","whole_genome_tile_clock",534,"Validation","Elastic_net","All_organs","r2_0.3","nofilter",1000,4.17012829145082,0.396239908555077
"Tile","whole_genome_tile_clock",535,"Train","Elastic_net","All_organs","r2_0.3","min10",100,1.70954302142855,0.929039592611768
"Tile","whole_genome_tile_clock",535,"Validation","Elastic_net","All_organs","r2_0.3","min10",100,4.52008013431295,0.266986141566613
"Tile","whole_genome_tile_clock",536,"Train","Elastic_net","All_organs","r2_0.3","min20",100,1.52234728856772,0.937715783632669
"Tile","whole_genome_tile_clock",536,"Validation","Elastic_net","All_organs","r2_0.3","min20",100,4.60490727167051,0.337441802318203
"Tile","whole_genome_tile_clock",537,"Train","Elastic_net","All_organs","r2_0.3","min5",100,1.12003405115934,0.974207581474397
"Tile","whole_genome_tile_clock",537,"Validation","Elastic_net","All_organs","r2_0.3","min5",100,4.2085051709758,0.366819140293775
"Tile","whole_genome_tile_clock",538,"Train","Elastic_net","All_organs","r2_0.3","nofilter",100,0.91378001206371,0.983026921535481
"Tile","whole_genome_tile_clock",538,"Validation","Elastic_net","All_organs","r2_0.3","nofilter",100,3.76065537378043,0.476533739702822
"Tile","whole_genome_tile_clock",539,"Train","Elastic_net","All_organs","r2_0.3","min10",2000,3.33794334573267,0.71737765376714
"Tile","whole_genome_tile_clock",539,"Validation","Elastic_net","All_organs","r2_0.3","min10",2000,7.38173552254043,0.266823332102345
"Tile","whole_genome_tile_clock",540,"Train","Elastic_net","All_organs","r2_0.3","min20",2000,1.74261843880939,0.906830291667494
"Tile","whole_genome_tile_clock",540,"Validation","Elastic_net","All_organs","r2_0.3","min20",2000,6.84047751403559,0.265584806782675
"Tile","whole_genome_tile_clock",541,"Train","Elastic_net","All_organs","r2_0.3","min5",2000,2.41690348240415,0.866141904057189
"Tile","whole_genome_tile_clock",541,"Validation","Elastic_net","All_organs","r2_0.3","min5",2000,4.4121501860311,0.332452275675357
"Tile","whole_genome_tile_clock",542,"Train","Elastic_net","All_organs","r2_0.3","nofilter",2000,2.41690348240415,0.866141904057189
"Tile","whole_genome_tile_clock",542,"Validation","Elastic_net","All_organs","r2_0.3","nofilter",2000,4.4121501860311,0.332452275675357
"Tile","whole_genome_tile_clock",543,"Train","Elastic_net","All_organs","r2_0.3","min10",25000,4.41508152066572,0.445886443464069
"Tile","whole_genome_tile_clock",543,"Validation","Elastic_net","All_organs","r2_0.3","min10",25000,7.02555398356865,0.21514560759324
"Tile","whole_genome_tile_clock",544,"Train","Elastic_net","All_organs","r2_0.3","min20",25000,3.38615525804651,0.656364262051202
"Tile","whole_genome_tile_clock",544,"Validation","Elastic_net","All_organs","r2_0.3","min20",25000,4.89087254504768,0.244998357990816
"Tile","whole_genome_tile_clock",545,"Train","Elastic_net","All_organs","r2_0.3","min5",25000,4.54310283497657,0.374095620298907
"Tile","whole_genome_tile_clock",545,"Validation","Elastic_net","All_organs","r2_0.3","min5",25000,5.37436021926055,0.254981194664943
"Tile","whole_genome_tile_clock",546,"Train","Elastic_net","All_organs","r2_0.3","nofilter",25000,4.54310283497657,0.374095620298907
"Tile","whole_genome_tile_clock",546,"Validation","Elastic_net","All_organs","r2_0.3","nofilter",25000,5.37436021926055,0.254981194664943
"Tile","whole_genome_tile_clock",547,"Train","Elastic_net","All_organs","r2_0.3","min10",5000,2.81431633030675,0.791360993053634
"Tile","whole_genome_tile_clock",547,"Validation","Elastic_net","All_organs","r2_0.3","min10",5000,4.42440026283927,0.331464922192715
"Tile","whole_genome_tile_clock",548,"Train","Elastic_net","All_organs","r2_0.3","min20",5000,3.35894231855895,0.688231434475761
"Tile","whole_genome_tile_clock",548,"Validation","Elastic_net","All_organs","r2_0.3","min20",5000,5.72888682871388,0.215755708402125
"Tile","whole_genome_tile_clock",549,"Train","Elastic_net","All_organs","r2_0.3","min5",5000,2.29775007866508,0.886141339787578
"Tile","whole_genome_tile_clock",549,"Validation","Elastic_net","All_organs","r2_0.3","min5",5000,4.6916612571086,0.308190863955836
"Tile","whole_genome_tile_clock",550,"Train","Elastic_net","All_organs","r2_0.3","nofilter",5000,1.99185536106541,0.91812950995638
"Tile","whole_genome_tile_clock",550,"Validation","Elastic_net","All_organs","r2_0.3","nofilter",5000,4.8052584760609,0.279205734012232
"Tile","whole_genome_tile_clock",551,"Train","Elastic_net","All_organs","r2_0.3","min10",500,3.9783588636663,0.619436734182741
"Tile","whole_genome_tile_clock",551,"Validation","Elastic_net","All_organs","r2_0.3","min10",500,4.43465979868282,0.28406361472186
"Tile","whole_genome_tile_clock",552,"Train","Elastic_net","All_organs","r2_0.3","min20",500,1.58276900682389,0.883262983019534
"Tile","whole_genome_tile_clock",552,"Validation","Elastic_net","All_organs","r2_0.3","min20",500,4.62846718847149,0.273177421111296
"Tile","whole_genome_tile_clock",553,"Train","Elastic_net","All_organs","r2_0.3","min5",500,1.25699420865446,0.972649547960455
"Tile","whole_genome_tile_clock",553,"Validation","Elastic_net","All_organs","r2_0.3","min5",500,4.41474147256454,0.368382114376437
"Tile","whole_genome_tile_clock",554,"Train","Elastic_net","All_organs","r2_0.3","nofilter",500,1.00559150059589,0.978246875455023
"Tile","whole_genome_tile_clock",554,"Validation","Elastic_net","All_organs","r2_0.3","nofilter",500,4.30520448382765,0.428089462451246
"Tile","whole_genome_tile_clock",555,"Train","Elastic_net","All_organs","r2_0.3","min20",50,1.4657114752208,0.900765525781433
"Tile","whole_genome_tile_clock",555,"Validation","Elastic_net","All_organs","r2_0.3","min20",50,5.1587715087316,0.365446937181742
"Tile","whole_genome_tile_clock",556,"Train","Elastic_net","All_organs","r2_0.3","min5",50,0.152882104528053,0.999616395409783
"Tile","whole_genome_tile_clock",556,"Validation","Elastic_net","All_organs","r2_0.3","min5",50,3.88064103730652,0.412222351583645
"Tile","whole_genome_tile_clock",557,"Train","Elastic_net","Brain","r2_0.05","min10",1000,0.155342447319207,0.999800433682543
"Tile","whole_genome_tile_clock",557,"Validation","Elastic_net","Brain","r2_0.05","min10",1000,3.23875694243676,0.724853731427193
"Tile","whole_genome_tile_clock",558,"Train","Elastic_net","Brain","r2_0.05","min20",1000,0.145876955830288,0.999843483959277
"Tile","whole_genome_tile_clock",558,"Validation","Elastic_net","Brain","r2_0.05","min20",1000,3.57116637119908,0.673845272116427
"Tile","whole_genome_tile_clock",559,"Train","Elastic_net","Brain","r2_0.05","min5",1000,0.168911832677938,0.99987338003012
"Tile","whole_genome_tile_clock",559,"Validation","Elastic_net","Brain","r2_0.05","min5",1000,8.8121990602764,0.544522298239527
"Tile","whole_genome_tile_clock",560,"Train","Elastic_net","Brain","r2_0.05","nofilter",1000,0.169599022882567,0.999782238042773
"Tile","whole_genome_tile_clock",560,"Validation","Elastic_net","Brain","r2_0.05","nofilter",1000,3.3095153700295,0.78998227943124
"Tile","whole_genome_tile_clock",561,"Train","Elastic_net","Brain","r2_0.05","min10",100,0.162777420755965,0.99986456364421
"Tile","whole_genome_tile_clock",561,"Validation","Elastic_net","Brain","r2_0.05","min10",100,3.69863371244011,0.753577343644713
"Tile","whole_genome_tile_clock",562,"Train","Elastic_net","Brain","r2_0.05","min20",100,0.158777117547914,0.999819369242605
"Tile","whole_genome_tile_clock",562,"Validation","Elastic_net","Brain","r2_0.05","min20",100,7.35023636571669,0.600495275335943
"Tile","whole_genome_tile_clock",563,"Train","Elastic_net","Brain","r2_0.05","min5",100,0.164292430656015,0.999927807615175
"Tile","whole_genome_tile_clock",563,"Validation","Elastic_net","Brain","r2_0.05","min5",100,5.56897286084582,0.451928231463658
"Tile","whole_genome_tile_clock",564,"Train","Elastic_net","Brain","r2_0.05","nofilter",100,0.160449097668951,0.999904362579652
"Tile","whole_genome_tile_clock",564,"Validation","Elastic_net","Brain","r2_0.05","nofilter",100,6.12589251989351,0.656983274968449
"Tile","whole_genome_tile_clock",565,"Train","Elastic_net","Brain","r2_0.05","min10",2000,0.159590990485972,0.999834146897595
"Tile","whole_genome_tile_clock",565,"Validation","Elastic_net","Brain","r2_0.05","min10",2000,5.15389694244038,0.693079404880423
"Tile","whole_genome_tile_clock",566,"Train","Elastic_net","Brain","r2_0.05","min20",2000,0.16516868371996,0.999838062731985
"Tile","whole_genome_tile_clock",566,"Validation","Elastic_net","Brain","r2_0.05","min20",2000,3.33159401185843,0.745473565402601
"Tile","whole_genome_tile_clock",567,"Train","Elastic_net","Brain","r2_0.05","min5",2000,0.161692826301073,0.999881327322019
"Tile","whole_genome_tile_clock",567,"Validation","Elastic_net","Brain","r2_0.05","min5",2000,6.55110695719935,0.379127668989489
"Tile","whole_genome_tile_clock",568,"Train","Elastic_net","Brain","r2_0.05","nofilter",2000,0.161230758853418,0.999875607483584
"Tile","whole_genome_tile_clock",568,"Validation","Elastic_net","Brain","r2_0.05","nofilter",2000,4.38136019216212,0.632996179546437
"Tile","whole_genome_tile_clock",569,"Train","Elastic_net","Brain","r2_0.05","min10",25000,0.159892693012745,0.999825315156237
"Tile","whole_genome_tile_clock",569,"Validation","Elastic_net","Brain","r2_0.05","min10",25000,3.15198448125175,0.693453516714182
"Tile","whole_genome_tile_clock",570,"Train","Elastic_net","Brain","r2_0.05","min20",25000,0.148760538871854,0.999792645600057
"Tile","whole_genome_tile_clock",570,"Validation","Elastic_net","Brain","r2_0.05","min20",25000,7.3946824164636,0.517375433475037
"Tile","whole_genome_tile_clock",571,"Train","Elastic_net","Brain","r2_0.05","min5",25000,4.80600332448928,0.545577010877051
"Tile","whole_genome_tile_clock",571,"Validation","Elastic_net","Brain","r2_0.05","min5",25000,4.45911843031636,0.551739014221918
"Tile","whole_genome_tile_clock",572,"Train","Elastic_net","Brain","r2_0.05","nofilter",25000,0.155607727430678,0.999859185378606
"Tile","whole_genome_tile_clock",572,"Validation","Elastic_net","Brain","r2_0.05","nofilter",25000,7.9510704070277,0.509223852971628
"Tile","whole_genome_tile_clock",573,"Train","Elastic_net","Brain","r2_0.05","min10",5000,0.15913208947459,0.999901196246658
"Tile","whole_genome_tile_clock",573,"Validation","Elastic_net","Brain","r2_0.05","min10",5000,3.4672762914452,0.425006497600609
"Tile","whole_genome_tile_clock",574,"Train","Elastic_net","Brain","r2_0.05","min20",5000,5.15603475450454,0.361129701196444
"Tile","whole_genome_tile_clock",574,"Validation","Elastic_net","Brain","r2_0.05","min20",5000,4.05924655869543,0.661792298792927
"Tile","whole_genome_tile_clock",575,"Train","Elastic_net","Brain","r2_0.05","min5",5000,0.163668563688578,0.999857600336079
"Tile","whole_genome_tile_clock",575,"Validation","Elastic_net","Brain","r2_0.05","min5",5000,4.01699755145071,0.574514249255273
"Tile","whole_genome_tile_clock",576,"Train","Elastic_net","Brain","r2_0.05","nofilter",5000,3.42696239274199,0.88197801867847
"Tile","whole_genome_tile_clock",576,"Validation","Elastic_net","Brain","r2_0.05","nofilter",5000,3.46119010203377,0.8331006608074
"Tile","whole_genome_tile_clock",577,"Train","Elastic_net","Brain","r2_0.05","min10",500,0.154811656482766,0.99989570683722
"Tile","whole_genome_tile_clock",577,"Validation","Elastic_net","Brain","r2_0.05","min10",500,3.06361574936289,0.739119122108689
"Tile","whole_genome_tile_clock",578,"Train","Elastic_net","Brain","r2_0.05","min20",500,0.242750773103283,0.99970575670551
"Tile","whole_genome_tile_clock",578,"Validation","Elastic_net","Brain","r2_0.05","min20",500,2.71924745280851,0.856869002047703
"Tile","whole_genome_tile_clock",579,"Train","Elastic_net","Brain","r2_0.05","min5",500,0.169722729483528,0.999889391925598
"Tile","whole_genome_tile_clock",579,"Validation","Elastic_net","Brain","r2_0.05","min5",500,6.912392937081,0.661746398137797
"Tile","whole_genome_tile_clock",580,"Train","Elastic_net","Brain","r2_0.05","nofilter",500,0.163941907651194,0.9999128609254
"Tile","whole_genome_tile_clock",580,"Validation","Elastic_net","Brain","r2_0.05","nofilter",500,2.78953082285915,0.771510973544831
"Tile","whole_genome_tile_clock",581,"Train","Elastic_net","Brain","r2_0.05","min10",50,0.153189422146319,0.999927000934904
"Tile","whole_genome_tile_clock",581,"Validation","Elastic_net","Brain","r2_0.05","min10",50,2.8214440111038,0.793681844927984
"Tile","whole_genome_tile_clock",582,"Train","Elastic_net","Brain","r2_0.05","min20",50,0.15992084958083,0.999842328251519
"Tile","whole_genome_tile_clock",582,"Validation","Elastic_net","Brain","r2_0.05","min20",50,6.85316135491716,0.69962383964495
"Tile","whole_genome_tile_clock",583,"Train","Elastic_net","Brain","r2_0.05","min5",50,0.157690751885746,0.999930334574857
"Tile","whole_genome_tile_clock",583,"Validation","Elastic_net","Brain","r2_0.05","min5",50,6.46337831224459,0.589308229371121
"Tile","whole_genome_tile_clock",584,"Train","Elastic_net","Brain","r2_0.05","nofilter",50,0.153022123978799,0.999922581265478
"Tile","whole_genome_tile_clock",584,"Validation","Elastic_net","Brain","r2_0.05","nofilter",50,7.73335105507077,0.396980138237727
"Tile","whole_genome_tile_clock",585,"Train","Elastic_net","Brain","r2_0.1","min10",1000,0.157819377960538,0.999879355871436
"Tile","whole_genome_tile_clock",585,"Validation","Elastic_net","Brain","r2_0.1","min10",1000,3.24828386085907,0.765596145957369
"Tile","whole_genome_tile_clock",586,"Train","Elastic_net","Brain","r2_0.1","min20",1000,0.15957358502596,0.999799715179553
"Tile","whole_genome_tile_clock",586,"Validation","Elastic_net","Brain","r2_0.1","min20",1000,3.5963738162684,0.671283024046976
"Tile","whole_genome_tile_clock",587,"Train","Elastic_net","Brain","r2_0.1","min5",1000,0.215657652444223,0.999678984764979
"Tile","whole_genome_tile_clock",587,"Validation","Elastic_net","Brain","r2_0.1","min5",1000,4.80301983046922,0.510747637473667
"Tile","whole_genome_tile_clock",588,"Train","Elastic_net","Brain","r2_0.1","nofilter",1000,0.171767611114961,0.999811103038504
"Tile","whole_genome_tile_clock",588,"Validation","Elastic_net","Brain","r2_0.1","nofilter",1000,3.49121477631806,0.777932792563208
"Tile","whole_genome_tile_clock",589,"Train","Elastic_net","Brain","r2_0.1","min10",100,0.164131668764655,0.999905236202723
"Tile","whole_genome_tile_clock",589,"Validation","Elastic_net","Brain","r2_0.1","min10",100,4.61828502784794,0.67340818018316
"Tile","whole_genome_tile_clock",590,"Train","Elastic_net","Brain","r2_0.1","min20",100,0.167624161155438,0.999739431337052
"Tile","whole_genome_tile_clock",590,"Validation","Elastic_net","Brain","r2_0.1","min20",100,3.72982222424223,0.834609565026551
"Tile","whole_genome_tile_clock",591,"Train","Elastic_net","Brain","r2_0.1","min5",100,0.161365918713605,0.999916699875253
"Tile","whole_genome_tile_clock",591,"Validation","Elastic_net","Brain","r2_0.1","min5",100,3.6187680249601,0.61970422391169
"Tile","whole_genome_tile_clock",592,"Train","Elastic_net","Brain","r2_0.1","nofilter",100,0.165214669967563,0.99992485373775
"Tile","whole_genome_tile_clock",592,"Validation","Elastic_net","Brain","r2_0.1","nofilter",100,3.94589405432587,0.595551111196165
"Tile","whole_genome_tile_clock",593,"Train","Elastic_net","Brain","r2_0.1","min10",2000,0.166488129245875,0.99980509668941
"Tile","whole_genome_tile_clock",593,"Validation","Elastic_net","Brain","r2_0.1","min10",2000,4.17921343397592,0.573754967973206
"Tile","whole_genome_tile_clock",594,"Train","Elastic_net","Brain","r2_0.1","min20",2000,0.156079575432061,0.999806348897307
"Tile","whole_genome_tile_clock",594,"Validation","Elastic_net","Brain","r2_0.1","min20",2000,3.45552595525048,0.83193949124822
"Tile","whole_genome_tile_clock",595,"Train","Elastic_net","Brain","r2_0.1","min5",2000,0.16212732790551,0.999856732039534
"Tile","whole_genome_tile_clock",595,"Validation","Elastic_net","Brain","r2_0.1","min5",2000,3.57795952722969,0.630672213741871
"Tile","whole_genome_tile_clock",596,"Train","Elastic_net","Brain","r2_0.1","nofilter",2000,0.164053702808207,0.999844955202498
"Tile","whole_genome_tile_clock",596,"Validation","Elastic_net","Brain","r2_0.1","nofilter",2000,3.47842764319637,0.852729098706686
"Tile","whole_genome_tile_clock",597,"Train","Elastic_net","Brain","r2_0.1","min10",25000,0.33705332347999,0.999052259350877
"Tile","whole_genome_tile_clock",597,"Validation","Elastic_net","Brain","r2_0.1","min10",25000,3.63680724091002,0.907748924370785
"Tile","whole_genome_tile_clock",598,"Train","Elastic_net","Brain","r2_0.1","min20",25000,0.476692798780332,0.997559350729891
"Tile","whole_genome_tile_clock",598,"Validation","Elastic_net","Brain","r2_0.1","min20",25000,2.44213638737004,0.749212322181719
"Tile","whole_genome_tile_clock",599,"Train","Elastic_net","Brain","r2_0.1","min5",25000,0.148340122415587,0.99976600201296
"Tile","whole_genome_tile_clock",599,"Validation","Elastic_net","Brain","r2_0.1","min5",25000,3.64250060519569,0.554425426201645
"Tile","whole_genome_tile_clock",600,"Train","Elastic_net","Brain","r2_0.1","nofilter",25000,0.161018903870655,0.999733029616816
"Tile","whole_genome_tile_clock",600,"Validation","Elastic_net","Brain","r2_0.1","nofilter",25000,4.15245369278145,0.591011901606643
"Tile","whole_genome_tile_clock",601,"Train","Elastic_net","Brain","r2_0.1","min10",5000,0.164800241488576,0.99981838981654
"Tile","whole_genome_tile_clock",601,"Validation","Elastic_net","Brain","r2_0.1","min10",5000,2.47627299864373,0.893478202518981
"Tile","whole_genome_tile_clock",602,"Train","Elastic_net","Brain","r2_0.1","min20",5000,0.158973002063415,0.999798421768096
"Tile","whole_genome_tile_clock",602,"Validation","Elastic_net","Brain","r2_0.1","min20",5000,3.38056767255983,0.737674910649765
"Tile","whole_genome_tile_clock",603,"Train","Elastic_net","Brain","r2_0.1","min5",5000,0.166917879928699,0.999857758497267
"Tile","whole_genome_tile_clock",603,"Validation","Elastic_net","Brain","r2_0.1","min5",5000,3.65370482158586,0.65551875028181
"Tile","whole_genome_tile_clock",604,"Train","Elastic_net","Brain","r2_0.1","nofilter",5000,0.162725083364635,0.999871636197979
"Tile","whole_genome_tile_clock",604,"Validation","Elastic_net","Brain","r2_0.1","nofilter",5000,4.09659723294254,0.716362008994292
"Tile","whole_genome_tile_clock",605,"Train","Elastic_net","Brain","r2_0.1","min10",500,0.167602057338478,0.999828702252246
"Tile","whole_genome_tile_clock",605,"Validation","Elastic_net","Brain","r2_0.1","min10",500,3.78104334089,0.632170399990538
"Tile","whole_genome_tile_clock",606,"Train","Elastic_net","Brain","r2_0.1","min20",500,0.160813576301443,0.999782864085468
"Tile","whole_genome_tile_clock",606,"Validation","Elastic_net","Brain","r2_0.1","min20",500,3.59576560732473,0.573574150426276
"Tile","whole_genome_tile_clock",607,"Train","Elastic_net","Brain","r2_0.1","min5",500,0.162186329288019,0.999850673670815
"Tile","whole_genome_tile_clock",607,"Validation","Elastic_net","Brain","r2_0.1","min5",500,3.60172596716311,0.749851641219256
"Tile","whole_genome_tile_clock",608,"Train","Elastic_net","Brain","r2_0.1","nofilter",500,0.170233702667091,0.999803633960036
"Tile","whole_genome_tile_clock",608,"Validation","Elastic_net","Brain","r2_0.1","nofilter",500,4.00473624250641,0.620514292360474
"Tile","whole_genome_tile_clock",609,"Train","Elastic_net","Brain","r2_0.1","min10",50,0.166493958112864,0.999852870735721
"Tile","whole_genome_tile_clock",609,"Validation","Elastic_net","Brain","r2_0.1","min10",50,2.74460116730213,0.891554775740003
"Tile","whole_genome_tile_clock",610,"Train","Elastic_net","Brain","r2_0.1","min20",50,0.156163820936873,0.99984277179177
"Tile","whole_genome_tile_clock",610,"Validation","Elastic_net","Brain","r2_0.1","min20",50,3.67671074705839,0.794369895728438
"Tile","whole_genome_tile_clock",611,"Train","Elastic_net","Brain","r2_0.1","min5",50,0.16631372822773,0.999890541849375
"Tile","whole_genome_tile_clock",611,"Validation","Elastic_net","Brain","r2_0.1","min5",50,3.47787226587302,0.604660476019284
"Tile","whole_genome_tile_clock",612,"Train","Elastic_net","Brain","r2_0.1","nofilter",50,0.165503654765157,0.99988960697935
"Tile","whole_genome_tile_clock",612,"Validation","Elastic_net","Brain","r2_0.1","nofilter",50,7.17418239612357,0.589601794293692
"Tile","whole_genome_tile_clock",613,"Train","Elastic_net","Brain","r2_0.2","min10",1000,0.158014968792529,0.99979424385797
"Tile","whole_genome_tile_clock",613,"Validation","Elastic_net","Brain","r2_0.2","min10",1000,1.90589883504107,0.882350469667974
"Tile","whole_genome_tile_clock",614,"Train","Elastic_net","Brain","r2_0.2","min20",1000,0.414364289895498,0.998669467198379
"Tile","whole_genome_tile_clock",614,"Validation","Elastic_net","Brain","r2_0.2","min20",1000,3.1251730644879,0.862983146251878
"Tile","whole_genome_tile_clock",615,"Train","Elastic_net","Brain","r2_0.2","min5",1000,0.165598411321027,0.999795716593925
"Tile","whole_genome_tile_clock",615,"Validation","Elastic_net","Brain","r2_0.2","min5",1000,1.66513824901617,0.861744893982814
"Tile","whole_genome_tile_clock",616,"Train","Elastic_net","Brain","r2_0.2","nofilter",1000,0.169615751038404,0.999771755511739
"Tile","whole_genome_tile_clock",616,"Validation","Elastic_net","Brain","r2_0.2","nofilter",1000,3.19829693559043,0.873715424843854
"Tile","whole_genome_tile_clock",617,"Train","Elastic_net","Brain","r2_0.2","min10",100,0.155361708796349,0.999793973156218
"Tile","whole_genome_tile_clock",617,"Validation","Elastic_net","Brain","r2_0.2","min10",100,2.51408368366864,0.940627979426704
"Tile","whole_genome_tile_clock",618,"Train","Elastic_net","Brain","r2_0.2","min20",100,0.16196721445921,0.999761907335872
"Tile","whole_genome_tile_clock",618,"Validation","Elastic_net","Brain","r2_0.2","min20",100,2.81658455556949,0.901261657922304
"Tile","whole_genome_tile_clock",619,"Train","Elastic_net","Brain","r2_0.2","min5",100,0.166761635769276,0.999814384351671
"Tile","whole_genome_tile_clock",619,"Validation","Elastic_net","Brain","r2_0.2","min5",100,2.7225888888032,0.92884519767076
"Tile","whole_genome_tile_clock",620,"Train","Elastic_net","Brain","r2_0.2","nofilter",100,0.161007752560693,0.999862699401827
"Tile","whole_genome_tile_clock",620,"Validation","Elastic_net","Brain","r2_0.2","nofilter",100,2.28238698131435,0.900707496085527
"Tile","whole_genome_tile_clock",621,"Train","Elastic_net","Brain","r2_0.2","min10",2000,0.169261456334317,0.999782172545571
"Tile","whole_genome_tile_clock",621,"Validation","Elastic_net","Brain","r2_0.2","min10",2000,3.08188626337749,0.808281557040505
"Tile","whole_genome_tile_clock",622,"Train","Elastic_net","Brain","r2_0.2","min20",2000,1.11150713129443,0.988580760965065
"Tile","whole_genome_tile_clock",622,"Validation","Elastic_net","Brain","r2_0.2","min20",2000,3.07740059317262,0.780342248018452
"Tile","whole_genome_tile_clock",623,"Train","Elastic_net","Brain","r2_0.2","min5",2000,0.168561174464213,0.999808634676405
"Tile","whole_genome_tile_clock",623,"Validation","Elastic_net","Brain","r2_0.2","min5",2000,3.33601423232377,0.929277550026615
"Tile","whole_genome_tile_clock",624,"Train","Elastic_net","Brain","r2_0.2","nofilter",2000,0.168435077198772,0.999799826705732
"Tile","whole_genome_tile_clock",624,"Validation","Elastic_net","Brain","r2_0.2","nofilter",2000,2.90049253780244,0.832525763579548
"Tile","whole_genome_tile_clock",625,"Train","Elastic_net","Brain","r2_0.2","min10",25000,1.84472289871689,0.961154117602612
"Tile","whole_genome_tile_clock",625,"Validation","Elastic_net","Brain","r2_0.2","min10",25000,3.42366392186284,0.735199568819679
"Tile","whole_genome_tile_clock",626,"Train","Elastic_net","Brain","r2_0.2","min20",25000,3.4386127900301,0.84116471652425
"Tile","whole_genome_tile_clock",626,"Validation","Elastic_net","Brain","r2_0.2","min20",25000,3.06238638314637,0.89822798702692
"Tile","whole_genome_tile_clock",627,"Train","Elastic_net","Brain","r2_0.2","min5",25000,0.703390710216252,0.992664482015853
"Tile","whole_genome_tile_clock",627,"Validation","Elastic_net","Brain","r2_0.2","min5",25000,3.9335612615513,0.838801668479942
"Tile","whole_genome_tile_clock",628,"Train","Elastic_net","Brain","r2_0.2","nofilter",25000,0.703390710216252,0.992664482015853
"Tile","whole_genome_tile_clock",628,"Validation","Elastic_net","Brain","r2_0.2","nofilter",25000,3.9335612615513,0.838801668479942
"Tile","whole_genome_tile_clock",629,"Train","Elastic_net","Brain","r2_0.2","min10",5000,0.548788151126531,0.996844782196355
"Tile","whole_genome_tile_clock",629,"Validation","Elastic_net","Brain","r2_0.2","min10",5000,2.6712205224086,0.844802533933741
"Tile","whole_genome_tile_clock",630,"Train","Elastic_net","Brain","r2_0.2","min20",5000,1.74605213658751,0.962478436750351
"Tile","whole_genome_tile_clock",630,"Validation","Elastic_net","Brain","r2_0.2","min20",5000,3.83874656077905,0.876690615619563
"Tile","whole_genome_tile_clock",631,"Train","Elastic_net","Brain","r2_0.2","min5",5000,0.284865598769719,0.998952999224122
"Tile","whole_genome_tile_clock",631,"Validation","Elastic_net","Brain","r2_0.2","min5",5000,2.55476533167171,0.79948014916185
"Tile","whole_genome_tile_clock",632,"Train","Elastic_net","Brain","r2_0.2","nofilter",5000,0.708147686929271,0.994194604761557
"Tile","whole_genome_tile_clock",632,"Validation","Elastic_net","Brain","r2_0.2","nofilter",5000,3.44233761087297,0.858536967506752
"Tile","whole_genome_tile_clock",633,"Train","Elastic_net","Brain","r2_0.2","min10",500,0.159912887575443,0.999815614909048
"Tile","whole_genome_tile_clock",633,"Validation","Elastic_net","Brain","r2_0.2","min10",500,3.94153177505799,0.927169574226035
"Tile","whole_genome_tile_clock",634,"Train","Elastic_net","Brain","r2_0.2","min20",500,0.162109389413079,0.999750324447656
"Tile","whole_genome_tile_clock",634,"Validation","Elastic_net","Brain","r2_0.2","min20",500,2.14642997991625,0.865047594695483
"Tile","whole_genome_tile_clock",635,"Train","Elastic_net","Brain","r2_0.2","min5",500,0.168692765670875,0.999799762385011
"Tile","whole_genome_tile_clock",635,"Validation","Elastic_net","Brain","r2_0.2","min5",500,1.44498793160977,0.923816623180159
"Tile","whole_genome_tile_clock",636,"Train","Elastic_net","Brain","r2_0.2","nofilter",500,0.156414991390693,0.99981145771078
"Tile","whole_genome_tile_clock",636,"Validation","Elastic_net","Brain","r2_0.2","nofilter",500,3.06212700769964,0.842079943228548
"Tile","whole_genome_tile_clock",637,"Train","Elastic_net","Brain","r2_0.2","min10",50,0.156635915803773,0.999852402115026
"Tile","whole_genome_tile_clock",637,"Validation","Elastic_net","Brain","r2_0.2","min10",50,2.6413828151125,0.916143385366717
"Tile","whole_genome_tile_clock",638,"Train","Elastic_net","Brain","r2_0.2","min20",50,0.163646025567707,0.999754428425692
"Tile","whole_genome_tile_clock",638,"Validation","Elastic_net","Brain","r2_0.2","min20",50,4.49306894196418,0.838825629387289
"Tile","whole_genome_tile_clock",639,"Train","Elastic_net","Brain","r2_0.2","min5",50,0.168378466457395,0.999816309625777
"Tile","whole_genome_tile_clock",639,"Validation","Elastic_net","Brain","r2_0.2","min5",50,3.05700745340615,0.904099896213758
"Tile","whole_genome_tile_clock",640,"Train","Elastic_net","Brain","r2_0.2","nofilter",50,0.161617454772335,0.999880613928958
"Tile","whole_genome_tile_clock",640,"Validation","Elastic_net","Brain","r2_0.2","nofilter",50,3.26488911275944,0.91853663588036
"Tile","whole_genome_tile_clock",641,"Train","Elastic_net","Brain","r2_0.3","min10",1000,0.169864528297535,0.999819205905
"Tile","whole_genome_tile_clock",641,"Validation","Elastic_net","Brain","r2_0.3","min10",1000,2.78924370858257,0.922480979138045
"Tile","whole_genome_tile_clock",642,"Train","Elastic_net","Brain","r2_0.3","min20",1000,1.02620766056599,0.988712051956616
"Tile","whole_genome_tile_clock",642,"Validation","Elastic_net","Brain","r2_0.3","min20",1000,3.23577649823648,0.876877691750157
"Tile","whole_genome_tile_clock",643,"Train","Elastic_net","Brain","r2_0.3","min5",1000,0.173898625811038,0.999718430456073
"Tile","whole_genome_tile_clock",643,"Validation","Elastic_net","Brain","r2_0.3","min5",1000,2.74059033993984,0.916094586750601
"Tile","whole_genome_tile_clock",644,"Train","Elastic_net","Brain","r2_0.3","nofilter",1000,0.159760244761962,0.999770262230642
"Tile","whole_genome_tile_clock",644,"Validation","Elastic_net","Brain","r2_0.3","nofilter",1000,2.0285832894884,0.917332781401424
"Tile","whole_genome_tile_clock",645,"Train","Elastic_net","Brain","r2_0.3","min10",100,0.171481723819954,0.99976723473087
"Tile","whole_genome_tile_clock",645,"Validation","Elastic_net","Brain","r2_0.3","min10",100,2.78093813747554,0.856957115638998
"Tile","whole_genome_tile_clock",646,"Train","Elastic_net","Brain","r2_0.3","min20",100,0.552954142863235,0.997402715273425
"Tile","whole_genome_tile_clock",646,"Validation","Elastic_net","Brain","r2_0.3","min20",100,2.58293961681267,0.835362843374911
"Tile","whole_genome_tile_clock",647,"Train","Elastic_net","Brain","r2_0.3","min5",100,0.178358160606541,0.9997991939464
"Tile","whole_genome_tile_clock",647,"Validation","Elastic_net","Brain","r2_0.3","min5",100,3.52572505380564,0.961052490432934
"Tile","whole_genome_tile_clock",648,"Train","Elastic_net","Brain","r2_0.3","nofilter",100,0.174774746438291,0.999824609839977
"Tile","whole_genome_tile_clock",648,"Validation","Elastic_net","Brain","r2_0.3","nofilter",100,2.5989322771727,0.805477260415737
"Tile","whole_genome_tile_clock",649,"Train","Elastic_net","Brain","r2_0.3","min10",2000,0.449777123480974,0.998258040911783
"Tile","whole_genome_tile_clock",649,"Validation","Elastic_net","Brain","r2_0.3","min10",2000,2.40838959501979,0.859395491063351
"Tile","whole_genome_tile_clock",650,"Train","Elastic_net","Brain","r2_0.3","min20",2000,0.876443147127629,0.991529543719471
"Tile","whole_genome_tile_clock",650,"Validation","Elastic_net","Brain","r2_0.3","min20",2000,2.64723856126633,0.870936425130669
"Tile","whole_genome_tile_clock",651,"Train","Elastic_net","Brain","r2_0.3","min5",2000,0.161014147342303,0.999747594627914
"Tile","whole_genome_tile_clock",651,"Validation","Elastic_net","Brain","r2_0.3","min5",2000,2.0754691137351,0.930638553170917
"Tile","whole_genome_tile_clock",652,"Train","Elastic_net","Brain","r2_0.3","nofilter",2000,0.17341604121851,0.999708879853454
"Tile","whole_genome_tile_clock",652,"Validation","Elastic_net","Brain","r2_0.3","nofilter",2000,1.62649184997418,0.92108843788592
"Tile","whole_genome_tile_clock",653,"Train","Elastic_net","Brain","r2_0.3","min10",25000,0.801520501142079,0.992229582726368
"Tile","whole_genome_tile_clock",653,"Validation","Elastic_net","Brain","r2_0.3","min10",25000,5.00042325100604,0.849393642128117
"Tile","whole_genome_tile_clock",654,"Train","Elastic_net","Brain","r2_0.3","min20",25000,2.94667155347099,0.883554731244153
"Tile","whole_genome_tile_clock",654,"Validation","Elastic_net","Brain","r2_0.3","min20",25000,2.94716253334629,0.824340818191273
"Tile","whole_genome_tile_clock",655,"Train","Elastic_net","Brain","r2_0.3","min5",25000,3.71093263322948,0.745553725308772
"Tile","whole_genome_tile_clock",655,"Validation","Elastic_net","Brain","r2_0.3","min5",25000,3.78874804565497,0.755855942642314
"Tile","whole_genome_tile_clock",656,"Train","Elastic_net","Brain","r2_0.3","nofilter",25000,3.71093263322948,0.745553725308772
"Tile","whole_genome_tile_clock",656,"Validation","Elastic_net","Brain","r2_0.3","nofilter",25000,3.78874804565497,0.755855942642314
"Tile","whole_genome_tile_clock",657,"Train","Elastic_net","Brain","r2_0.3","min10",5000,0.156044730460077,0.999667459436718
"Tile","whole_genome_tile_clock",657,"Validation","Elastic_net","Brain","r2_0.3","min10",5000,2.28114432907899,0.888473201074843
"Tile","whole_genome_tile_clock",658,"Train","Elastic_net","Brain","r2_0.3","min20",5000,0.160266449455781,0.999745894102808
"Tile","whole_genome_tile_clock",658,"Validation","Elastic_net","Brain","r2_0.3","min20",5000,2.57848171924245,0.808683091986095
"Tile","whole_genome_tile_clock",659,"Train","Elastic_net","Brain","r2_0.3","min5",5000,2.12486795503494,0.949459290941647
"Tile","whole_genome_tile_clock",659,"Validation","Elastic_net","Brain","r2_0.3","min5",5000,2.15047371203573,0.948839228241188
"Tile","whole_genome_tile_clock",660,"Train","Elastic_net","Brain","r2_0.3","nofilter",5000,2.12302855302212,0.949529217288394
"Tile","whole_genome_tile_clock",660,"Validation","Elastic_net","Brain","r2_0.3","nofilter",5000,2.73381936331238,0.887647302264776
"Tile","whole_genome_tile_clock",661,"Train","Elastic_net","Brain","r2_0.3","min10",500,0.165577756650667,0.99983751553968
"Tile","whole_genome_tile_clock",661,"Validation","Elastic_net","Brain","r2_0.3","min10",500,3.37863685796176,0.83242574074831
"Tile","whole_genome_tile_clock",662,"Train","Elastic_net","Brain","r2_0.3","min20",500,2.44698623612802,0.901407500106215
"Tile","whole_genome_tile_clock",662,"Validation","Elastic_net","Brain","r2_0.3","min20",500,3.92171019767448,0.705980308491426
"Tile","whole_genome_tile_clock",663,"Train","Elastic_net","Brain","r2_0.3","min5",500,0.564731074743466,0.997416947680049
"Tile","whole_genome_tile_clock",663,"Validation","Elastic_net","Brain","r2_0.3","min5",500,3.7681384370869,0.922469010454111
"Tile","whole_genome_tile_clock",664,"Train","Elastic_net","Brain","r2_0.3","nofilter",500,0.299897123338872,0.999203631175433
"Tile","whole_genome_tile_clock",664,"Validation","Elastic_net","Brain","r2_0.3","nofilter",500,3.73293484577426,0.861957120898938
"Tile","whole_genome_tile_clock",665,"Train","Elastic_net","Brain","r2_0.3","min10",50,1.43367114660269,0.97909913832722
"Tile","whole_genome_tile_clock",665,"Validation","Elastic_net","Brain","r2_0.3","min10",50,2.333992610317,0.909526427911907
"Tile","whole_genome_tile_clock",666,"Train","Elastic_net","Brain","r2_0.3","min20",50,0.738923910922994,0.994928208974617
"Tile","whole_genome_tile_clock",666,"Validation","Elastic_net","Brain","r2_0.3","min20",50,2.16778405113379,0.912283071519763
"Tile","whole_genome_tile_clock",667,"Train","Elastic_net","Brain","r2_0.3","min5",50,0.297421522042192,0.999374363037632
"Tile","whole_genome_tile_clock",667,"Validation","Elastic_net","Brain","r2_0.3","min5",50,1.87604900681719,0.883281300112487
"Tile","whole_genome_tile_clock",668,"Train","Elastic_net","Brain","r2_0.3","nofilter",50,0.165812695887963,0.999816864483891
"Tile","whole_genome_tile_clock",668,"Validation","Elastic_net","Brain","r2_0.3","nofilter",50,3.10085511733205,0.839342125784424
"Tile","whole_genome_tile_clock",669,"Train","Elastic_net","Brain","r2_nofilter","min10",1000,4.83443250182509,0.624611866348883
"Tile","whole_genome_tile_clock",669,"Validation","Elastic_net","Brain","r2_nofilter","min10",1000,4.24270140335298,0.536281481344487
"Tile","whole_genome_tile_clock",670,"Train","Elastic_net","Brain","r2_nofilter","min20",1000,1.91784780088748,0.976125236707779
"Tile","whole_genome_tile_clock",670,"Validation","Elastic_net","Brain","r2_nofilter","min20",1000,5.28785707173251,0.581466391213433
"Tile","whole_genome_tile_clock",671,"Train","Elastic_net","Brain","r2_nofilter","min5",1000,0.164984710519916,0.99991974730312
"Tile","whole_genome_tile_clock",671,"Validation","Elastic_net","Brain","r2_nofilter","min5",1000,4.43332370432366,0.704653948215387
"Tile","whole_genome_tile_clock",672,"Train","Elastic_net","Brain","r2_nofilter","nofilter",1000,0.164984710519916,0.99991974730312
"Tile","whole_genome_tile_clock",672,"Validation","Elastic_net","Brain","r2_nofilter","nofilter",1000,3.7214106607713,0.749412148110425
"Tile","whole_genome_tile_clock",673,"Train","Elastic_net","Brain","r2_nofilter","min10",100,2.46626164199229,0.960406739361445
"Tile","whole_genome_tile_clock",673,"Validation","Elastic_net","Brain","r2_nofilter","min10",100,5.05247298477291,0.698258357973922
"Tile","whole_genome_tile_clock",674,"Train","Elastic_net","Brain","r2_nofilter","min20",100,4.26501628616554,0.77457489149382
"Tile","whole_genome_tile_clock",674,"Validation","Elastic_net","Brain","r2_nofilter","min20",100,7.79815190537811,0.443066286637203
"Tile","whole_genome_tile_clock",675,"Train","Elastic_net","Brain","r2_nofilter","min5",100,4.97669355917491,0.570167203894878
"Tile","whole_genome_tile_clock",675,"Validation","Elastic_net","Brain","r2_nofilter","min5",100,4.90108934764644,0.723829883464972
"Tile","whole_genome_tile_clock",676,"Train","Elastic_net","Brain","r2_nofilter","nofilter",100,3.56953787129863,0.927443586277166
"Tile","whole_genome_tile_clock",676,"Validation","Elastic_net","Brain","r2_nofilter","nofilter",100,4.48720816704018,0.902065765496689
"Tile","whole_genome_tile_clock",677,"Train","Elastic_net","Brain","r2_nofilter","min10",2000,3.09160077448578,0.932027312190306
"Tile","whole_genome_tile_clock",677,"Validation","Elastic_net","Brain","r2_nofilter","min10",2000,6.75062493805683,0.344222776948479
"Tile","whole_genome_tile_clock",678,"Train","Elastic_net","Brain","r2_nofilter","min20",2000,0.164262702129694,0.999882278609141
"Tile","whole_genome_tile_clock",678,"Validation","Elastic_net","Brain","r2_nofilter","min20",2000,4.31452598570147,0.769200983721388
"Tile","whole_genome_tile_clock",679,"Train","Elastic_net","Brain","r2_nofilter","min5",2000,0.163400459532702,0.999869434288476
"Tile","whole_genome_tile_clock",679,"Validation","Elastic_net","Brain","r2_nofilter","min5",2000,4.73146361263282,0.704826323422433
"Tile","whole_genome_tile_clock",680,"Train","Elastic_net","Brain","r2_nofilter","nofilter",2000,0.163400459532702,0.999869434288476
"Tile","whole_genome_tile_clock",680,"Validation","Elastic_net","Brain","r2_nofilter","nofilter",2000,4.73146361263282,0.704826323422433
"Tile","whole_genome_tile_clock",681,"Train","Elastic_net","Brain","r2_nofilter","min10",25000,4.47627149053867,0.813299926804134
"Tile","whole_genome_tile_clock",681,"Validation","Elastic_net","Brain","r2_nofilter","min10",25000,3.87067063493602,0.526477658727419
"Tile","whole_genome_tile_clock",682,"Train","Elastic_net","Brain","r2_nofilter","min20",25000,3.69008735564263,0.820542611464149
"Tile","whole_genome_tile_clock",682,"Validation","Elastic_net","Brain","r2_nofilter","min20",25000,4.75984627624464,0.554210727302313
"Tile","whole_genome_tile_clock",683,"Train","Elastic_net","Brain","r2_nofilter","min5",25000,5.08077599031768,0.653252931243374
"Tile","whole_genome_tile_clock",683,"Validation","Elastic_net","Brain","r2_nofilter","min5",25000,5.01559252595783,0.629216336195475
"Tile","whole_genome_tile_clock",684,"Train","Elastic_net","Brain","r2_nofilter","nofilter",25000,5.08077599031768,0.653252931243374
"Tile","whole_genome_tile_clock",684,"Validation","Elastic_net","Brain","r2_nofilter","nofilter",25000,5.01559252595783,0.629216336195475
"Tile","whole_genome_tile_clock",685,"Train","Elastic_net","Brain","r2_nofilter","min10",5000,3.28502193406274,0.909070870659053
"Tile","whole_genome_tile_clock",685,"Validation","Elastic_net","Brain","r2_nofilter","min10",5000,3.93975817867698,0.461314199151655
"Tile","whole_genome_tile_clock",686,"Train","Elastic_net","Brain","r2_nofilter","min20",5000,0.638858152464865,0.998424650163243
"Tile","whole_genome_tile_clock",686,"Validation","Elastic_net","Brain","r2_nofilter","min20",5000,4.23686730288363,0.458687593432887
"Tile","whole_genome_tile_clock",687,"Train","Elastic_net","Brain","r2_nofilter","min5",5000,4.93977982807572,0.498066696828818
"Tile","whole_genome_tile_clock",687,"Validation","Elastic_net","Brain","r2_nofilter","min5",5000,3.80097069087893,0.705869777531224
"Tile","whole_genome_tile_clock",688,"Train","Elastic_net","Brain","r2_nofilter","nofilter",5000,4.93977982807572,0.498066696828818
"Tile","whole_genome_tile_clock",688,"Validation","Elastic_net","Brain","r2_nofilter","nofilter",5000,3.80097069087893,0.705869777531224
"Tile","whole_genome_tile_clock",689,"Train","Elastic_net","Brain","r2_nofilter","min10",500,4.85461571757131,0.677162327603643
"Tile","whole_genome_tile_clock",689,"Validation","Elastic_net","Brain","r2_nofilter","min10",500,4.84525228232151,0.502831599596802
"Tile","whole_genome_tile_clock",690,"Train","Elastic_net","Brain","r2_nofilter","min20",500,0.656086410565649,0.998187992409237
"Tile","whole_genome_tile_clock",690,"Validation","Elastic_net","Brain","r2_nofilter","min20",500,5.39863425440355,0.570841728179121
"Tile","whole_genome_tile_clock",691,"Train","Elastic_net","Brain","r2_nofilter","min5",500,4.44012382669052,0.755992080687087
"Tile","whole_genome_tile_clock",691,"Validation","Elastic_net","Brain","r2_nofilter","min5",500,6.98573606026091,0.424944755459584
"Tile","whole_genome_tile_clock",692,"Train","Elastic_net","Brain","r2_nofilter","nofilter",500,5.15187527296649,0.345116812716244
"Tile","whole_genome_tile_clock",692,"Validation","Elastic_net","Brain","r2_nofilter","nofilter",500,6.10404378336636,0.359276878375953
"Tile","whole_genome_tile_clock",693,"Train","Elastic_net","Brain","r2_nofilter","min10",50,1.47253710507356,0.990007575347957
"Tile","whole_genome_tile_clock",693,"Validation","Elastic_net","Brain","r2_nofilter","min10",50,7.32866975253151,0.602673871416732
"Tile","whole_genome_tile_clock",694,"Train","Elastic_net","Brain","r2_nofilter","min20",50,2.95212833255067,0.938451815241523
"Tile","whole_genome_tile_clock",694,"Validation","Elastic_net","Brain","r2_nofilter","min20",50,5.49877295042795,0.417602150708257
"Tile","whole_genome_tile_clock",695,"Train","Elastic_net","Brain","r2_nofilter","min5",50,5.10359404701581,0.506808342938775
"Tile","whole_genome_tile_clock",695,"Validation","Elastic_net","Brain","r2_nofilter","min5",50,5.86130168295207,0.38280854457648
"Tile","whole_genome_tile_clock",696,"Train","Elastic_net","Brain","r2_nofilter","nofilter",50,0.165820128242198,0.999932130252637
"Tile","whole_genome_tile_clock",696,"Validation","Elastic_net","Brain","r2_nofilter","nofilter",50,5.36633773460683,0.498061106331314
"Tile","whole_genome_tile_clock",697,"Train","Elastic_net","Fin_clip_caudal","r2_0.05","min10",1000,0.157810271901308,0.999899876161697
"Tile","whole_genome_tile_clock",697,"Validation","Elastic_net","Fin_clip_caudal","r2_0.05","min10",1000,4.82976845523815,0.608996014530502
"Tile","whole_genome_tile_clock",698,"Train","Elastic_net","Fin_clip_caudal","r2_0.05","min20",1000,0.159649281732142,0.999897241366241
"Tile","whole_genome_tile_clock",698,"Validation","Elastic_net","Fin_clip_caudal","r2_0.05","min20",1000,7.73758818152811,0.503025760097323
"Tile","whole_genome_tile_clock",699,"Train","Elastic_net","Fin_clip_caudal","r2_0.05","min5",1000,0.204196355153757,0.999795920039958
"Tile","whole_genome_tile_clock",699,"Validation","Elastic_net","Fin_clip_caudal","r2_0.05","min5",1000,8.26001836408523,0.575545970252492
"Tile","whole_genome_tile_clock",700,"Train","Elastic_net","Fin_clip_caudal","r2_0.05","nofilter",1000,0.620515972260807,0.99776591048396
"Tile","whole_genome_tile_clock",700,"Validation","Elastic_net","Fin_clip_caudal","r2_0.05","nofilter",1000,9.35445788125242,0.660026970587377
"Tile","whole_genome_tile_clock",701,"Train","Elastic_net","Fin_clip_caudal","r2_0.05","min10",100,0.148846643852487,0.999802211878044
"Tile","whole_genome_tile_clock",701,"Validation","Elastic_net","Fin_clip_caudal","r2_0.05","min10",100,7.11273061256588,0.767520044380546
"Tile","whole_genome_tile_clock",702,"Train","Elastic_net","Fin_clip_caudal","r2_0.05","min20",100,0.99801337979809,0.994582571267551
"Tile","whole_genome_tile_clock",702,"Validation","Elastic_net","Fin_clip_caudal","r2_0.05","min20",100,4.39935163548048,0.608726174270168
"Tile","whole_genome_tile_clock",703,"Train","Elastic_net","Fin_clip_caudal","r2_0.05","min5",100,0.439027218638445,0.99865074613085
"Tile","whole_genome_tile_clock",703,"Validation","Elastic_net","Fin_clip_caudal","r2_0.05","min5",100,7.92246269553672,0.612264548149447
"Tile","whole_genome_tile_clock",704,"Train","Elastic_net","Fin_clip_caudal","r2_0.05","nofilter",100,0.620054197928215,0.997399393223873
"Tile","whole_genome_tile_clock",704,"Validation","Elastic_net","Fin_clip_caudal","r2_0.05","nofilter",100,4.08765810662583,0.64621239915513
"Tile","whole_genome_tile_clock",705,"Train","Elastic_net","Fin_clip_caudal","r2_0.05","min10",2000,0.810077220100089,0.996809553079738
"Tile","whole_genome_tile_clock",705,"Validation","Elastic_net","Fin_clip_caudal","r2_0.05","min10",2000,5.03296214900624,0.638476634433501
"Tile","whole_genome_tile_clock",706,"Train","Elastic_net","Fin_clip_caudal","r2_0.05","min20",2000,0.146716076789723,0.999862300060703
"Tile","whole_genome_tile_clock",706,"Validation","Elastic_net","Fin_clip_caudal","r2_0.05","min20",2000,3.4221071867717,0.577171918384412
"Tile","whole_genome_tile_clock",707,"Train","Elastic_net","Fin_clip_caudal","r2_0.05","min5",2000,0.153802244154754,0.99983548183871
"Tile","whole_genome_tile_clock",707,"Validation","Elastic_net","Fin_clip_caudal","r2_0.05","min5",2000,8.81180015871099,0.709821683612039
"Tile","whole_genome_tile_clock",708,"Train","Elastic_net","Fin_clip_caudal","r2_0.05","nofilter",2000,0.149076048838618,0.999892964103987
"Tile","whole_genome_tile_clock",708,"Validation","Elastic_net","Fin_clip_caudal","r2_0.05","nofilter",2000,3.28805132163119,0.648870096060146
"Tile","whole_genome_tile_clock",709,"Train","Elastic_net","Fin_clip_caudal","r2_0.05","min10",25000,0.152238289868612,0.999772681850761
"Tile","whole_genome_tile_clock",709,"Validation","Elastic_net","Fin_clip_caudal","r2_0.05","min10",25000,9.01500305696181,0.655472486814377
"Tile","whole_genome_tile_clock",710,"Train","Elastic_net","Fin_clip_caudal","r2_0.05","min20",25000,0.149320228274661,0.999828460465058
"Tile","whole_genome_tile_clock",710,"Validation","Elastic_net","Fin_clip_caudal","r2_0.05","min20",25000,7.38801340082051,0.50882328433667
"Tile","whole_genome_tile_clock",711,"Train","Elastic_net","Fin_clip_caudal","r2_0.05","min5",25000,0.145989783626828,0.999783911539615
"Tile","whole_genome_tile_clock",711,"Validation","Elastic_net","Fin_clip_caudal","r2_0.05","min5",25000,3.00147356207978,0.679127302490863
"Tile","whole_genome_tile_clock",712,"Train","Elastic_net","Fin_clip_caudal","r2_0.05","nofilter",25000,0.409251771012522,0.998358994223695
"Tile","whole_genome_tile_clock",712,"Validation","Elastic_net","Fin_clip_caudal","r2_0.05","nofilter",25000,3.32762816614699,0.676477198162875
"Tile","whole_genome_tile_clock",713,"Train","Elastic_net","Fin_clip_caudal","r2_0.05","min10",5000,0.548472428112933,0.997918432944078
"Tile","whole_genome_tile_clock",713,"Validation","Elastic_net","Fin_clip_caudal","r2_0.05","min10",5000,6.96239324029497,0.791241730506671
"Tile","whole_genome_tile_clock",714,"Train","Elastic_net","Fin_clip_caudal","r2_0.05","min20",5000,0.156172835197365,0.99984696838722
"Tile","whole_genome_tile_clock",714,"Validation","Elastic_net","Fin_clip_caudal","r2_0.05","min20",5000,3.80749990282866,0.714643303531857
"Tile","whole_genome_tile_clock",715,"Train","Elastic_net","Fin_clip_caudal","r2_0.05","min5",5000,0.152090434013582,0.999858071084807
"Tile","whole_genome_tile_clock",715,"Validation","Elastic_net","Fin_clip_caudal","r2_0.05","min5",5000,3.3483012546171,0.67213528627949
"Tile","whole_genome_tile_clock",716,"Train","Elastic_net","Fin_clip_caudal","r2_0.05","nofilter",5000,0.147754216407679,0.999863829303813
"Tile","whole_genome_tile_clock",716,"Validation","Elastic_net","Fin_clip_caudal","r2_0.05","nofilter",5000,3.50305548359168,0.635551414313219
"Tile","whole_genome_tile_clock",717,"Train","Elastic_net","Fin_clip_caudal","r2_0.05","min10",500,0.381260063724505,0.998892396447864
"Tile","whole_genome_tile_clock",717,"Validation","Elastic_net","Fin_clip_caudal","r2_0.05","min10",500,7.47827122785821,0.620644255779178
"Tile","whole_genome_tile_clock",718,"Train","Elastic_net","Fin_clip_caudal","r2_0.05","min20",500,3.76036402058538,0.868749726765737
"Tile","whole_genome_tile_clock",718,"Validation","Elastic_net","Fin_clip_caudal","r2_0.05","min20",500,2.89292659179809,0.752325582306367
"Tile","whole_genome_tile_clock",719,"Train","Elastic_net","Fin_clip_caudal","r2_0.05","min5",500,1.9580122502724,0.965615460142063
"Tile","whole_genome_tile_clock",719,"Validation","Elastic_net","Fin_clip_caudal","r2_0.05","min5",500,4.49071770837782,0.707769816642215
"Tile","whole_genome_tile_clock",720,"Train","Elastic_net","Fin_clip_caudal","r2_0.05","nofilter",500,0.154211395141821,0.999870361467143
"Tile","whole_genome_tile_clock",720,"Validation","Elastic_net","Fin_clip_caudal","r2_0.05","nofilter",500,8.7237721209407,0.546601508600564
"Tile","whole_genome_tile_clock",721,"Train","Elastic_net","Fin_clip_caudal","r2_0.05","min10",50,0.15659898361977,0.999810262540613
"Tile","whole_genome_tile_clock",721,"Validation","Elastic_net","Fin_clip_caudal","r2_0.05","min10",50,4.37545186994993,0.504830578368965
"Tile","whole_genome_tile_clock",722,"Train","Elastic_net","Fin_clip_caudal","r2_0.05","min20",50,5.02124120968229,0.45411133764845
"Tile","whole_genome_tile_clock",722,"Validation","Elastic_net","Fin_clip_caudal","r2_0.05","min20",50,5.7949754344679,0.575019447866642
"Tile","whole_genome_tile_clock",723,"Train","Elastic_net","Fin_clip_caudal","r2_0.05","min5",50,0.151316542811574,0.999906302294306
"Tile","whole_genome_tile_clock",723,"Validation","Elastic_net","Fin_clip_caudal","r2_0.05","min5",50,3.54636229423163,0.835353956065873
"Tile","whole_genome_tile_clock",724,"Train","Elastic_net","Fin_clip_caudal","r2_0.05","nofilter",50,0.147519422256847,0.999885903411986
"Tile","whole_genome_tile_clock",724,"Validation","Elastic_net","Fin_clip_caudal","r2_0.05","nofilter",50,7.43471637639096,0.762948001629338
"Tile","whole_genome_tile_clock",725,"Train","Elastic_net","Fin_clip_caudal","r2_0.1","min10",1000,0.154032637840263,0.999863131904502
"Tile","whole_genome_tile_clock",725,"Validation","Elastic_net","Fin_clip_caudal","r2_0.1","min10",1000,9.86674617931039,0.696580630181545
"Tile","whole_genome_tile_clock",726,"Train","Elastic_net","Fin_clip_caudal","r2_0.1","min20",1000,1.6204685236852,0.974600965765201
"Tile","whole_genome_tile_clock",726,"Validation","Elastic_net","Fin_clip_caudal","r2_0.1","min20",1000,6.85855420774023,0.566768625543692
"Tile","whole_genome_tile_clock",727,"Train","Elastic_net","Fin_clip_caudal","r2_0.1","min5",1000,0.150055502050332,0.999865751575549
"Tile","whole_genome_tile_clock",727,"Validation","Elastic_net","Fin_clip_caudal","r2_0.1","min5",1000,9.23849673285988,0.584840903196254
"Tile","whole_genome_tile_clock",728,"Train","Elastic_net","Fin_clip_caudal","r2_0.1","nofilter",1000,0.154197797623419,0.999852069391902
"Tile","whole_genome_tile_clock",728,"Validation","Elastic_net","Fin_clip_caudal","r2_0.1","nofilter",1000,3.25072984172795,0.71030934493481
"Tile","whole_genome_tile_clock",729,"Train","Elastic_net","Fin_clip_caudal","r2_0.1","min10",100,0.156909575165706,0.999859800110705
"Tile","whole_genome_tile_clock",729,"Validation","Elastic_net","Fin_clip_caudal","r2_0.1","min10",100,3.93261670447887,0.489741875311808
"Tile","whole_genome_tile_clock",730,"Train","Elastic_net","Fin_clip_caudal","r2_0.1","min20",100,0.145463071479606,0.999817685287868
"Tile","whole_genome_tile_clock",730,"Validation","Elastic_net","Fin_clip_caudal","r2_0.1","min20",100,3.91385492888541,0.731495750488264
"Tile","whole_genome_tile_clock",731,"Train","Elastic_net","Fin_clip_caudal","r2_0.1","min5",100,0.281685846986645,0.999571241262785
"Tile","whole_genome_tile_clock",731,"Validation","Elastic_net","Fin_clip_caudal","r2_0.1","min5",100,8.22397213004639,0.679774230798439
"Tile","whole_genome_tile_clock",732,"Train","Elastic_net","Fin_clip_caudal","r2_0.1","nofilter",100,0.1521992231786,0.999883656190107
"Tile","whole_genome_tile_clock",732,"Validation","Elastic_net","Fin_clip_caudal","r2_0.1","nofilter",100,4.87993780121902,0.632544448035502
"Tile","whole_genome_tile_clock",733,"Train","Elastic_net","Fin_clip_caudal","r2_0.1","min10",2000,0.153457345957277,0.999853765604311
"Tile","whole_genome_tile_clock",733,"Validation","Elastic_net","Fin_clip_caudal","r2_0.1","min10",2000,4.4046043903033,0.663215564692899
"Tile","whole_genome_tile_clock",734,"Train","Elastic_net","Fin_clip_caudal","r2_0.1","min20",2000,0.14300238512191,0.999753403776365
"Tile","whole_genome_tile_clock",734,"Validation","Elastic_net","Fin_clip_caudal","r2_0.1","min20",2000,8.59583683665564,0.638866138967697
"Tile","whole_genome_tile_clock",735,"Train","Elastic_net","Fin_clip_caudal","r2_0.1","min5",2000,0.151336890372214,0.999793948016959
"Tile","whole_genome_tile_clock",735,"Validation","Elastic_net","Fin_clip_caudal","r2_0.1","min5",2000,3.62067912136993,0.686246964071367
"Tile","whole_genome_tile_clock",736,"Train","Elastic_net","Fin_clip_caudal","r2_0.1","nofilter",2000,0.152381169998979,0.999857997185159
"Tile","whole_genome_tile_clock",736,"Validation","Elastic_net","Fin_clip_caudal","r2_0.1","nofilter",2000,7.9163524228175,0.673997880954295
"Tile","whole_genome_tile_clock",737,"Train","Elastic_net","Fin_clip_caudal","r2_0.1","min10",25000,0.151364115764052,0.99975274710471
"Tile","whole_genome_tile_clock",737,"Validation","Elastic_net","Fin_clip_caudal","r2_0.1","min10",25000,4.35402778344043,0.649945490224003
"Tile","whole_genome_tile_clock",738,"Train","Elastic_net","Fin_clip_caudal","r2_0.1","min20",25000,0.152505573615641,0.999839453293735
"Tile","whole_genome_tile_clock",738,"Validation","Elastic_net","Fin_clip_caudal","r2_0.1","min20",25000,8.68480935480504,0.612965082306054
"Tile","whole_genome_tile_clock",739,"Train","Elastic_net","Fin_clip_caudal","r2_0.1","min5",25000,0.145848872526977,0.99983290707413
"Tile","whole_genome_tile_clock",739,"Validation","Elastic_net","Fin_clip_caudal","r2_0.1","min5",25000,3.48157753190618,0.728361540620186
"Tile","whole_genome_tile_clock",740,"Train","Elastic_net","Fin_clip_caudal","r2_0.1","nofilter",25000,0.145236218014245,0.999839844468601
"Tile","whole_genome_tile_clock",740,"Validation","Elastic_net","Fin_clip_caudal","r2_0.1","nofilter",25000,8.94040804891286,0.711679009467145
"Tile","whole_genome_tile_clock",741,"Train","Elastic_net","Fin_clip_caudal","r2_0.1","min10",5000,0.153445160075605,0.999886137336119
"Tile","whole_genome_tile_clock",741,"Validation","Elastic_net","Fin_clip_caudal","r2_0.1","min10",5000,10.0886309549294,0.691317974315101
"Tile","whole_genome_tile_clock",742,"Train","Elastic_net","Fin_clip_caudal","r2_0.1","min20",5000,0.157675496899676,0.999837966773898
"Tile","whole_genome_tile_clock",742,"Validation","Elastic_net","Fin_clip_caudal","r2_0.1","min20",5000,6.01617464299378,0.669265172240636
"Tile","whole_genome_tile_clock",743,"Train","Elastic_net","Fin_clip_caudal","r2_0.1","min5",5000,0.151421102692537,0.999837703171744
"Tile","whole_genome_tile_clock",743,"Validation","Elastic_net","Fin_clip_caudal","r2_0.1","min5",5000,3.48037452840678,0.599485716823822
"Tile","whole_genome_tile_clock",744,"Train","Elastic_net","Fin_clip_caudal","r2_0.1","nofilter",5000,0.147998533985168,0.999855488451197
"Tile","whole_genome_tile_clock",744,"Validation","Elastic_net","Fin_clip_caudal","r2_0.1","nofilter",5000,4.36263785023968,0.567236793977057
"Tile","whole_genome_tile_clock",745,"Train","Elastic_net","Fin_clip_caudal","r2_0.1","min10",500,0.151125482274564,0.99984853605942
"Tile","whole_genome_tile_clock",745,"Validation","Elastic_net","Fin_clip_caudal","r2_0.1","min10",500,8.78547122302875,0.537636027980803
"Tile","whole_genome_tile_clock",746,"Train","Elastic_net","Fin_clip_caudal","r2_0.1","min20",500,1.87065512154635,0.976413539467612
"Tile","whole_genome_tile_clock",746,"Validation","Elastic_net","Fin_clip_caudal","r2_0.1","min20",500,4.17986134565124,0.583372746815766
"Tile","whole_genome_tile_clock",747,"Train","Elastic_net","Fin_clip_caudal","r2_0.1","min5",500,0.517512912637847,0.998482341122139
"Tile","whole_genome_tile_clock",747,"Validation","Elastic_net","Fin_clip_caudal","r2_0.1","min5",500,8.08817769077994,0.5750959028902
"Tile","whole_genome_tile_clock",748,"Train","Elastic_net","Fin_clip_caudal","r2_0.1","nofilter",500,0.154924676674053,0.99984778047457
"Tile","whole_genome_tile_clock",748,"Validation","Elastic_net","Fin_clip_caudal","r2_0.1","nofilter",500,4.28530652859732,0.671393134683745
"Tile","whole_genome_tile_clock",749,"Train","Elastic_net","Fin_clip_caudal","r2_0.1","min10",50,0.148795557408047,0.999877687664093
"Tile","whole_genome_tile_clock",749,"Validation","Elastic_net","Fin_clip_caudal","r2_0.1","min10",50,4.32556922947475,0.61404519469745
"Tile","whole_genome_tile_clock",750,"Train","Elastic_net","Fin_clip_caudal","r2_0.1","min20",50,0.161012254616654,0.999820937990598
"Tile","whole_genome_tile_clock",750,"Validation","Elastic_net","Fin_clip_caudal","r2_0.1","min20",50,7.98891385434237,0.687785341391553
"Tile","whole_genome_tile_clock",751,"Train","Elastic_net","Fin_clip_caudal","r2_0.1","min5",50,0.151267514880757,0.999829075212652
"Tile","whole_genome_tile_clock",751,"Validation","Elastic_net","Fin_clip_caudal","r2_0.1","min5",50,3.6949760081921,0.63197002250023
"Tile","whole_genome_tile_clock",752,"Train","Elastic_net","Fin_clip_caudal","r2_0.1","nofilter",50,0.158095886209173,0.999779103771129
"Tile","whole_genome_tile_clock",752,"Validation","Elastic_net","Fin_clip_caudal","r2_0.1","nofilter",50,3.49384900132007,0.693090412199257
"Tile","whole_genome_tile_clock",753,"Train","Elastic_net","Fin_clip_caudal","r2_0.2","min10",1000,0.159650983241548,0.999817231800938
"Tile","whole_genome_tile_clock",753,"Validation","Elastic_net","Fin_clip_caudal","r2_0.2","min10",1000,4.4595300623479,0.550100146757209
"Tile","whole_genome_tile_clock",754,"Train","Elastic_net","Fin_clip_caudal","r2_0.2","min20",1000,0.143331958233645,0.999777799448207
"Tile","whole_genome_tile_clock",754,"Validation","Elastic_net","Fin_clip_caudal","r2_0.2","min20",1000,7.83221652162184,0.587891410157347
"Tile","whole_genome_tile_clock",755,"Train","Elastic_net","Fin_clip_caudal","r2_0.2","min5",1000,0.143704508434706,0.999850738669044
"Tile","whole_genome_tile_clock",755,"Validation","Elastic_net","Fin_clip_caudal","r2_0.2","min5",1000,9.22999525618039,0.628517194753693
"Tile","whole_genome_tile_clock",756,"Train","Elastic_net","Fin_clip_caudal","r2_0.2","nofilter",1000,0.150348147453402,0.999818969143914
"Tile","whole_genome_tile_clock",756,"Validation","Elastic_net","Fin_clip_caudal","r2_0.2","nofilter",1000,9.68570358083218,0.788094772558615
"Tile","whole_genome_tile_clock",757,"Train","Elastic_net","Fin_clip_caudal","r2_0.2","min10",100,0.150045483358811,0.999771181099148
"Tile","whole_genome_tile_clock",757,"Validation","Elastic_net","Fin_clip_caudal","r2_0.2","min10",100,2.73685502648493,0.701479019828229
"Tile","whole_genome_tile_clock",758,"Train","Elastic_net","Fin_clip_caudal","r2_0.2","min20",100,0.148711516314203,0.999746253095228
"Tile","whole_genome_tile_clock",758,"Validation","Elastic_net","Fin_clip_caudal","r2_0.2","min20",100,9.61648828163735,0.620496301638926
"Tile","whole_genome_tile_clock",759,"Train","Elastic_net","Fin_clip_caudal","r2_0.2","min5",100,0.158921869592582,0.999820387943495
"Tile","whole_genome_tile_clock",759,"Validation","Elastic_net","Fin_clip_caudal","r2_0.2","min5",100,3.51658830445928,0.696715957231021
"Tile","whole_genome_tile_clock",760,"Train","Elastic_net","Fin_clip_caudal","r2_0.2","nofilter",100,0.15835352252366,0.999856248037183
"Tile","whole_genome_tile_clock",760,"Validation","Elastic_net","Fin_clip_caudal","r2_0.2","nofilter",100,4.96914773448808,0.651831083313883
"Tile","whole_genome_tile_clock",761,"Train","Elastic_net","Fin_clip_caudal","r2_0.2","min10",2000,0.153119361339527,0.999820282932675
"Tile","whole_genome_tile_clock",761,"Validation","Elastic_net","Fin_clip_caudal","r2_0.2","min10",2000,4.92191454408061,0.503433865115366
"Tile","whole_genome_tile_clock",762,"Train","Elastic_net","Fin_clip_caudal","r2_0.2","min20",2000,0.148631794407208,0.999709582453795
"Tile","whole_genome_tile_clock",762,"Validation","Elastic_net","Fin_clip_caudal","r2_0.2","min20",2000,7.07588959615215,0.564560501019431
"Tile","whole_genome_tile_clock",763,"Train","Elastic_net","Fin_clip_caudal","r2_0.2","min5",2000,0.15866741257806,0.999779874947223
"Tile","whole_genome_tile_clock",763,"Validation","Elastic_net","Fin_clip_caudal","r2_0.2","min5",2000,3.97084044194463,0.603274423577109
"Tile","whole_genome_tile_clock",764,"Train","Elastic_net","Fin_clip_caudal","r2_0.2","nofilter",2000,0.141788716309318,0.999772468095609
"Tile","whole_genome_tile_clock",764,"Validation","Elastic_net","Fin_clip_caudal","r2_0.2","nofilter",2000,4.00340346351299,0.646697784095389
"Tile","whole_genome_tile_clock",765,"Train","Elastic_net","Fin_clip_caudal","r2_0.2","min10",25000,0.146743959312478,0.99973996832564
"Tile","whole_genome_tile_clock",765,"Validation","Elastic_net","Fin_clip_caudal","r2_0.2","min10",25000,10.5823892389544,0.680695180045018
"Tile","whole_genome_tile_clock",766,"Train","Elastic_net","Fin_clip_caudal","r2_0.2","min20",25000,0.145852284692894,0.999612665043319
"Tile","whole_genome_tile_clock",766,"Validation","Elastic_net","Fin_clip_caudal","r2_0.2","min20",25000,10.5539137213676,0.644907429845297
"Tile","whole_genome_tile_clock",767,"Train","Elastic_net","Fin_clip_caudal","r2_0.2","min5",25000,0.160307149907206,0.99962937378899
"Tile","whole_genome_tile_clock",767,"Validation","Elastic_net","Fin_clip_caudal","r2_0.2","min5",25000,11.2392784211114,0.659738640331205
"Tile","whole_genome_tile_clock",768,"Train","Elastic_net","Fin_clip_caudal","r2_0.2","nofilter",25000,0.150743922162127,0.9996971217457
"Tile","whole_genome_tile_clock",768,"Validation","Elastic_net","Fin_clip_caudal","r2_0.2","nofilter",25000,10.2960624985426,0.59179732983914
"Tile","whole_genome_tile_clock",769,"Train","Elastic_net","Fin_clip_caudal","r2_0.2","min10",5000,0.147678599462674,0.99987316911586
"Tile","whole_genome_tile_clock",769,"Validation","Elastic_net","Fin_clip_caudal","r2_0.2","min10",5000,8.83502692193361,0.637240236219841
"Tile","whole_genome_tile_clock",770,"Train","Elastic_net","Fin_clip_caudal","r2_0.2","min20",5000,0.145160737456701,0.999776399628802
"Tile","whole_genome_tile_clock",770,"Validation","Elastic_net","Fin_clip_caudal","r2_0.2","min20",5000,9.08911263334082,0.611801073559872
"Tile","whole_genome_tile_clock",771,"Train","Elastic_net","Fin_clip_caudal","r2_0.2","min5",5000,0.149971393978897,0.999654843826199
"Tile","whole_genome_tile_clock",771,"Validation","Elastic_net","Fin_clip_caudal","r2_0.2","min5",5000,3.46022285223768,0.663031976168671
"Tile","whole_genome_tile_clock",772,"Train","Elastic_net","Fin_clip_caudal","r2_0.2","nofilter",5000,0.146559123120488,0.999742734855547
"Tile","whole_genome_tile_clock",772,"Validation","Elastic_net","Fin_clip_caudal","r2_0.2","nofilter",5000,3.59378782614453,0.673892851534657
"Tile","whole_genome_tile_clock",773,"Train","Elastic_net","Fin_clip_caudal","r2_0.2","min10",500,0.142886526840933,0.999861778981076
"Tile","whole_genome_tile_clock",773,"Validation","Elastic_net","Fin_clip_caudal","r2_0.2","min10",500,3.55690077256371,0.666394928652464
"Tile","whole_genome_tile_clock",774,"Train","Elastic_net","Fin_clip_caudal","r2_0.2","min20",500,0.155830312882458,0.999766014870893
"Tile","whole_genome_tile_clock",774,"Validation","Elastic_net","Fin_clip_caudal","r2_0.2","min20",500,7.56820988957742,0.540479287686359
"Tile","whole_genome_tile_clock",775,"Train","Elastic_net","Fin_clip_caudal","r2_0.2","min5",500,0.162926805579603,0.999811088046064
"Tile","whole_genome_tile_clock",775,"Validation","Elastic_net","Fin_clip_caudal","r2_0.2","min5",500,5.15144269598556,0.600825783121422
"Tile","whole_genome_tile_clock",776,"Train","Elastic_net","Fin_clip_caudal","r2_0.2","nofilter",500,0.149260281790992,0.999811862698961
"Tile","whole_genome_tile_clock",776,"Validation","Elastic_net","Fin_clip_caudal","r2_0.2","nofilter",500,3.75671883925076,0.676527571080523
"Tile","whole_genome_tile_clock",777,"Train","Elastic_net","Fin_clip_caudal","r2_0.2","min10",50,0.155005653204315,0.999831189386203
"Tile","whole_genome_tile_clock",777,"Validation","Elastic_net","Fin_clip_caudal","r2_0.2","min10",50,3.1732806418423,0.768803222567706
"Tile","whole_genome_tile_clock",778,"Train","Elastic_net","Fin_clip_caudal","r2_0.2","min20",50,0.271522862912165,0.999293839439311
"Tile","whole_genome_tile_clock",778,"Validation","Elastic_net","Fin_clip_caudal","r2_0.2","min20",50,4.08190972332816,0.737950262623411
"Tile","whole_genome_tile_clock",779,"Train","Elastic_net","Fin_clip_caudal","r2_0.2","min5",50,0.139974758105842,0.999745473570611
"Tile","whole_genome_tile_clock",779,"Validation","Elastic_net","Fin_clip_caudal","r2_0.2","min5",50,4.31955161969255,0.74196310321727
"Tile","whole_genome_tile_clock",780,"Train","Elastic_net","Fin_clip_caudal","r2_0.2","nofilter",50,0.151964321898336,0.999858869311709
"Tile","whole_genome_tile_clock",780,"Validation","Elastic_net","Fin_clip_caudal","r2_0.2","nofilter",50,4.22708830303588,0.799169396258076
"Tile","whole_genome_tile_clock",781,"Train","Elastic_net","Fin_clip_caudal","r2_0.3","min10",1000,0.330979579615995,0.998715168046703
"Tile","whole_genome_tile_clock",781,"Validation","Elastic_net","Fin_clip_caudal","r2_0.3","min10",1000,7.47708799149547,0.69228924433451
"Tile","whole_genome_tile_clock",782,"Train","Elastic_net","Fin_clip_caudal","r2_0.3","min20",1000,0.157393759687179,0.999718069345496
"Tile","whole_genome_tile_clock",782,"Validation","Elastic_net","Fin_clip_caudal","r2_0.3","min20",1000,7.99963185088882,0.465798193904695
"Tile","whole_genome_tile_clock",783,"Train","Elastic_net","Fin_clip_caudal","r2_0.3","min5",1000,0.15039991479685,0.999683027248272
"Tile","whole_genome_tile_clock",783,"Validation","Elastic_net","Fin_clip_caudal","r2_0.3","min5",1000,9.30678929914609,0.595136275084839
"Tile","whole_genome_tile_clock",784,"Train","Elastic_net","Fin_clip_caudal","r2_0.3","nofilter",1000,0.159570826386991,0.999756227724311
"Tile","whole_genome_tile_clock",784,"Validation","Elastic_net","Fin_clip_caudal","r2_0.3","nofilter",1000,9.29626498623248,0.661620784167494
"Tile","whole_genome_tile_clock",785,"Train","Elastic_net","Fin_clip_caudal","r2_0.3","min10",100,0.155097774343662,0.999771446301978
"Tile","whole_genome_tile_clock",785,"Validation","Elastic_net","Fin_clip_caudal","r2_0.3","min10",100,2.99303743001027,0.692366773646926
"Tile","whole_genome_tile_clock",786,"Train","Elastic_net","Fin_clip_caudal","r2_0.3","min20",100,0.175074359295911,0.999610217741699
"Tile","whole_genome_tile_clock",786,"Validation","Elastic_net","Fin_clip_caudal","r2_0.3","min20",100,5.65840809503316,0.60364364376931
"Tile","whole_genome_tile_clock",787,"Train","Elastic_net","Fin_clip_caudal","r2_0.3","min5",100,0.162351851413242,0.999738534668565
"Tile","whole_genome_tile_clock",787,"Validation","Elastic_net","Fin_clip_caudal","r2_0.3","min5",100,4.24263302704666,0.591702838680854
"Tile","whole_genome_tile_clock",788,"Train","Elastic_net","Fin_clip_caudal","r2_0.3","nofilter",100,0.162236616479458,0.999804715202833
"Tile","whole_genome_tile_clock",788,"Validation","Elastic_net","Fin_clip_caudal","r2_0.3","nofilter",100,4.1569536836252,0.677333904660758
"Tile","whole_genome_tile_clock",789,"Train","Elastic_net","Fin_clip_caudal","r2_0.3","min10",2000,0.157360980220766,0.999750230625951
"Tile","whole_genome_tile_clock",789,"Validation","Elastic_net","Fin_clip_caudal","r2_0.3","min10",2000,9.87107208669903,0.597161254353662
"Tile","whole_genome_tile_clock",790,"Train","Elastic_net","Fin_clip_caudal","r2_0.3","min20",2000,0.475656091814619,0.99714442453934
"Tile","whole_genome_tile_clock",790,"Validation","Elastic_net","Fin_clip_caudal","r2_0.3","min20",2000,7.63483845955393,0.459447402731303
"Tile","whole_genome_tile_clock",791,"Train","Elastic_net","Fin_clip_caudal","r2_0.3","min5",2000,0.14837559664719,0.999694219889552
"Tile","whole_genome_tile_clock",791,"Validation","Elastic_net","Fin_clip_caudal","r2_0.3","min5",2000,9.86456854660922,0.598413941846582
"Tile","whole_genome_tile_clock",792,"Train","Elastic_net","Fin_clip_caudal","r2_0.3","nofilter",2000,0.150862667295534,0.999610458332004
"Tile","whole_genome_tile_clock",792,"Validation","Elastic_net","Fin_clip_caudal","r2_0.3","nofilter",2000,3.35654076900197,0.681544426759559
"Tile","whole_genome_tile_clock",793,"Train","Elastic_net","Fin_clip_caudal","r2_0.3","min10",25000,0.877118606016416,0.954922441822739
"Tile","whole_genome_tile_clock",793,"Validation","Elastic_net","Fin_clip_caudal","r2_0.3","min10",25000,8.29038070111189,0.580421292256329
"Tile","whole_genome_tile_clock",794,"Train","Elastic_net","Fin_clip_caudal","r2_0.3","min20",25000,2.49307436439717,0.775372659855352
"Tile","whole_genome_tile_clock",794,"Validation","Elastic_net","Fin_clip_caudal","r2_0.3","min20",25000,6.98729513816813,0.553915512773889
"Tile","whole_genome_tile_clock",795,"Train","Elastic_net","Fin_clip_caudal","r2_0.3","min5",25000,1.63416779341087,0.934881563988966
"Tile","whole_genome_tile_clock",795,"Validation","Elastic_net","Fin_clip_caudal","r2_0.3","min5",25000,3.44004395130429,0.567025634317022
"Tile","whole_genome_tile_clock",796,"Train","Elastic_net","Fin_clip_caudal","r2_0.3","nofilter",25000,1.38944233501626,0.945190449809274
"Tile","whole_genome_tile_clock",796,"Validation","Elastic_net","Fin_clip_caudal","r2_0.3","nofilter",25000,8.38678780426734,0.551503057561138
"Tile","whole_genome_tile_clock",797,"Train","Elastic_net","Fin_clip_caudal","r2_0.3","min10",5000,0.561238430442162,0.995056958934066
"Tile","whole_genome_tile_clock",797,"Validation","Elastic_net","Fin_clip_caudal","r2_0.3","min10",5000,9.65524315242991,0.490957163196431
"Tile","whole_genome_tile_clock",798,"Train","Elastic_net","Fin_clip_caudal","r2_0.3","min20",5000,1.1926394464087,0.971658287308147
"Tile","whole_genome_tile_clock",798,"Validation","Elastic_net","Fin_clip_caudal","r2_0.3","min20",5000,6.63341108471266,0.586135741681936
"Tile","whole_genome_tile_clock",799,"Train","Elastic_net","Fin_clip_caudal","r2_0.3","min5",5000,0.725448040008554,0.986804762930876
"Tile","whole_genome_tile_clock",799,"Validation","Elastic_net","Fin_clip_caudal","r2_0.3","min5",5000,11.6965712001232,0.573510668706126
"Tile","whole_genome_tile_clock",800,"Train","Elastic_net","Fin_clip_caudal","r2_0.3","nofilter",5000,0.574362510001552,0.994005457579083
"Tile","whole_genome_tile_clock",800,"Validation","Elastic_net","Fin_clip_caudal","r2_0.3","nofilter",5000,9.96209558625854,0.621770919361787
"Tile","whole_genome_tile_clock",801,"Train","Elastic_net","Fin_clip_caudal","r2_0.3","min10",500,0.144622264386805,0.999739669551984
"Tile","whole_genome_tile_clock",801,"Validation","Elastic_net","Fin_clip_caudal","r2_0.3","min10",500,9.93763127518343,0.529196107869933
"Tile","whole_genome_tile_clock",802,"Train","Elastic_net","Fin_clip_caudal","r2_0.3","min20",500,0.155361914811698,0.999534662291224
"Tile","whole_genome_tile_clock",802,"Validation","Elastic_net","Fin_clip_caudal","r2_0.3","min20",500,8.83896550064879,0.474787454074742
"Tile","whole_genome_tile_clock",803,"Train","Elastic_net","Fin_clip_caudal","r2_0.3","min5",500,0.606988712175854,0.995233481120968
"Tile","whole_genome_tile_clock",803,"Validation","Elastic_net","Fin_clip_caudal","r2_0.3","min5",500,4.72720570943883,0.550270600664054
"Tile","whole_genome_tile_clock",804,"Train","Elastic_net","Fin_clip_caudal","r2_0.3","nofilter",500,0.159829864818223,0.999707277034598
"Tile","whole_genome_tile_clock",804,"Validation","Elastic_net","Fin_clip_caudal","r2_0.3","nofilter",500,4.03134966328636,0.689047753104379
"Tile","whole_genome_tile_clock",805,"Train","Elastic_net","Fin_clip_caudal","r2_0.3","min10",50,0.155069870142602,0.999808427235062
"Tile","whole_genome_tile_clock",805,"Validation","Elastic_net","Fin_clip_caudal","r2_0.3","min10",50,4.26625430538195,0.578333571443127
"Tile","whole_genome_tile_clock",806,"Train","Elastic_net","Fin_clip_caudal","r2_0.3","min20",50,0.158842341635925,0.999668384579049
"Tile","whole_genome_tile_clock",806,"Validation","Elastic_net","Fin_clip_caudal","r2_0.3","min20",50,9.58293134728486,0.45546695989068
"Tile","whole_genome_tile_clock",807,"Train","Elastic_net","Fin_clip_caudal","r2_0.3","min5",50,0.144686167647009,0.999730470636893
"Tile","whole_genome_tile_clock",807,"Validation","Elastic_net","Fin_clip_caudal","r2_0.3","min5",50,3.34306774037578,0.600151543907693
"Tile","whole_genome_tile_clock",808,"Train","Elastic_net","Fin_clip_caudal","r2_0.3","nofilter",50,0.151242585219139,0.999773520775217
"Tile","whole_genome_tile_clock",808,"Validation","Elastic_net","Fin_clip_caudal","r2_0.3","nofilter",50,4.26886057793552,0.605077305472271
"Tile","whole_genome_tile_clock",809,"Train","Elastic_net","Fin_clip_caudal","r2_nofilter","min10",1000,0.147522052260733,0.999876616854628
"Tile","whole_genome_tile_clock",809,"Validation","Elastic_net","Fin_clip_caudal","r2_nofilter","min10",1000,4.15606006004505,0.570840320336761
"Tile","whole_genome_tile_clock",810,"Train","Elastic_net","Fin_clip_caudal","r2_nofilter","min20",1000,1.17432949573462,0.991645650011792
"Tile","whole_genome_tile_clock",810,"Validation","Elastic_net","Fin_clip_caudal","r2_nofilter","min20",1000,3.22659501877231,0.586349172105022
"Tile","whole_genome_tile_clock",811,"Train","Elastic_net","Fin_clip_caudal","r2_nofilter","min5",1000,0.148411290468833,0.99980370111801
"Tile","whole_genome_tile_clock",811,"Validation","Elastic_net","Fin_clip_caudal","r2_nofilter","min5",1000,3.75268130590581,0.814728601251167
"Tile","whole_genome_tile_clock",812,"Train","Elastic_net","Fin_clip_caudal","r2_nofilter","nofilter",1000,0.148377181944017,0.999803675737595
"Tile","whole_genome_tile_clock",812,"Validation","Elastic_net","Fin_clip_caudal","r2_nofilter","nofilter",1000,3.7747304968822,0.808351446312493
"Tile","whole_genome_tile_clock",813,"Train","Elastic_net","Fin_clip_caudal","r2_nofilter","min10",100,0.148459209476614,0.999914408692175
"Tile","whole_genome_tile_clock",813,"Validation","Elastic_net","Fin_clip_caudal","r2_nofilter","min10",100,4.29002713795489,0.509199944675695
"Tile","whole_genome_tile_clock",814,"Train","Elastic_net","Fin_clip_caudal","r2_nofilter","min20",100,3.60109480917015,0.836507201736908
"Tile","whole_genome_tile_clock",814,"Validation","Elastic_net","Fin_clip_caudal","r2_nofilter","min20",100,4.117091726267,0.483640260475491
"Tile","whole_genome_tile_clock",815,"Train","Elastic_net","Fin_clip_caudal","r2_nofilter","min5",100,0.218388333575303,0.999675947905845
"Tile","whole_genome_tile_clock",815,"Validation","Elastic_net","Fin_clip_caudal","r2_nofilter","min5",100,8.17613135342876,0.724662762679095
"Tile","whole_genome_tile_clock",816,"Train","Elastic_net","Fin_clip_caudal","r2_nofilter","nofilter",100,1.49658504095474,0.986584533597079
"Tile","whole_genome_tile_clock",816,"Validation","Elastic_net","Fin_clip_caudal","r2_nofilter","nofilter",100,5.35187341700853,0.583363404425673
"Tile","whole_genome_tile_clock",817,"Train","Elastic_net","Fin_clip_caudal","r2_nofilter","min10",2000,0.146954249159895,0.999859291624631
"Tile","whole_genome_tile_clock",817,"Validation","Elastic_net","Fin_clip_caudal","r2_nofilter","min10",2000,8.3258600250546,0.618051632660582
"Tile","whole_genome_tile_clock",818,"Train","Elastic_net","Fin_clip_caudal","r2_nofilter","min20",2000,0.373636615043311,0.998842768580098
"Tile","whole_genome_tile_clock",818,"Validation","Elastic_net","Fin_clip_caudal","r2_nofilter","min20",2000,9.35703867530797,0.626694401018214
"Tile","whole_genome_tile_clock",819,"Train","Elastic_net","Fin_clip_caudal","r2_nofilter","min5",2000,0.151415597198628,0.99988103060216
"Tile","whole_genome_tile_clock",819,"Validation","Elastic_net","Fin_clip_caudal","r2_nofilter","min5",2000,3.78280535568329,0.615836818767776
"Tile","whole_genome_tile_clock",820,"Train","Elastic_net","Fin_clip_caudal","r2_nofilter","nofilter",2000,0.15152561929694,0.999880005258845
"Tile","whole_genome_tile_clock",820,"Validation","Elastic_net","Fin_clip_caudal","r2_nofilter","nofilter",2000,3.78280535568329,0.615836818767776
"Tile","whole_genome_tile_clock",821,"Train","Elastic_net","Fin_clip_caudal","r2_nofilter","min10",25000,1.87867658641856,0.967219120870968
"Tile","whole_genome_tile_clock",821,"Validation","Elastic_net","Fin_clip_caudal","r2_nofilter","min10",25000,4.29281146031076,0.619538752965971
"Tile","whole_genome_tile_clock",822,"Train","Elastic_net","Fin_clip_caudal","r2_nofilter","min20",25000,0.138808076442261,0.99978188026317
"Tile","whole_genome_tile_clock",822,"Validation","Elastic_net","Fin_clip_caudal","r2_nofilter","min20",25000,8.96920049460824,0.574458764253644
"Tile","whole_genome_tile_clock",823,"Train","Elastic_net","Fin_clip_caudal","r2_nofilter","min5",25000,2.45524744001044,0.938251385520631
"Tile","whole_genome_tile_clock",823,"Validation","Elastic_net","Fin_clip_caudal","r2_nofilter","min5",25000,4.02875193344343,0.526242389743553
"Tile","whole_genome_tile_clock",824,"Train","Elastic_net","Fin_clip_caudal","r2_nofilter","nofilter",25000,2.44956545014576,0.936206626721779
"Tile","whole_genome_tile_clock",824,"Validation","Elastic_net","Fin_clip_caudal","r2_nofilter","nofilter",25000,4.02875193344343,0.526242389743553
"Tile","whole_genome_tile_clock",825,"Train","Elastic_net","Fin_clip_caudal","r2_nofilter","min10",5000,0.624352371090915,0.998271250266839
"Tile","whole_genome_tile_clock",825,"Validation","Elastic_net","Fin_clip_caudal","r2_nofilter","min10",5000,7.90028686014166,0.577482733513993
"Tile","whole_genome_tile_clock",826,"Train","Elastic_net","Fin_clip_caudal","r2_nofilter","min20",5000,4.02509529086125,0.791347207302861
"Tile","whole_genome_tile_clock",826,"Validation","Elastic_net","Fin_clip_caudal","r2_nofilter","min20",5000,3.5102860660302,0.840539997821577
"Tile","whole_genome_tile_clock",827,"Train","Elastic_net","Fin_clip_caudal","r2_nofilter","min5",5000,0.53839155415791,0.998299489713787
"Tile","whole_genome_tile_clock",827,"Validation","Elastic_net","Fin_clip_caudal","r2_nofilter","min5",5000,4.55369486137863,0.687024131056056
"Tile","whole_genome_tile_clock",828,"Train","Elastic_net","Fin_clip_caudal","r2_nofilter","nofilter",5000,0.53839155415791,0.998299489713787
"Tile","whole_genome_tile_clock",828,"Validation","Elastic_net","Fin_clip_caudal","r2_nofilter","nofilter",5000,4.55369486137863,0.687024131056056
"Tile","whole_genome_tile_clock",829,"Train","Elastic_net","Fin_clip_caudal","r2_nofilter","min10",500,0.151846049786894,0.999894505603207
"Tile","whole_genome_tile_clock",829,"Validation","Elastic_net","Fin_clip_caudal","r2_nofilter","min10",500,3.83953229729585,0.716228396670096
"Tile","whole_genome_tile_clock",830,"Train","Elastic_net","Fin_clip_caudal","r2_nofilter","min20",500,0.588981803592472,0.99786865954567
"Tile","whole_genome_tile_clock",830,"Validation","Elastic_net","Fin_clip_caudal","r2_nofilter","min20",500,5.97499932377095,0.442481208407552
"Tile","whole_genome_tile_clock",831,"Train","Elastic_net","Fin_clip_caudal","r2_nofilter","min5",500,0.157230715220583,0.999824104654453
"Tile","whole_genome_tile_clock",831,"Validation","Elastic_net","Fin_clip_caudal","r2_nofilter","min5",500,3.8492020954209,0.664593558290942
"Tile","whole_genome_tile_clock",832,"Train","Elastic_net","Fin_clip_caudal","r2_nofilter","nofilter",500,2.69546760691535,0.927542264258179
"Tile","whole_genome_tile_clock",832,"Validation","Elastic_net","Fin_clip_caudal","r2_nofilter","nofilter",500,9.31084648931559,0.672885570116932
"Tile","whole_genome_tile_clock",833,"Train","Elastic_net","Fin_clip_caudal","r2_nofilter","min10",50,0.14975802089178,0.999845426411203
"Tile","whole_genome_tile_clock",833,"Validation","Elastic_net","Fin_clip_caudal","r2_nofilter","min10",50,3.0519092704637,0.676090511524752
"Tile","whole_genome_tile_clock",834,"Train","Elastic_net","Fin_clip_caudal","r2_nofilter","min20",50,0.974505445187364,0.995460170616392
"Tile","whole_genome_tile_clock",834,"Validation","Elastic_net","Fin_clip_caudal","r2_nofilter","min20",50,3.72956736064711,0.688758393382389
"Tile","whole_genome_tile_clock",835,"Train","Elastic_net","Fin_clip_caudal","r2_nofilter","min5",50,1.18994807494465,0.992208958025331
"Tile","whole_genome_tile_clock",835,"Validation","Elastic_net","Fin_clip_caudal","r2_nofilter","min5",50,3.68054447967995,0.623877656580758
"Tile","whole_genome_tile_clock",836,"Train","Elastic_net","Intestines","r2_0.05","min10",1000,0.584074124254831,0.997155104152132
"Tile","whole_genome_tile_clock",836,"Validation","Elastic_net","Intestines","r2_0.05","min10",1000,4.09269011156395,0.609973224720166
"Tile","whole_genome_tile_clock",837,"Train","Elastic_net","Intestines","r2_0.05","min20",1000,0.340265373413395,0.998277947761181
"Tile","whole_genome_tile_clock",837,"Validation","Elastic_net","Intestines","r2_0.05","min20",1000,6.38508701134043,0.602182129251444
"Tile","whole_genome_tile_clock",838,"Train","Elastic_net","Intestines","r2_0.05","min5",1000,2.35156968687698,0.950099189118976
"Tile","whole_genome_tile_clock",838,"Validation","Elastic_net","Intestines","r2_0.05","min5",1000,7.26199577186071,0.40896680735686
"Tile","whole_genome_tile_clock",839,"Train","Elastic_net","Intestines","r2_0.05","nofilter",1000,3.34650154850033,0.877058058676157
"Tile","whole_genome_tile_clock",839,"Validation","Elastic_net","Intestines","r2_0.05","nofilter",1000,9.51427322795555,0.589066527665043
"Tile","whole_genome_tile_clock",840,"Train","Elastic_net","Intestines","r2_0.05","min10",100,0.166376102103809,0.999832976718855
"Tile","whole_genome_tile_clock",840,"Validation","Elastic_net","Intestines","r2_0.05","min10",100,8.31191122036012,0.544930715718411
"Tile","whole_genome_tile_clock",841,"Train","Elastic_net","Intestines","r2_0.05","min20",100,2.65308589090248,0.924332645167815
"Tile","whole_genome_tile_clock",841,"Validation","Elastic_net","Intestines","r2_0.05","min20",100,10.7017348527666,0.729955823248655
"Tile","whole_genome_tile_clock",842,"Train","Elastic_net","Intestines","r2_0.05","min5",100,1.13998999855485,0.991305038804213
"Tile","whole_genome_tile_clock",842,"Validation","Elastic_net","Intestines","r2_0.05","min5",100,4.1748749607835,0.731814812772832
"Tile","whole_genome_tile_clock",843,"Train","Elastic_net","Intestines","r2_0.05","nofilter",100,1.42533043935999,0.989925010194192
"Tile","whole_genome_tile_clock",843,"Validation","Elastic_net","Intestines","r2_0.05","nofilter",100,3.87740627807857,0.671841967598537
"Tile","whole_genome_tile_clock",844,"Train","Elastic_net","Intestines","r2_0.05","min10",2000,0.156596000106579,0.999819552658053
"Tile","whole_genome_tile_clock",844,"Validation","Elastic_net","Intestines","r2_0.05","min10",2000,8.43620160080423,0.798707383081643
"Tile","whole_genome_tile_clock",845,"Train","Elastic_net","Intestines","r2_0.05","min20",2000,0.819903084258436,0.989205849093449
"Tile","whole_genome_tile_clock",845,"Validation","Elastic_net","Intestines","r2_0.05","min20",2000,7.29496779510581,0.571981737674884
"Tile","whole_genome_tile_clock",846,"Train","Elastic_net","Intestines","r2_0.05","min5",2000,0.160299442064068,0.999852547259818
"Tile","whole_genome_tile_clock",846,"Validation","Elastic_net","Intestines","r2_0.05","min5",2000,7.96658804725757,0.592103008932197
"Tile","whole_genome_tile_clock",847,"Train","Elastic_net","Intestines","r2_0.05","nofilter",2000,0.165465830715604,0.999852411761891
"Tile","whole_genome_tile_clock",847,"Validation","Elastic_net","Intestines","r2_0.05","nofilter",2000,8.06585489854745,0.67747566494545
"Tile","whole_genome_tile_clock",848,"Train","Elastic_net","Intestines","r2_0.05","min10",25000,0.605858389561739,0.997303474641528
"Tile","whole_genome_tile_clock",848,"Validation","Elastic_net","Intestines","r2_0.05","min10",25000,6.59666211499321,0.717669627146556
"Tile","whole_genome_tile_clock",849,"Train","Elastic_net","Intestines","r2_0.05","min20",25000,0.145133180079843,0.999621625625364
"Tile","whole_genome_tile_clock",849,"Validation","Elastic_net","Intestines","r2_0.05","min20",25000,4.54316804681993,0.438013612635945
"Tile","whole_genome_tile_clock",850,"Train","Elastic_net","Intestines","r2_0.05","min5",25000,2.69259371504489,0.952847620009253
"Tile","whole_genome_tile_clock",850,"Validation","Elastic_net","Intestines","r2_0.05","min5",25000,7.72456406515618,0.599674339066663
"Tile","whole_genome_tile_clock",851,"Train","Elastic_net","Intestines","r2_0.05","nofilter",25000,0.149296812657163,0.999842000278606
"Tile","whole_genome_tile_clock",851,"Validation","Elastic_net","Intestines","r2_0.05","nofilter",25000,8.3461861401859,0.489547338285891
"Tile","whole_genome_tile_clock",852,"Train","Elastic_net","Intestines","r2_0.05","min10",5000,0.152473796326256,0.999741326810532
"Tile","whole_genome_tile_clock",852,"Validation","Elastic_net","Intestines","r2_0.05","min10",5000,4.46546075410756,0.559054727505023
"Tile","whole_genome_tile_clock",853,"Train","Elastic_net","Intestines","r2_0.05","min20",5000,0.186405727217257,0.997518845878772
"Tile","whole_genome_tile_clock",853,"Validation","Elastic_net","Intestines","r2_0.05","min20",5000,10.0372018598986,0.477585244183624
"Tile","whole_genome_tile_clock",854,"Train","Elastic_net","Intestines","r2_0.05","min5",5000,0.158489461767812,0.999849758945918
"Tile","whole_genome_tile_clock",854,"Validation","Elastic_net","Intestines","r2_0.05","min5",5000,10.5862974182481,0.697839499650282
"Tile","whole_genome_tile_clock",855,"Train","Elastic_net","Intestines","r2_0.05","nofilter",5000,0.157806040122776,0.999895493651897
"Tile","whole_genome_tile_clock",855,"Validation","Elastic_net","Intestines","r2_0.05","nofilter",5000,8.13127512937894,0.565420451388357
"Tile","whole_genome_tile_clock",856,"Train","Elastic_net","Intestines","r2_0.05","min10",500,0.162738293946306,0.999810539436115
"Tile","whole_genome_tile_clock",856,"Validation","Elastic_net","Intestines","r2_0.05","min10",500,3.25714469319336,0.8918394887923
"Tile","whole_genome_tile_clock",857,"Train","Elastic_net","Intestines","r2_0.05","min20",500,0.161649313745727,0.999613059493112
"Tile","whole_genome_tile_clock",857,"Validation","Elastic_net","Intestines","r2_0.05","min20",500,6.52028538882536,0.570920468100597
"Tile","whole_genome_tile_clock",858,"Train","Elastic_net","Intestines","r2_0.05","min5",500,0.159811416322543,0.999841603698126
"Tile","whole_genome_tile_clock",858,"Validation","Elastic_net","Intestines","r2_0.05","min5",500,9.6469147408949,0.546246941952958
"Tile","whole_genome_tile_clock",859,"Train","Elastic_net","Intestines","r2_0.05","nofilter",500,2.55034177403813,0.948463826279748
"Tile","whole_genome_tile_clock",859,"Validation","Elastic_net","Intestines","r2_0.05","nofilter",500,9.28838035864649,0.615342033476084
"Tile","whole_genome_tile_clock",860,"Train","Elastic_net","Intestines","r2_0.05","min10",50,0.171020807728799,0.999798279057207
"Tile","whole_genome_tile_clock",860,"Validation","Elastic_net","Intestines","r2_0.05","min10",50,5.70553144578167,0.647579934903971
"Tile","whole_genome_tile_clock",861,"Train","Elastic_net","Intestines","r2_0.05","min20",50,0.1648427804965,0.999720223402217
"Tile","whole_genome_tile_clock",861,"Validation","Elastic_net","Intestines","r2_0.05","min20",50,5.17613291991772,0.585172401891828
"Tile","whole_genome_tile_clock",862,"Train","Elastic_net","Intestines","r2_0.05","min5",50,0.595173881077487,0.998040926633293
"Tile","whole_genome_tile_clock",862,"Validation","Elastic_net","Intestines","r2_0.05","min5",50,7.99578251614756,0.665309178447725
"Tile","whole_genome_tile_clock",863,"Train","Elastic_net","Intestines","r2_0.05","nofilter",50,0.162687683678429,0.999884559129355
"Tile","whole_genome_tile_clock",863,"Validation","Elastic_net","Intestines","r2_0.05","nofilter",50,11.0574394243531,0.864577332398162
"Tile","whole_genome_tile_clock",864,"Train","Elastic_net","Intestines","r2_0.1","min10",1000,0.161897317447246,0.999801974161996
"Tile","whole_genome_tile_clock",864,"Validation","Elastic_net","Intestines","r2_0.1","min10",1000,3.57805044641959,0.703175001719132
"Tile","whole_genome_tile_clock",865,"Train","Elastic_net","Intestines","r2_0.1","min20",1000,0.153460356527446,0.999628601386412
"Tile","whole_genome_tile_clock",865,"Validation","Elastic_net","Intestines","r2_0.1","min20",1000,4.15717536465187,0.531384967479716
"Tile","whole_genome_tile_clock",866,"Train","Elastic_net","Intestines","r2_0.1","min5",1000,0.161286225949343,0.999806954939339
"Tile","whole_genome_tile_clock",866,"Validation","Elastic_net","Intestines","r2_0.1","min5",1000,8.27770642459203,0.686457395848789
"Tile","whole_genome_tile_clock",867,"Train","Elastic_net","Intestines","r2_0.1","nofilter",1000,0.161729338235311,0.999795748579264
"Tile","whole_genome_tile_clock",867,"Validation","Elastic_net","Intestines","r2_0.1","nofilter",1000,4.34576852172631,0.667202648391264
"Tile","whole_genome_tile_clock",868,"Train","Elastic_net","Intestines","r2_0.1","min10",100,0.461999213090871,0.997781886493186
"Tile","whole_genome_tile_clock",868,"Validation","Elastic_net","Intestines","r2_0.1","min10",100,7.20395389780625,0.629034220686713
"Tile","whole_genome_tile_clock",869,"Train","Elastic_net","Intestines","r2_0.1","min20",100,2.89378532173403,0.878991622797087
"Tile","whole_genome_tile_clock",869,"Validation","Elastic_net","Intestines","r2_0.1","min20",100,9.67221179447128,0.575291610833701
"Tile","whole_genome_tile_clock",870,"Train","Elastic_net","Intestines","r2_0.1","min5",100,0.148577238915449,0.999841214537628
"Tile","whole_genome_tile_clock",870,"Validation","Elastic_net","Intestines","r2_0.1","min5",100,2.77665020399398,0.737328982992331
"Tile","whole_genome_tile_clock",871,"Train","Elastic_net","Intestines","r2_0.1","nofilter",100,0.153913285788202,0.999807082537755
"Tile","whole_genome_tile_clock",871,"Validation","Elastic_net","Intestines","r2_0.1","nofilter",100,8.27699420512557,0.72503444671565
"Tile","whole_genome_tile_clock",872,"Train","Elastic_net","Intestines","r2_0.1","min10",2000,0.143322997296554,0.999559594729563
"Tile","whole_genome_tile_clock",872,"Validation","Elastic_net","Intestines","r2_0.1","min10",2000,7.15636749086802,0.736451299871486
"Tile","whole_genome_tile_clock",873,"Train","Elastic_net","Intestines","r2_0.1","min20",2000,1.33459225617234,0.932775166580343
"Tile","whole_genome_tile_clock",873,"Validation","Elastic_net","Intestines","r2_0.1","min20",2000,3.61226233026915,0.71425319224186
"Tile","whole_genome_tile_clock",874,"Train","Elastic_net","Intestines","r2_0.1","min5",2000,0.158177362502977,0.999843412911427
"Tile","whole_genome_tile_clock",874,"Validation","Elastic_net","Intestines","r2_0.1","min5",2000,9.47257302638424,0.641157694115449
"Tile","whole_genome_tile_clock",875,"Train","Elastic_net","Intestines","r2_0.1","nofilter",2000,0.158425759603584,0.999837050685244
"Tile","whole_genome_tile_clock",875,"Validation","Elastic_net","Intestines","r2_0.1","nofilter",2000,7.53953206247671,0.526638696363665
"Tile","whole_genome_tile_clock",876,"Train","Elastic_net","Intestines","r2_0.1","min10",25000,0.150989547968342,0.999670054992285
"Tile","whole_genome_tile_clock",876,"Validation","Elastic_net","Intestines","r2_0.1","min10",25000,3.66236831106143,0.786751410398331
"Tile","whole_genome_tile_clock",877,"Train","Elastic_net","Intestines","r2_0.1","min20",25000,0.661992390230433,0.990273602310635
"Tile","whole_genome_tile_clock",877,"Validation","Elastic_net","Intestines","r2_0.1","min20",25000,4.09402085835724,0.517340154086684
"Tile","whole_genome_tile_clock",878,"Train","Elastic_net","Intestines","r2_0.1","min5",25000,0.154695948477333,0.999779272591053
"Tile","whole_genome_tile_clock",878,"Validation","Elastic_net","Intestines","r2_0.1","min5",25000,7.35849570443524,0.618033873930733
"Tile","whole_genome_tile_clock",879,"Train","Elastic_net","Intestines","r2_0.1","nofilter",25000,0.156933752794559,0.999767940750559
"Tile","whole_genome_tile_clock",879,"Validation","Elastic_net","Intestines","r2_0.1","nofilter",25000,3.72138694354473,0.578636220528803
"Tile","whole_genome_tile_clock",880,"Train","Elastic_net","Intestines","r2_0.1","min10",5000,2.1275408407685,0.955742505042296
"Tile","whole_genome_tile_clock",880,"Validation","Elastic_net","Intestines","r2_0.1","min10",5000,8.30397371915757,0.687271291682833
"Tile","whole_genome_tile_clock",881,"Train","Elastic_net","Intestines","r2_0.1","min20",5000,0.215276364779108,0.998801039847106
"Tile","whole_genome_tile_clock",881,"Validation","Elastic_net","Intestines","r2_0.1","min20",5000,5.00211824951369,0.583228108624689
"Tile","whole_genome_tile_clock",882,"Train","Elastic_net","Intestines","r2_0.1","min5",5000,0.166421155502248,0.999885893310891
"Tile","whole_genome_tile_clock",882,"Validation","Elastic_net","Intestines","r2_0.1","min5",5000,3.59114030485097,0.830612929271122
"Tile","whole_genome_tile_clock",883,"Train","Elastic_net","Intestines","r2_0.1","nofilter",5000,0.155524248326281,0.999812324423312
"Tile","whole_genome_tile_clock",883,"Validation","Elastic_net","Intestines","r2_0.1","nofilter",5000,7.80114625245266,0.509104642668683
"Tile","whole_genome_tile_clock",884,"Train","Elastic_net","Intestines","r2_0.1","min10",500,0.158925840622643,0.999831960227764
"Tile","whole_genome_tile_clock",884,"Validation","Elastic_net","Intestines","r2_0.1","min10",500,8.56659170931363,0.707357677770239
"Tile","whole_genome_tile_clock",885,"Train","Elastic_net","Intestines","r2_0.1","min20",500,0.177945470954945,0.997944436383627
"Tile","whole_genome_tile_clock",885,"Validation","Elastic_net","Intestines","r2_0.1","min20",500,3.98727025819693,0.657011259765099
"Tile","whole_genome_tile_clock",886,"Train","Elastic_net","Intestines","r2_0.1","min5",500,0.160624398674325,0.999860221825683
"Tile","whole_genome_tile_clock",886,"Validation","Elastic_net","Intestines","r2_0.1","min5",500,8.43688469051508,0.741864132191062
"Tile","whole_genome_tile_clock",887,"Train","Elastic_net","Intestines","r2_0.1","nofilter",500,0.291740709817072,0.999506266961406
"Tile","whole_genome_tile_clock",887,"Validation","Elastic_net","Intestines","r2_0.1","nofilter",500,4.17243085184798,0.713904716128256
"Tile","whole_genome_tile_clock",888,"Train","Elastic_net","Intestines","r2_0.1","min10",50,1.49211945603351,0.978844633704973
"Tile","whole_genome_tile_clock",888,"Validation","Elastic_net","Intestines","r2_0.1","min10",50,8.34233729404147,0.638490601525464
"Tile","whole_genome_tile_clock",889,"Train","Elastic_net","Intestines","r2_0.1","min20",50,0.157397666407474,0.999797117093774
"Tile","whole_genome_tile_clock",889,"Validation","Elastic_net","Intestines","r2_0.1","min20",50,8.36567873270594,0.567767413416201
"Tile","whole_genome_tile_clock",890,"Train","Elastic_net","Intestines","r2_0.1","min5",50,0.1716515515332,0.999870727767254
"Tile","whole_genome_tile_clock",890,"Validation","Elastic_net","Intestines","r2_0.1","min5",50,8.96515521893265,0.584091593891367
"Tile","whole_genome_tile_clock",891,"Train","Elastic_net","Intestines","r2_0.1","nofilter",50,0.160565078537907,0.99989661582836
"Tile","whole_genome_tile_clock",891,"Validation","Elastic_net","Intestines","r2_0.1","nofilter",50,8.98477634481875,0.65699068495452
"Tile","whole_genome_tile_clock",892,"Train","Elastic_net","Intestines","r2_0.2","min10",1000,0.180131488891971,0.999273626486799
"Tile","whole_genome_tile_clock",892,"Validation","Elastic_net","Intestines","r2_0.2","min10",1000,4.07476555496503,0.674738700352235
"Tile","whole_genome_tile_clock",893,"Train","Elastic_net","Intestines","r2_0.2","min20",1000,1.71190718187049,0.876207157259676
"Tile","whole_genome_tile_clock",893,"Validation","Elastic_net","Intestines","r2_0.2","min20",1000,6.29119882541004,0.629860397903113
"Tile","whole_genome_tile_clock",894,"Train","Elastic_net","Intestines","r2_0.2","min5",1000,0.162610677955917,0.999817550659949
"Tile","whole_genome_tile_clock",894,"Validation","Elastic_net","Intestines","r2_0.2","min5",1000,8.54783203181611,0.681732217346405
"Tile","whole_genome_tile_clock",895,"Train","Elastic_net","Intestines","r2_0.2","nofilter",1000,0.157587391764875,0.999816453893321
"Tile","whole_genome_tile_clock",895,"Validation","Elastic_net","Intestines","r2_0.2","nofilter",1000,4.29286439028988,0.532706812521299
"Tile","whole_genome_tile_clock",896,"Train","Elastic_net","Intestines","r2_0.2","min10",100,0.148729259038853,0.999646400930691
"Tile","whole_genome_tile_clock",896,"Validation","Elastic_net","Intestines","r2_0.2","min10",100,3.79393564899625,0.6681094243725
"Tile","whole_genome_tile_clock",897,"Train","Elastic_net","Intestines","r2_0.2","min20",100,2.97050492461685,0.814477741486444
"Tile","whole_genome_tile_clock",897,"Validation","Elastic_net","Intestines","r2_0.2","min20",100,7.94786364893043,0.597081864121489
"Tile","whole_genome_tile_clock",898,"Train","Elastic_net","Intestines","r2_0.2","min5",100,0.157123395091663,0.9998381944794
"Tile","whole_genome_tile_clock",898,"Validation","Elastic_net","Intestines","r2_0.2","min5",100,8.51424150245627,0.64552789235665
"Tile","whole_genome_tile_clock",899,"Train","Elastic_net","Intestines","r2_0.2","nofilter",100,0.407265796510463,0.998522205202773
"Tile","whole_genome_tile_clock",899,"Validation","Elastic_net","Intestines","r2_0.2","nofilter",100,7.95774962839447,0.699266993441247
"Tile","whole_genome_tile_clock",900,"Train","Elastic_net","Intestines","r2_0.2","min10",2000,0.138267306917516,0.999560704097645
"Tile","whole_genome_tile_clock",900,"Validation","Elastic_net","Intestines","r2_0.2","min10",2000,8.21310895474177,0.528556733160397
"Tile","whole_genome_tile_clock",901,"Train","Elastic_net","Intestines","r2_0.2","min20",2000,1.33460151388471,0.926459138573299
"Tile","whole_genome_tile_clock",901,"Validation","Elastic_net","Intestines","r2_0.2","min20",2000,7.77888948626378,0.649855790157201
"Tile","whole_genome_tile_clock",902,"Train","Elastic_net","Intestines","r2_0.2","min5",2000,0.167988639703792,0.999735564504094
"Tile","whole_genome_tile_clock",902,"Validation","Elastic_net","Intestines","r2_0.2","min5",2000,3.84911130794386,0.548834611074068
"Tile","whole_genome_tile_clock",903,"Train","Elastic_net","Intestines","r2_0.2","nofilter",2000,0.163874303513169,0.999751104323302
"Tile","whole_genome_tile_clock",903,"Validation","Elastic_net","Intestines","r2_0.2","nofilter",2000,3.93839414117691,0.577461311821987
"Tile","whole_genome_tile_clock",904,"Train","Elastic_net","Intestines","r2_0.2","min10",25000,0.638858103652432,0.98246988535374
"Tile","whole_genome_tile_clock",904,"Validation","Elastic_net","Intestines","r2_0.2","min10",25000,3.5959648408185,0.712434082661816
"Tile","whole_genome_tile_clock",905,"Train","Elastic_net","Intestines","r2_0.2","min20",25000,2.00009618485809,0.841842267193254
"Tile","whole_genome_tile_clock",905,"Validation","Elastic_net","Intestines","r2_0.2","min20",25000,7.01692435356665,0.421982360053317
"Tile","whole_genome_tile_clock",906,"Train","Elastic_net","Intestines","r2_0.2","min5",25000,0.152927979275853,0.999688624824816
"Tile","whole_genome_tile_clock",906,"Validation","Elastic_net","Intestines","r2_0.2","min5",25000,10.9457579385941,0.602879417137287
"Tile","whole_genome_tile_clock",907,"Train","Elastic_net","Intestines","r2_0.2","nofilter",25000,0.152927979275853,0.999688624824816
"Tile","whole_genome_tile_clock",907,"Validation","Elastic_net","Intestines","r2_0.2","nofilter",25000,10.9457579385941,0.602879417137287
"Tile","whole_genome_tile_clock",908,"Train","Elastic_net","Intestines","r2_0.2","min10",5000,0.15332158816879,0.999576626823842
"Tile","whole_genome_tile_clock",908,"Validation","Elastic_net","Intestines","r2_0.2","min10",5000,9.51543115029122,0.764452786393805
"Tile","whole_genome_tile_clock",909,"Train","Elastic_net","Intestines","r2_0.2","min20",5000,1.54608869734919,0.918582038054167
"Tile","whole_genome_tile_clock",909,"Validation","Elastic_net","Intestines","r2_0.2","min20",5000,2.64832867830066,0.811033666120504
"Tile","whole_genome_tile_clock",910,"Train","Elastic_net","Intestines","r2_0.2","min5",5000,0.154305828797876,0.999768931739449
"Tile","whole_genome_tile_clock",910,"Validation","Elastic_net","Intestines","r2_0.2","min5",5000,8.88260275554981,0.602837946169956
"Tile","whole_genome_tile_clock",911,"Train","Elastic_net","Intestines","r2_0.2","nofilter",5000,0.172384422889802,0.999688502659401
"Tile","whole_genome_tile_clock",911,"Validation","Elastic_net","Intestines","r2_0.2","nofilter",5000,3.8852650297654,0.455018096224997
"Tile","whole_genome_tile_clock",912,"Train","Elastic_net","Intestines","r2_0.2","min10",500,0.14581557203171,0.999576560041829
"Tile","whole_genome_tile_clock",912,"Validation","Elastic_net","Intestines","r2_0.2","min10",500,6.85361747408309,0.704274064906853
"Tile","whole_genome_tile_clock",913,"Train","Elastic_net","Intestines","r2_0.2","min20",500,1.66798502126007,0.900731757216696
"Tile","whole_genome_tile_clock",913,"Validation","Elastic_net","Intestines","r2_0.2","min20",500,6.59662912381511,0.527178875762254
"Tile","whole_genome_tile_clock",914,"Train","Elastic_net","Intestines","r2_0.2","min5",500,0.164770593404886,0.999842374585322
"Tile","whole_genome_tile_clock",914,"Validation","Elastic_net","Intestines","r2_0.2","min5",500,9.97325047016136,0.676746062854708
"Tile","whole_genome_tile_clock",915,"Train","Elastic_net","Intestines","r2_0.2","nofilter",500,0.161881509139152,0.999842438200564
"Tile","whole_genome_tile_clock",915,"Validation","Elastic_net","Intestines","r2_0.2","nofilter",500,8.90734423140081,0.71528639118736
"Tile","whole_genome_tile_clock",916,"Train","Elastic_net","Intestines","r2_0.2","min10",50,0.144220300334366,0.999609242731717
"Tile","whole_genome_tile_clock",916,"Validation","Elastic_net","Intestines","r2_0.2","min10",50,9.58619174311628,0.583986728484594
"Tile","whole_genome_tile_clock",917,"Train","Elastic_net","Intestines","r2_0.2","min20",50,0.611727484963528,0.988189109148456
"Tile","whole_genome_tile_clock",917,"Validation","Elastic_net","Intestines","r2_0.2","min20",50,4.63472301366439,0.447113932044319
"Tile","whole_genome_tile_clock",918,"Train","Elastic_net","Intestines","r2_0.2","min5",50,0.159310001368781,0.999808406071957
"Tile","whole_genome_tile_clock",918,"Validation","Elastic_net","Intestines","r2_0.2","min5",50,7.39026298095647,0.783733521130941
"Tile","whole_genome_tile_clock",919,"Train","Elastic_net","Intestines","r2_0.2","nofilter",50,0.158331112962199,0.999825557076358
"Tile","whole_genome_tile_clock",919,"Validation","Elastic_net","Intestines","r2_0.2","nofilter",50,7.04475008798757,0.67315104759083
"Tile","whole_genome_tile_clock",920,"Train","Elastic_net","Intestines","r2_0.3","min10",1000,0.402343517831079,0.988745350788202
"Tile","whole_genome_tile_clock",920,"Validation","Elastic_net","Intestines","r2_0.3","min10",1000,2.69211496138101,0.693740428215129
"Tile","whole_genome_tile_clock",921,"Train","Elastic_net","Intestines","r2_0.3","min20",1000,1.01827682301025,0.832013024918552
"Tile","whole_genome_tile_clock",921,"Validation","Elastic_net","Intestines","r2_0.3","min20",1000,7.33287275624736,0.6424895404397
"Tile","whole_genome_tile_clock",922,"Train","Elastic_net","Intestines","r2_0.3","min5",1000,0.158627746902043,0.99971305674032
"Tile","whole_genome_tile_clock",922,"Validation","Elastic_net","Intestines","r2_0.3","min5",1000,9.93603572242807,0.556047594447501
"Tile","whole_genome_tile_clock",923,"Train","Elastic_net","Intestines","r2_0.3","nofilter",1000,0.163143313516211,0.99977658982952
"Tile","whole_genome_tile_clock",923,"Validation","Elastic_net","Intestines","r2_0.3","nofilter",1000,3.35154143588746,0.691295394628128
"Tile","whole_genome_tile_clock",924,"Train","Elastic_net","Intestines","r2_0.3","min10",100,0.920981837028054,0.980464465016938
"Tile","whole_genome_tile_clock",924,"Validation","Elastic_net","Intestines","r2_0.3","min10",100,3.96312056246857,0.582922092135782
"Tile","whole_genome_tile_clock",925,"Train","Elastic_net","Intestines","r2_0.3","min20",100,1.07797233344617,0.921956102299108
"Tile","whole_genome_tile_clock",925,"Validation","Elastic_net","Intestines","r2_0.3","min20",100,9.8689953803641,0.640147503107582
"Tile","whole_genome_tile_clock",926,"Train","Elastic_net","Intestines","r2_0.3","min5",100,0.167578559301755,0.99969398575117
"Tile","whole_genome_tile_clock",926,"Validation","Elastic_net","Intestines","r2_0.3","min5",100,9.88620473000512,0.519975999662543
"Tile","whole_genome_tile_clock",927,"Train","Elastic_net","Intestines","r2_0.3","nofilter",100,0.162849562266202,0.99968170710565
"Tile","whole_genome_tile_clock",927,"Validation","Elastic_net","Intestines","r2_0.3","nofilter",100,8.67693358616192,0.546031497919513
"Tile","whole_genome_tile_clock",928,"Train","Elastic_net","Intestines","r2_0.3","min10",2000,0.893148948256613,0.976042357441644
"Tile","whole_genome_tile_clock",928,"Validation","Elastic_net","Intestines","r2_0.3","min10",2000,8.36404019615837,0.639275702097831
"Tile","whole_genome_tile_clock",929,"Train","Elastic_net","Intestines","r2_0.3","min20",2000,2.39316411527086,0.83258143068816
"Tile","whole_genome_tile_clock",929,"Validation","Elastic_net","Intestines","r2_0.3","min20",2000,11.3125178941071,0.595597237221528
"Tile","whole_genome_tile_clock",930,"Train","Elastic_net","Intestines","r2_0.3","min5",2000,0.161163523582541,0.999672379912533
"Tile","whole_genome_tile_clock",930,"Validation","Elastic_net","Intestines","r2_0.3","min5",2000,3.77166960084178,0.44605439976209
"Tile","whole_genome_tile_clock",931,"Train","Elastic_net","Intestines","r2_0.3","nofilter",2000,0.412099481511964,0.99806031413627
"Tile","whole_genome_tile_clock",931,"Validation","Elastic_net","Intestines","r2_0.3","nofilter",2000,4.24802224378615,0.486056428974425
"Tile","whole_genome_tile_clock",932,"Train","Elastic_net","Intestines","r2_0.3","min10",25000,1.06056535264852,0.954832607931083
"Tile","whole_genome_tile_clock",932,"Validation","Elastic_net","Intestines","r2_0.3","min10",25000,3.03295024121782,0.62290486265482
"Tile","whole_genome_tile_clock",933,"Train","Elastic_net","Intestines","r2_0.3","min20",25000,1.59832549912788,0.802559954376477
"Tile","whole_genome_tile_clock",933,"Validation","Elastic_net","Intestines","r2_0.3","min20",25000,4.48465365621702,0.512241151307096
"Tile","whole_genome_tile_clock",934,"Train","Elastic_net","Intestines","r2_0.3","min5",25000,0.24512611775503,0.998862729020916
"Tile","whole_genome_tile_clock",934,"Validation","Elastic_net","Intestines","r2_0.3","min5",25000,12.8340389387768,0.602486655503913
"Tile","whole_genome_tile_clock",935,"Train","Elastic_net","Intestines","r2_0.3","nofilter",25000,0.169096422344598,0.999414485739237
"Tile","whole_genome_tile_clock",935,"Validation","Elastic_net","Intestines","r2_0.3","nofilter",25000,4.56111031011664,0.615210504240022
"Tile","whole_genome_tile_clock",936,"Train","Elastic_net","Intestines","r2_0.3","min10",5000,1.02455235083258,0.951365599214173
"Tile","whole_genome_tile_clock",936,"Validation","Elastic_net","Intestines","r2_0.3","min10",5000,3.40777479897591,0.721211628665875
"Tile","whole_genome_tile_clock",937,"Train","Elastic_net","Intestines","r2_0.3","min20",5000,0.977157583313664,0.834443396137472
"Tile","whole_genome_tile_clock",937,"Validation","Elastic_net","Intestines","r2_0.3","min20",5000,3.03449510545657,0.812631914217144
"Tile","whole_genome_tile_clock",938,"Train","Elastic_net","Intestines","r2_0.3","min5",5000,1.35803778434265,0.965640967580971
"Tile","whole_genome_tile_clock",938,"Validation","Elastic_net","Intestines","r2_0.3","min5",5000,3.75417720842624,0.45939914590436
"Tile","whole_genome_tile_clock",939,"Train","Elastic_net","Intestines","r2_0.3","nofilter",5000,0.153087500452165,0.999532163893266
"Tile","whole_genome_tile_clock",939,"Validation","Elastic_net","Intestines","r2_0.3","nofilter",5000,7.94042406918946,0.522708474596592
"Tile","whole_genome_tile_clock",940,"Train","Elastic_net","Intestines","r2_0.3","min10",500,0.590166144112162,0.982356781368759
"Tile","whole_genome_tile_clock",940,"Validation","Elastic_net","Intestines","r2_0.3","min10",500,4.31077129729842,0.498178613014042
"Tile","whole_genome_tile_clock",941,"Train","Elastic_net","Intestines","r2_0.3","min20",500,1.36557361046595,0.876270774795876
"Tile","whole_genome_tile_clock",941,"Validation","Elastic_net","Intestines","r2_0.3","min20",500,5.74910459215145,0.594109905920901
"Tile","whole_genome_tile_clock",942,"Train","Elastic_net","Intestines","r2_0.3","min5",500,0.17370900869146,0.999590919097142
"Tile","whole_genome_tile_clock",942,"Validation","Elastic_net","Intestines","r2_0.3","min5",500,3.40928386524482,0.561467950507352
"Tile","whole_genome_tile_clock",943,"Train","Elastic_net","Intestines","r2_0.3","nofilter",500,0.156746830671898,0.999701001593698
"Tile","whole_genome_tile_clock",943,"Validation","Elastic_net","Intestines","r2_0.3","nofilter",500,3.32278542466247,0.4923615592358
"Tile","whole_genome_tile_clock",944,"Train","Elastic_net","Intestines","r2_0.3","min10",50,0.90889012644656,0.977591216300543
"Tile","whole_genome_tile_clock",944,"Validation","Elastic_net","Intestines","r2_0.3","min10",50,2.99367685672971,0.7735898576213
"Tile","whole_genome_tile_clock",945,"Train","Elastic_net","Intestines","r2_0.3","min20",50,3.07719086356449,0.777968364657125
"Tile","whole_genome_tile_clock",945,"Validation","Elastic_net","Intestines","r2_0.3","min20",50,8.81886882041722,0.736856035433372
"Tile","whole_genome_tile_clock",946,"Train","Elastic_net","Intestines","r2_0.3","min5",50,0.165891044612525,0.999689758353866
"Tile","whole_genome_tile_clock",946,"Validation","Elastic_net","Intestines","r2_0.3","min5",50,4.17285457930103,0.548519161370513
"Tile","whole_genome_tile_clock",947,"Train","Elastic_net","Intestines","r2_0.3","nofilter",50,0.152908438374017,0.99976902278082
"Tile","whole_genome_tile_clock",947,"Validation","Elastic_net","Intestines","r2_0.3","nofilter",50,8.69821514479102,0.427175893702195
"Tile","whole_genome_tile_clock",948,"Train","Elastic_net","Intestines","r2_nofilter","min10",1000,4.8225675851299,0.690598832484067
"Tile","whole_genome_tile_clock",948,"Validation","Elastic_net","Intestines","r2_nofilter","min10",1000,3.82437531180133,0.60497022681985
"Tile","whole_genome_tile_clock",949,"Train","Elastic_net","Intestines","r2_nofilter","min20",1000,4.93644549620599,0.525944249301471
"Tile","whole_genome_tile_clock",949,"Validation","Elastic_net","Intestines","r2_nofilter","min20",1000,8.10351471722726,0.75917085431595
"Tile","whole_genome_tile_clock",950,"Train","Elastic_net","Intestines","r2_nofilter","min5",1000,4.33530193269783,0.826541044435352
"Tile","whole_genome_tile_clock",950,"Validation","Elastic_net","Intestines","r2_nofilter","min5",1000,9.18202006203916,0.828685676747861
"Tile","whole_genome_tile_clock",951,"Train","Elastic_net","Intestines","r2_nofilter","nofilter",1000,4.33530193269783,0.826541044435352
"Tile","whole_genome_tile_clock",951,"Validation","Elastic_net","Intestines","r2_nofilter","nofilter",1000,9.4818145034399,0.816540006548774
"Tile","whole_genome_tile_clock",952,"Train","Elastic_net","Intestines","r2_nofilter","min10",100,0.160508942673549,0.999878305675881
"Tile","whole_genome_tile_clock",952,"Validation","Elastic_net","Intestines","r2_nofilter","min10",100,5.75994575137151,0.544493648587196
"Tile","whole_genome_tile_clock",953,"Train","Elastic_net","Intestines","r2_nofilter","min20",100,5.26485733698491,0.446824706917279
"Tile","whole_genome_tile_clock",953,"Validation","Elastic_net","Intestines","r2_nofilter","min20",100,7.51918291485654,0.671809093874096
"Tile","whole_genome_tile_clock",954,"Train","Elastic_net","Intestines","r2_nofilter","min5",100,0.167394692671729,0.99986315623606
"Tile","whole_genome_tile_clock",954,"Validation","Elastic_net","Intestines","r2_nofilter","min5",100,7.45891771782144,0.54196589922542
"Tile","whole_genome_tile_clock",955,"Train","Elastic_net","Intestines","r2_nofilter","nofilter",100,0.167394692671729,0.99986315623606
"Tile","whole_genome_tile_clock",955,"Validation","Elastic_net","Intestines","r2_nofilter","nofilter",100,7.44926872696243,0.531247602202373
"Tile","whole_genome_tile_clock",956,"Train","Elastic_net","Intestines","r2_nofilter","min10",2000,1.52630193828459,0.979997399970818
"Tile","whole_genome_tile_clock",956,"Validation","Elastic_net","Intestines","r2_nofilter","min10",2000,7.90316280891072,0.681418890430899
"Tile","whole_genome_tile_clock",957,"Train","Elastic_net","Intestines","r2_nofilter","min20",2000,4.34748425326086,0.630460199303047
"Tile","whole_genome_tile_clock",957,"Validation","Elastic_net","Intestines","r2_nofilter","min20",2000,6.03653565083741,0.568870629412132
"Tile","whole_genome_tile_clock",958,"Train","Elastic_net","Intestines","r2_nofilter","min5",2000,2.32684255900838,0.956848284576646
"Tile","whole_genome_tile_clock",958,"Validation","Elastic_net","Intestines","r2_nofilter","min5",2000,7.47813929091989,0.535410056862491
"Tile","whole_genome_tile_clock",959,"Train","Elastic_net","Intestines","r2_nofilter","nofilter",2000,2.32684255900838,0.956848284576646
"Tile","whole_genome_tile_clock",959,"Validation","Elastic_net","Intestines","r2_nofilter","nofilter",2000,7.47813929091989,0.535410056862491
"Tile","whole_genome_tile_clock",960,"Train","Elastic_net","Intestines","r2_nofilter","min10",25000,1.45847960478234,0.972482330956342
"Tile","whole_genome_tile_clock",960,"Validation","Elastic_net","Intestines","r2_nofilter","min10",25000,8.37744777201334,0.576996093424653
"Tile","whole_genome_tile_clock",961,"Train","Elastic_net","Intestines","r2_nofilter","min20",25000,4.90393029906305,0.553354371587002
"Tile","whole_genome_tile_clock",961,"Validation","Elastic_net","Intestines","r2_nofilter","min20",25000,8.298913244839,0.519528932286343
"Tile","whole_genome_tile_clock",962,"Train","Elastic_net","Intestines","r2_nofilter","min5",25000,3.3059375880728,0.905464295475902
"Tile","whole_genome_tile_clock",962,"Validation","Elastic_net","Intestines","r2_nofilter","min5",25000,6.825446888711,0.847827581557583
"Tile","whole_genome_tile_clock",963,"Train","Elastic_net","Intestines","r2_nofilter","nofilter",25000,3.3059375880728,0.905464295475902
"Tile","whole_genome_tile_clock",963,"Validation","Elastic_net","Intestines","r2_nofilter","nofilter",25000,6.825446888711,0.847827581557583
"Tile","whole_genome_tile_clock",964,"Train","Elastic_net","Intestines","r2_nofilter","min10",5000,2.39881545584783,0.939583401700141
"Tile","whole_genome_tile_clock",964,"Validation","Elastic_net","Intestines","r2_nofilter","min10",5000,6.69912159623058,0.522284154455305
"Tile","whole_genome_tile_clock",965,"Train","Elastic_net","Intestines","r2_nofilter","min20",5000,1.27007736779384,0.977846626439382
"Tile","whole_genome_tile_clock",965,"Validation","Elastic_net","Intestines","r2_nofilter","min20",5000,6.3247279235305,0.467548255831592
"Tile","whole_genome_tile_clock",966,"Train","Elastic_net","Intestines","r2_nofilter","min5",5000,0.161687823595591,0.999852298428904
"Tile","whole_genome_tile_clock",966,"Validation","Elastic_net","Intestines","r2_nofilter","min5",5000,6.78447729745896,0.523531881119736
"Tile","whole_genome_tile_clock",967,"Train","Elastic_net","Intestines","r2_nofilter","nofilter",5000,0.161687823595591,0.999852298428904
"Tile","whole_genome_tile_clock",967,"Validation","Elastic_net","Intestines","r2_nofilter","nofilter",5000,6.78447729745896,0.523531881119736
"Tile","whole_genome_tile_clock",968,"Train","Elastic_net","Intestines","r2_nofilter","min10",500,0.155372473303086,0.999804136634739
"Tile","whole_genome_tile_clock",968,"Validation","Elastic_net","Intestines","r2_nofilter","min10",500,6.49863142459521,0.516387703322695
"Tile","whole_genome_tile_clock",969,"Train","Elastic_net","Intestines","r2_nofilter","min20",500,3.43918343207752,0.796913320720652
"Tile","whole_genome_tile_clock",969,"Validation","Elastic_net","Intestines","r2_nofilter","min20",500,5.8760954358923,0.611912099694691
"Tile","whole_genome_tile_clock",970,"Train","Elastic_net","Intestines","r2_nofilter","min5",500,2.35174019993045,0.95441465226252
"Tile","whole_genome_tile_clock",970,"Validation","Elastic_net","Intestines","r2_nofilter","min5",500,4.30635737068657,0.64959497218521
"Tile","whole_genome_tile_clock",971,"Train","Elastic_net","Intestines","r2_nofilter","nofilter",500,2.35174019993045,0.95441465226252
"Tile","whole_genome_tile_clock",971,"Validation","Elastic_net","Intestines","r2_nofilter","nofilter",500,4.30635737068657,0.64959497218521
"Tile","whole_genome_tile_clock",972,"Train","Elastic_net","Intestines","r2_nofilter","min10",50,0.245459136612895,0.999414823580418
"Tile","whole_genome_tile_clock",972,"Validation","Elastic_net","Intestines","r2_nofilter","min10",50,8.13347336119627,0.548910349532475
"Tile","whole_genome_tile_clock",973,"Train","Elastic_net","Intestines","r2_nofilter","min20",50,2.66043929813526,0.923774532815793
"Tile","whole_genome_tile_clock",973,"Validation","Elastic_net","Intestines","r2_nofilter","min20",50,6.12714277384553,0.625159018422363
"Tile","whole_genome_tile_clock",974,"Train","Elastic_net","Intestines","r2_nofilter","min5",50,0.692673216171253,0.996916765697492
"Tile","whole_genome_tile_clock",974,"Validation","Elastic_net","Intestines","r2_nofilter","min5",50,7.20649856044933,0.672665215687633
"Tile","whole_genome_tile_clock",975,"Train","Elastic_net","Intestines","r2_nofilter","nofilter",50,1.41301613788863,0.984474051640163
"Tile","whole_genome_tile_clock",975,"Validation","Elastic_net","Intestines","r2_nofilter","nofilter",50,3.89554842790429,0.597512472181891
"Tile","cpg_island_tile_clock",976,"Train","Lasso","All_organs","r2_0.05","min10",1000,4.96292718823471,0.135678121560074
"Tile","cpg_island_tile_clock",976,"Validation","Lasso","All_organs","r2_0.05","min10",1000,4.98248587934711,0.178720397243155
"Tile","cpg_island_tile_clock",977,"Train","Lasso","All_organs","r2_0.05","min20",1000,4.087922378602,0.538404578441252
"Tile","cpg_island_tile_clock",977,"Validation","Lasso","All_organs","r2_0.05","min20",1000,4.1879771649318,0.375067796573391
"Tile","cpg_island_tile_clock",978,"Train","Lasso","All_organs","r2_0.05","min5",1000,2.06131387090273,0.860174320072636
"Tile","cpg_island_tile_clock",978,"Validation","Lasso","All_organs","r2_0.05","min5",1000,8.00054537015428,0.311716532637727
"Tile","cpg_island_tile_clock",979,"Train","Lasso","All_organs","r2_0.05","nofilter",1000,2.06131387090273,0.860174320072636
"Tile","cpg_island_tile_clock",979,"Validation","Lasso","All_organs","r2_0.05","nofilter",1000,8.00054537015428,0.311716532637727
"Tile","cpg_island_tile_clock",980,"Train","Lasso","All_organs","r2_0.05","min10",100,0.641323146203755,0.98801657089885
"Tile","cpg_island_tile_clock",980,"Validation","Lasso","All_organs","r2_0.05","min10",100,5.00193971634518,0.29838543991396
"Tile","cpg_island_tile_clock",981,"Train","Lasso","All_organs","r2_0.05","min20",100,1.27411557797403,0.919064434510927
"Tile","cpg_island_tile_clock",981,"Validation","Lasso","All_organs","r2_0.05","min20",100,4.46598163660144,0.272770951416599
"Tile","cpg_island_tile_clock",982,"Train","Lasso","All_organs","r2_0.05","min5",100,0.518786537182609,0.992042150660916
"Tile","cpg_island_tile_clock",982,"Validation","Lasso","All_organs","r2_0.05","min5",100,4.98781156434787,0.272655645813012
"Tile","cpg_island_tile_clock",983,"Train","Lasso","All_organs","r2_0.05","nofilter",100,0.519316190695208,0.992021223171444
"Tile","cpg_island_tile_clock",983,"Validation","Lasso","All_organs","r2_0.05","nofilter",100,5.12197904180634,0.27862563997339
"Tile","cpg_island_tile_clock",984,"Train","Lasso","All_organs","r2_0.05","min10",2000,4.86358491240574,0.123600727251474
"Tile","cpg_island_tile_clock",984,"Validation","Lasso","All_organs","r2_0.05","min10",2000,5.11985211040134,0.160463093251227
"Tile","cpg_island_tile_clock",985,"Train","Lasso","All_organs","r2_0.05","min20",2000,3.25686394192301,0.676411773426978
"Tile","cpg_island_tile_clock",985,"Validation","Lasso","All_organs","r2_0.05","min20",2000,5.01620668436547,0.413693492151423
"Tile","cpg_island_tile_clock",986,"Train","Lasso","All_organs","r2_0.05","min5",2000,1.89869834055648,0.889041095808549
"Tile","cpg_island_tile_clock",986,"Validation","Lasso","All_organs","r2_0.05","min5",2000,4.27289464147375,0.422080994720483
"Tile","cpg_island_tile_clock",987,"Train","Lasso","All_organs","r2_0.05","nofilter",2000,1.89869834055648,0.889041095808549
"Tile","cpg_island_tile_clock",987,"Validation","Lasso","All_organs","r2_0.05","nofilter",2000,4.27289464147375,0.422080994720483
"Tile","cpg_island_tile_clock",988,"Train","Lasso","All_organs","r2_0.05","min10",25000,4.99147117099142,0.109541147648372
"Tile","cpg_island_tile_clock",988,"Validation","Lasso","All_organs","r2_0.05","min10",25000,5.22572380348547,0.249589589177742
"Tile","cpg_island_tile_clock",989,"Train","Lasso","All_organs","r2_0.05","min20",25000,4.06240784519563,0.531422223853481
"Tile","cpg_island_tile_clock",989,"Validation","Lasso","All_organs","r2_0.05","min20",25000,3.79812974857253,0.463315724648616
"Tile","cpg_island_tile_clock",990,"Train","Lasso","All_organs","r2_0.05","min5",25000,2.38353927859082,0.826632007246985
"Tile","cpg_island_tile_clock",990,"Validation","Lasso","All_organs","r2_0.05","min5",25000,5.09505393655947,0.361295060659395
"Tile","cpg_island_tile_clock",991,"Train","Lasso","All_organs","r2_0.05","nofilter",25000,2.38353928487114,0.826632008279787
"Tile","cpg_island_tile_clock",991,"Validation","Lasso","All_organs","r2_0.05","nofilter",25000,4.35388076470662,0.350890835601668
"Tile","cpg_island_tile_clock",992,"Train","Lasso","All_organs","r2_0.05","min10",5000,4.99147117099142,0.109541147648372
"Tile","cpg_island_tile_clock",992,"Validation","Lasso","All_organs","r2_0.05","min10",5000,5.22572380348547,0.249589589177742
"Tile","cpg_island_tile_clock",993,"Train","Lasso","All_organs","r2_0.05","min20",5000,4.06240784519563,0.531422223853481
"Tile","cpg_island_tile_clock",993,"Validation","Lasso","All_organs","r2_0.05","min20",5000,3.79812974857253,0.463315724648616
"Tile","cpg_island_tile_clock",994,"Train","Lasso","All_organs","r2_0.05","min5",5000,2.38353927859082,0.826632007246985
"Tile","cpg_island_tile_clock",994,"Validation","Lasso","All_organs","r2_0.05","min5",5000,5.09505393655947,0.361295060659395
"Tile","cpg_island_tile_clock",995,"Train","Lasso","All_organs","r2_0.05","nofilter",5000,2.38353928487114,0.826632008279787
"Tile","cpg_island_tile_clock",995,"Validation","Lasso","All_organs","r2_0.05","nofilter",5000,4.35388076470662,0.350890835601668
"Tile","cpg_island_tile_clock",996,"Train","Lasso","All_organs","r2_0.05","min10",500,2.07702753897732,0.88448588257334
"Tile","cpg_island_tile_clock",996,"Validation","Lasso","All_organs","r2_0.05","min10",500,7.76045943222288,0.332490138130344
"Tile","cpg_island_tile_clock",997,"Train","Lasso","All_organs","r2_0.05","min20",500,2.33838155775107,0.797764201243218
"Tile","cpg_island_tile_clock",997,"Validation","Lasso","All_organs","r2_0.05","min20",500,5.29581365037934,0.386820584300113
"Tile","cpg_island_tile_clock",998,"Train","Lasso","All_organs","r2_0.05","min5",500,4.97406165780912,0.116175287903539
"Tile","cpg_island_tile_clock",998,"Validation","Lasso","All_organs","r2_0.05","min5",500,6.8771914934449,0.288384756352464
"Tile","cpg_island_tile_clock",999,"Train","Lasso","All_organs","r2_0.05","nofilter",500,4.8012710433482,0.179628574474759
"Tile","cpg_island_tile_clock",999,"Validation","Lasso","All_organs","r2_0.05","nofilter",500,5.67970964497741,0.299016420429684
"Tile","cpg_island_tile_clock",1000,"Train","Lasso","All_organs","r2_0.05","min10",50,1.38455520729239,0.954717362745985
"Tile","cpg_island_tile_clock",1000,"Validation","Lasso","All_organs","r2_0.05","min10",50,4.62166340574504,0.243743851791435
"Tile","cpg_island_tile_clock",1001,"Train","Lasso","All_organs","r2_0.05","min20",50,2.13617991006657,0.829779750708656
"Tile","cpg_island_tile_clock",1001,"Validation","Lasso","All_organs","r2_0.05","min20",50,4.70686639895931,0.287263723545871
"Tile","cpg_island_tile_clock",1002,"Train","Lasso","All_organs","r2_0.05","min5",50,0.159869115374543,0.999553048752729
"Tile","cpg_island_tile_clock",1002,"Validation","Lasso","All_organs","r2_0.05","min5",50,3.87589974173976,0.485859699863939
"Tile","cpg_island_tile_clock",1003,"Train","Lasso","All_organs","r2_0.05","nofilter",50,0.168847724873128,0.999496800484568
"Tile","cpg_island_tile_clock",1003,"Validation","Lasso","All_organs","r2_0.05","nofilter",50,4.80951037379791,0.339304635164083
"Tile","cpg_island_tile_clock",1004,"Train","Lasso","All_organs","r2_0.1","min10",1000,3.19815706871074,0.641356561392504
"Tile","cpg_island_tile_clock",1004,"Validation","Lasso","All_organs","r2_0.1","min10",1000,7.44266166458643,0.322884529112128
"Tile","cpg_island_tile_clock",1005,"Train","Lasso","All_organs","r2_0.1","min20",1000,4.01408031500953,0.457960655731317
"Tile","cpg_island_tile_clock",1005,"Validation","Lasso","All_organs","r2_0.1","min20",1000,6.68917483061606,0.297214896181872
"Tile","cpg_island_tile_clock",1006,"Train","Lasso","All_organs","r2_0.1","min5",1000,5.05396222232562,0.0952444869503902
"Tile","cpg_island_tile_clock",1006,"Validation","Lasso","All_organs","r2_0.1","min5",1000,5.66337438927902,0.207434641366368
"Tile","cpg_island_tile_clock",1007,"Train","Lasso","All_organs","r2_0.1","nofilter",1000,4.49970421913662,0.213289361249194
"Tile","cpg_island_tile_clock",1007,"Validation","Lasso","All_organs","r2_0.1","nofilter",1000,6.81981759566485,0.290763315073275
"Tile","cpg_island_tile_clock",1008,"Train","Lasso","All_organs","r2_0.1","min10",100,1.03022909940901,0.934272789197347
"Tile","cpg_island_tile_clock",1008,"Validation","Lasso","All_organs","r2_0.1","min10",100,4.09218215243508,0.366238323371864
"Tile","cpg_island_tile_clock",1009,"Train","Lasso","All_organs","r2_0.1","min20",100,2.69424597680037,0.73839344408549
"Tile","cpg_island_tile_clock",1009,"Validation","Lasso","All_organs","r2_0.1","min20",100,4.47833316635771,0.375550720797767
"Tile","cpg_island_tile_clock",1010,"Train","Lasso","All_organs","r2_0.1","min5",100,4.9210840665349,0.100479405544218
"Tile","cpg_island_tile_clock",1010,"Validation","Lasso","All_organs","r2_0.1","min5",100,5.3132031534547,0.223290815148321
"Tile","cpg_island_tile_clock",1011,"Train","Lasso","All_organs","r2_0.1","nofilter",100,4.74234267174358,0.180702155986191
"Tile","cpg_island_tile_clock",1011,"Validation","Lasso","All_organs","r2_0.1","nofilter",100,4.88087783378451,0.383365319806889
"Tile","cpg_island_tile_clock",1012,"Train","Lasso","All_organs","r2_0.1","min10",2000,1.97204153128558,0.84350843961325
"Tile","cpg_island_tile_clock",1012,"Validation","Lasso","All_organs","r2_0.1","min10",2000,7.02490278061148,0.338344000693509
"Tile","cpg_island_tile_clock",1013,"Train","Lasso","All_organs","r2_0.1","min20",2000,3.16752640419949,0.646854960947553
"Tile","cpg_island_tile_clock",1013,"Validation","Lasso","All_organs","r2_0.1","min20",2000,4.63959302658427,0.305088528252368
"Tile","cpg_island_tile_clock",1014,"Train","Lasso","All_organs","r2_0.1","min5",2000,5.04523573263342,0.0467344788635079
"Tile","cpg_island_tile_clock",1014,"Validation","Lasso","All_organs","r2_0.1","min5",2000,5.65254026783956,0.26975361088877
"Tile","cpg_island_tile_clock",1015,"Train","Lasso","All_organs","r2_0.1","nofilter",2000,5.06590928198713,0.0653263981453224
"Tile","cpg_island_tile_clock",1015,"Validation","Lasso","All_organs","r2_0.1","nofilter",2000,6.0263713568218,0.18391984300152
"Tile","cpg_island_tile_clock",1016,"Train","Lasso","All_organs","r2_0.1","min10",25000,2.57905790225074,0.734460483375589
"Tile","cpg_island_tile_clock",1016,"Validation","Lasso","All_organs","r2_0.1","min10",25000,6.70557652029435,0.287449075325182
"Tile","cpg_island_tile_clock",1017,"Train","Lasso","All_organs","r2_0.1","min20",25000,3.07431564356037,0.662072784095381
"Tile","cpg_island_tile_clock",1017,"Validation","Lasso","All_organs","r2_0.1","min20",25000,4.6793085520337,0.290140701292448
"Tile","cpg_island_tile_clock",1018,"Train","Lasso","All_organs","r2_0.1","min5",25000,4.71082392694588,0.14904899505286
"Tile","cpg_island_tile_clock",1018,"Validation","Lasso","All_organs","r2_0.1","min5",25000,4.63139098364782,0.413326095400824
"Tile","cpg_island_tile_clock",1019,"Train","Lasso","All_organs","r2_0.1","nofilter",25000,4.36335301912322,0.253585847574957
"Tile","cpg_island_tile_clock",1019,"Validation","Lasso","All_organs","r2_0.1","nofilter",25000,4.72927606108345,0.303687653412173
"Tile","cpg_island_tile_clock",1020,"Train","Lasso","All_organs","r2_0.1","min10",5000,2.57905790225074,0.734460483375589
"Tile","cpg_island_tile_clock",1020,"Validation","Lasso","All_organs","r2_0.1","min10",5000,6.70557652029435,0.287449075325182
"Tile","cpg_island_tile_clock",1021,"Train","Lasso","All_organs","r2_0.1","min20",5000,3.07431564356037,0.662072784095381
"Tile","cpg_island_tile_clock",1021,"Validation","Lasso","All_organs","r2_0.1","min20",5000,4.6793085520337,0.290140701292448
"Tile","cpg_island_tile_clock",1022,"Train","Lasso","All_organs","r2_0.1","min5",5000,4.71082392694588,0.14904899505286
"Tile","cpg_island_tile_clock",1022,"Validation","Lasso","All_organs","r2_0.1","min5",5000,4.63139098364782,0.413326095400824
"Tile","cpg_island_tile_clock",1023,"Train","Lasso","All_organs","r2_0.1","nofilter",5000,4.36335301912322,0.253585847574957
"Tile","cpg_island_tile_clock",1023,"Validation","Lasso","All_organs","r2_0.1","nofilter",5000,4.72927606108345,0.303687653412173
"Tile","cpg_island_tile_clock",1024,"Train","Lasso","All_organs","r2_0.1","min10",500,2.6205099657224,0.754664538859496
"Tile","cpg_island_tile_clock",1024,"Validation","Lasso","All_organs","r2_0.1","min10",500,4.67047435187268,0.304830551215279
"Tile","cpg_island_tile_clock",1025,"Train","Lasso","All_organs","r2_0.1","min20",500,5.12195371878911,0.0800680494688452
"Tile","cpg_island_tile_clock",1025,"Validation","Lasso","All_organs","r2_0.1","min20",500,5.69823018186217,0.199912624601176
"Tile","cpg_island_tile_clock",1026,"Train","Lasso","All_organs","r2_0.1","min5",500,2.97238448690623,0.777555461180997
"Tile","cpg_island_tile_clock",1026,"Validation","Lasso","All_organs","r2_0.1","min5",500,4.68910095186981,0.318184309557579
"Tile","cpg_island_tile_clock",1027,"Train","Lasso","All_organs","r2_0.1","nofilter",500,1.18744563805908,0.93873403959993
"Tile","cpg_island_tile_clock",1027,"Validation","Lasso","All_organs","r2_0.1","nofilter",500,4.43238414728468,0.259758912031234
"Tile","cpg_island_tile_clock",1028,"Train","Lasso","All_organs","r2_0.1","min10",50,1.03315256942776,0.952505933994173
"Tile","cpg_island_tile_clock",1028,"Validation","Lasso","All_organs","r2_0.1","min10",50,4.62375556528688,0.250589570140827
"Tile","cpg_island_tile_clock",1029,"Train","Lasso","All_organs","r2_0.1","min20",50,1.34869617842113,0.887436529315417
"Tile","cpg_island_tile_clock",1029,"Validation","Lasso","All_organs","r2_0.1","min20",50,6.40568281975955,0.402759630731185
"Tile","cpg_island_tile_clock",1030,"Train","Lasso","All_organs","r2_0.1","min5",50,1.36101805725117,0.937350401985944
"Tile","cpg_island_tile_clock",1030,"Validation","Lasso","All_organs","r2_0.1","min5",50,4.86703768070745,0.246456927382843
"Tile","cpg_island_tile_clock",1031,"Train","Lasso","All_organs","r2_0.1","nofilter",50,1.62555780421138,0.924547490819738
"Tile","cpg_island_tile_clock",1031,"Validation","Lasso","All_organs","r2_0.1","nofilter",50,6.93626591288306,0.232627451837682
"Tile","cpg_island_tile_clock",1032,"Train","Lasso","All_organs","r2_0.2","min10",1000,4.71716571790991,0.216741186054383
"Tile","cpg_island_tile_clock",1032,"Validation","Lasso","All_organs","r2_0.2","min10",1000,5.10688590903536,0.276362699813679
"Tile","cpg_island_tile_clock",1033,"Train","Lasso","All_organs","r2_0.2","min20",1000,3.6234405950935,0.53685311768311
"Tile","cpg_island_tile_clock",1033,"Validation","Lasso","All_organs","r2_0.2","min20",1000,4.6034111506895,0.274443176445667
"Tile","cpg_island_tile_clock",1034,"Train","Lasso","All_organs","r2_0.2","min5",1000,4.31199319995035,0.329755332170794
"Tile","cpg_island_tile_clock",1034,"Validation","Lasso","All_organs","r2_0.2","min5",1000,4.76983050437428,0.287563846556786
"Tile","cpg_island_tile_clock",1035,"Train","Lasso","All_organs","r2_0.2","nofilter",1000,4.31199319995035,0.329755332170794
"Tile","cpg_island_tile_clock",1035,"Validation","Lasso","All_organs","r2_0.2","nofilter",1000,4.76983050437428,0.287563846556786
"Tile","cpg_island_tile_clock",1036,"Train","Lasso","All_organs","r2_0.2","min10",100,3.16372050210563,0.578314433478773
"Tile","cpg_island_tile_clock",1036,"Validation","Lasso","All_organs","r2_0.2","min10",100,4.86812475956324,0.223754444552503
"Tile","cpg_island_tile_clock",1037,"Train","Lasso","All_organs","r2_0.2","min20",100,3.39358464355808,0.603461796768745
"Tile","cpg_island_tile_clock",1037,"Validation","Lasso","All_organs","r2_0.2","min20",100,4.95292269994223,0.333500822887138
"Tile","cpg_island_tile_clock",1038,"Train","Lasso","All_organs","r2_0.2","min5",100,3.68496017364963,0.5456948500743
"Tile","cpg_island_tile_clock",1038,"Validation","Lasso","All_organs","r2_0.2","min5",100,4.42589866365868,0.417564127640362
"Tile","cpg_island_tile_clock",1039,"Train","Lasso","All_organs","r2_0.2","nofilter",100,3.68496017364963,0.5456948500743
"Tile","cpg_island_tile_clock",1039,"Validation","Lasso","All_organs","r2_0.2","nofilter",100,4.45564266439397,0.41551998619232
"Tile","cpg_island_tile_clock",1040,"Train","Lasso","All_organs","r2_0.2","min10",2000,3.9951846037543,0.393730141470822
"Tile","cpg_island_tile_clock",1040,"Validation","Lasso","All_organs","r2_0.2","min10",2000,5.20977361967324,0.324112265179516
"Tile","cpg_island_tile_clock",1041,"Train","Lasso","All_organs","r2_0.2","min20",2000,3.46339920262426,0.504815482933345
"Tile","cpg_island_tile_clock",1041,"Validation","Lasso","All_organs","r2_0.2","min20",2000,5.96472383934733,0.234542072459034
"Tile","cpg_island_tile_clock",1042,"Train","Lasso","All_organs","r2_0.2","min5",2000,4.80777937790019,0.201772819310614
"Tile","cpg_island_tile_clock",1042,"Validation","Lasso","All_organs","r2_0.2","min5",2000,4.75507539434547,0.252811653507934
"Tile","cpg_island_tile_clock",1043,"Train","Lasso","All_organs","r2_0.2","nofilter",2000,4.80777937790019,0.201772819310614
"Tile","cpg_island_tile_clock",1043,"Validation","Lasso","All_organs","r2_0.2","nofilter",2000,4.75507539434547,0.252811653507934
"Tile","cpg_island_tile_clock",1044,"Train","Lasso","All_organs","r2_0.2","min10",25000,4.01648360302343,0.39211272234622
"Tile","cpg_island_tile_clock",1044,"Validation","Lasso","All_organs","r2_0.2","min10",25000,5.20980305026223,0.309950662014189
"Tile","cpg_island_tile_clock",1045,"Train","Lasso","All_organs","r2_0.2","min20",25000,3.40262258193588,0.532015089780399
"Tile","cpg_island_tile_clock",1045,"Validation","Lasso","All_organs","r2_0.2","min20",25000,4.80320030697415,0.282370222656866
"Tile","cpg_island_tile_clock",1046,"Train","Lasso","All_organs","r2_0.2","min5",25000,4.80777937790019,0.201772819310614
"Tile","cpg_island_tile_clock",1046,"Validation","Lasso","All_organs","r2_0.2","min5",25000,4.75507539434547,0.252811653507934
"Tile","cpg_island_tile_clock",1047,"Train","Lasso","All_organs","r2_0.2","nofilter",25000,4.80777937790019,0.201772819310614
"Tile","cpg_island_tile_clock",1047,"Validation","Lasso","All_organs","r2_0.2","nofilter",25000,4.75507539434547,0.252811653507934
"Tile","cpg_island_tile_clock",1048,"Train","Lasso","All_organs","r2_0.2","min10",5000,4.01648360302343,0.39211272234622
"Tile","cpg_island_tile_clock",1048,"Validation","Lasso","All_organs","r2_0.2","min10",5000,5.20980305026223,0.309950662014189
"Tile","cpg_island_tile_clock",1049,"Train","Lasso","All_organs","r2_0.2","min20",5000,3.40262258193588,0.532015089780399
"Tile","cpg_island_tile_clock",1049,"Validation","Lasso","All_organs","r2_0.2","min20",5000,4.80320030697415,0.282370222656866
"Tile","cpg_island_tile_clock",1050,"Train","Lasso","All_organs","r2_0.2","min5",5000,4.80777937790019,0.201772819310614
"Tile","cpg_island_tile_clock",1050,"Validation","Lasso","All_organs","r2_0.2","min5",5000,4.75507539434547,0.252811653507934
"Tile","cpg_island_tile_clock",1051,"Train","Lasso","All_organs","r2_0.2","nofilter",5000,4.80777937790019,0.201772819310614
"Tile","cpg_island_tile_clock",1051,"Validation","Lasso","All_organs","r2_0.2","nofilter",5000,4.75507539434547,0.252811653507934
"Tile","cpg_island_tile_clock",1052,"Train","Lasso","All_organs","r2_0.2","min10",500,4.77449371394819,0.113618968849485
"Tile","cpg_island_tile_clock",1052,"Validation","Lasso","All_organs","r2_0.2","min10",500,5.10330486799254,0.191013346708966
"Tile","cpg_island_tile_clock",1053,"Train","Lasso","All_organs","r2_0.2","min20",500,3.84961066202734,0.489027749597264
"Tile","cpg_island_tile_clock",1053,"Validation","Lasso","All_organs","r2_0.2","min20",500,4.53657071026001,0.37383970657359
"Tile","cpg_island_tile_clock",1054,"Train","Lasso","All_organs","r2_0.2","min5",500,4.1279975511285,0.383759728304244
"Tile","cpg_island_tile_clock",1054,"Validation","Lasso","All_organs","r2_0.2","min5",500,4.82848033066459,0.234828158877542
"Tile","cpg_island_tile_clock",1055,"Train","Lasso","All_organs","r2_0.2","nofilter",500,4.1279975511285,0.383759728304244
"Tile","cpg_island_tile_clock",1055,"Validation","Lasso","All_organs","r2_0.2","nofilter",500,4.82848033066459,0.234828158877542
"Tile","cpg_island_tile_clock",1056,"Train","Lasso","All_organs","r2_0.2","min10",50,3.12950009454076,0.678015570448978
"Tile","cpg_island_tile_clock",1056,"Validation","Lasso","All_organs","r2_0.2","min10",50,4.56107371604389,0.308992182886145
"Tile","cpg_island_tile_clock",1057,"Train","Lasso","All_organs","r2_0.2","min20",50,2.98018903554787,0.667720910036725
"Tile","cpg_island_tile_clock",1057,"Validation","Lasso","All_organs","r2_0.2","min20",50,4.55153314470477,0.368707956218789
"Tile","cpg_island_tile_clock",1058,"Train","Lasso","All_organs","r2_0.2","min5",50,3.72534564865026,0.569423664775833
"Tile","cpg_island_tile_clock",1058,"Validation","Lasso","All_organs","r2_0.2","min5",50,5.35007336298913,0.114350397338754
"Tile","cpg_island_tile_clock",1059,"Train","Lasso","All_organs","r2_0.2","nofilter",50,5.183667535436,0.0391730195823897
"Tile","cpg_island_tile_clock",1059,"Validation","Lasso","All_organs","r2_0.2","nofilter",50,5.38436091263631,0.129738488880972
"Tile","cpg_island_tile_clock",1060,"Train","Lasso","All_organs","r2_0.3","min10",1000,4.44537199281048,0.239942477895403
"Tile","cpg_island_tile_clock",1060,"Validation","Lasso","All_organs","r2_0.3","min10",1000,4.91444408274281,0.229942451872484
"Tile","cpg_island_tile_clock",1061,"Train","Lasso","All_organs","r2_0.3","min20",1000,4.92908726221756,0.18720858582488
"Tile","cpg_island_tile_clock",1061,"Validation","Lasso","All_organs","r2_0.3","min20",1000,6.00321203317385,0.153657317258498
"Tile","cpg_island_tile_clock",1062,"Train","Lasso","All_organs","r2_0.3","min5",1000,3.83327882656439,0.412740396108648
"Tile","cpg_island_tile_clock",1062,"Validation","Lasso","All_organs","r2_0.3","min5",1000,5.33951994026765,0.255348610011961
"Tile","cpg_island_tile_clock",1063,"Train","Lasso","All_organs","r2_0.3","nofilter",1000,3.83327882656439,0.412740396108648
"Tile","cpg_island_tile_clock",1063,"Validation","Lasso","All_organs","r2_0.3","nofilter",1000,5.33951994026765,0.255348610011961
"Tile","cpg_island_tile_clock",1064,"Train","Lasso","All_organs","r2_0.3","min10",100,4.67926964833451,0.268997715048146
"Tile","cpg_island_tile_clock",1064,"Validation","Lasso","All_organs","r2_0.3","min10",100,5.0263916596023,0.4273823925748
"Tile","cpg_island_tile_clock",1065,"Train","Lasso","All_organs","r2_0.3","min20",100,4.15811995798962,0.439010493709416
"Tile","cpg_island_tile_clock",1065,"Validation","Lasso","All_organs","r2_0.3","min20",100,5.31582717291115,0.292345014122451
"Tile","cpg_island_tile_clock",1066,"Train","Lasso","All_organs","r2_0.3","min5",100,5.17828505446578,0.0921231258683609
"Tile","cpg_island_tile_clock",1066,"Validation","Lasso","All_organs","r2_0.3","min5",100,5.36660572486555,0.20952318301
"Tile","cpg_island_tile_clock",1067,"Train","Lasso","All_organs","r2_0.3","nofilter",100,5.17828505446578,0.0921231258683609
"Tile","cpg_island_tile_clock",1067,"Validation","Lasso","All_organs","r2_0.3","nofilter",100,5.36660572486555,0.20952318301
"Tile","cpg_island_tile_clock",1068,"Train","Lasso","All_organs","r2_0.3","min10",2000,4.45458818673393,0.263167007113451
"Tile","cpg_island_tile_clock",1068,"Validation","Lasso","All_organs","r2_0.3","min10",2000,5.40706701432831,0.337283409552818
"Tile","cpg_island_tile_clock",1069,"Train","Lasso","All_organs","r2_0.3","min20",2000,4.20031700275796,0.33728811521911
"Tile","cpg_island_tile_clock",1069,"Validation","Lasso","All_organs","r2_0.3","min20",2000,5.52801226822439,0.186722012357599
"Tile","cpg_island_tile_clock",1070,"Train","Lasso","All_organs","r2_0.3","min5",2000,4.63469618339274,0.261795265768573
"Tile","cpg_island_tile_clock",1070,"Validation","Lasso","All_organs","r2_0.3","min5",2000,5.26106416769416,0.200723124496312
"Tile","cpg_island_tile_clock",1071,"Train","Lasso","All_organs","r2_0.3","nofilter",2000,4.63469618339274,0.261795265768573
"Tile","cpg_island_tile_clock",1071,"Validation","Lasso","All_organs","r2_0.3","nofilter",2000,5.26106416769416,0.200723124496312
"Tile","cpg_island_tile_clock",1072,"Train","Lasso","All_organs","r2_0.3","min10",25000,4.27809607615137,0.26413622474088
"Tile","cpg_island_tile_clock",1072,"Validation","Lasso","All_organs","r2_0.3","min10",25000,4.72849303372862,0.256932535649904
"Tile","cpg_island_tile_clock",1073,"Train","Lasso","All_organs","r2_0.3","min20",25000,4.91047738569381,0.216679945462335
"Tile","cpg_island_tile_clock",1073,"Validation","Lasso","All_organs","r2_0.3","min20",25000,5.55158699357053,0.177086587583052
"Tile","cpg_island_tile_clock",1074,"Train","Lasso","All_organs","r2_0.3","min5",25000,4.63469618339274,0.261795265768573
"Tile","cpg_island_tile_clock",1074,"Validation","Lasso","All_organs","r2_0.3","min5",25000,5.26106416769416,0.200723124496312
"Tile","cpg_island_tile_clock",1075,"Train","Lasso","All_organs","r2_0.3","nofilter",25000,4.63469618339274,0.261795265768573
"Tile","cpg_island_tile_clock",1075,"Validation","Lasso","All_organs","r2_0.3","nofilter",25000,5.26106416769416,0.200723124496312
"Tile","cpg_island_tile_clock",1076,"Train","Lasso","All_organs","r2_0.3","min10",5000,4.27809607615137,0.26413622474088
"Tile","cpg_island_tile_clock",1076,"Validation","Lasso","All_organs","r2_0.3","min10",5000,4.72849303372862,0.256932535649904
"Tile","cpg_island_tile_clock",1077,"Train","Lasso","All_organs","r2_0.3","min20",5000,4.91047738569381,0.216679945462335
"Tile","cpg_island_tile_clock",1077,"Validation","Lasso","All_organs","r2_0.3","min20",5000,5.55158699357053,0.177086587583052
"Tile","cpg_island_tile_clock",1078,"Train","Lasso","All_organs","r2_0.3","min5",5000,4.63469618339274,0.261795265768573
"Tile","cpg_island_tile_clock",1078,"Validation","Lasso","All_organs","r2_0.3","min5",5000,5.26106416769416,0.200723124496312
"Tile","cpg_island_tile_clock",1079,"Train","Lasso","All_organs","r2_0.3","nofilter",5000,4.63469618339274,0.261795265768573
"Tile","cpg_island_tile_clock",1079,"Validation","Lasso","All_organs","r2_0.3","nofilter",5000,5.26106416769416,0.200723124496312
"Tile","cpg_island_tile_clock",1080,"Train","Lasso","All_organs","r2_0.3","min10",500,5.00669693201233,0.11690805578289
"Tile","cpg_island_tile_clock",1080,"Validation","Lasso","All_organs","r2_0.3","min10",500,5.12580630917029,0.178247922480471
"Tile","cpg_island_tile_clock",1081,"Train","Lasso","All_organs","r2_0.3","min20",500,4.6547452135399,0.287450254043129
"Tile","cpg_island_tile_clock",1081,"Validation","Lasso","All_organs","r2_0.3","min20",500,5.52350533131246,0.1774206452335
"Tile","cpg_island_tile_clock",1082,"Train","Lasso","All_organs","r2_0.3","min5",500,4.55247422028884,0.294571361504163
"Tile","cpg_island_tile_clock",1082,"Validation","Lasso","All_organs","r2_0.3","min5",500,5.28453921604624,0.23628800535282
"Tile","cpg_island_tile_clock",1083,"Train","Lasso","All_organs","r2_0.3","nofilter",500,4.55247422028884,0.294571361504163
"Tile","cpg_island_tile_clock",1083,"Validation","Lasso","All_organs","r2_0.3","nofilter",500,5.28453921604624,0.23628800535282
"Tile","cpg_island_tile_clock",1084,"Train","Lasso","All_organs","r2_0.3","min10",50,5.05390671967137,0.0745565575881473
"Tile","cpg_island_tile_clock",1084,"Validation","Lasso","All_organs","r2_0.3","min10",50,5.5873666883497,0.197904889575497
"Tile","cpg_island_tile_clock",1085,"Train","Lasso","All_organs","r2_0.3","min20",50,4.34459615940306,0.381938684315133
"Tile","cpg_island_tile_clock",1085,"Validation","Lasso","All_organs","r2_0.3","min20",50,4.8907354848056,0.235919298065788
"Tile","cpg_island_tile_clock",1086,"Train","Lasso","All_organs","r2_0.3","min5",50,3.18980486519119,0.608581577675941
"Tile","cpg_island_tile_clock",1086,"Validation","Lasso","All_organs","r2_0.3","min5",50,5.42437247489241,0.195743210642586
"Tile","cpg_island_tile_clock",1087,"Train","Lasso","All_organs","r2_0.3","nofilter",50,5.23342067476228,0.0690186757244772
"Tile","cpg_island_tile_clock",1087,"Validation","Lasso","All_organs","r2_0.3","nofilter",50,5.21874025152475,0.255667426978787
"Tile","cpg_island_tile_clock",1088,"Train","Lasso","Brain","r2_0.05","min10",1000,5.216619765642,0.15514176540629
"Tile","cpg_island_tile_clock",1088,"Validation","Lasso","Brain","r2_0.05","min10",1000,5.80785724278924,0.375839422450929
"Tile","cpg_island_tile_clock",1089,"Train","Lasso","Brain","r2_0.05","min20",1000,4.18269188213585,0.438893522768399
"Tile","cpg_island_tile_clock",1089,"Validation","Lasso","Brain","r2_0.05","min20",1000,5.81470748672203,0.519133621170854
"Tile","cpg_island_tile_clock",1090,"Train","Lasso","Brain","r2_0.05","min5",1000,3.56376058190936,0.721257824559036
"Tile","cpg_island_tile_clock",1090,"Validation","Lasso","Brain","r2_0.05","min5",1000,4.28823219557982,0.43491471501641
"Tile","cpg_island_tile_clock",1091,"Train","Lasso","Brain","r2_0.05","nofilter",1000,3.56376058190936,0.721257824559036
"Tile","cpg_island_tile_clock",1091,"Validation","Lasso","Brain","r2_0.05","nofilter",1000,4.28823219557982,0.43491471501641
"Tile","cpg_island_tile_clock",1092,"Train","Lasso","Brain","r2_0.05","min10",100,3.52274785694204,0.662101341949025
"Tile","cpg_island_tile_clock",1092,"Validation","Lasso","Brain","r2_0.05","min10",100,3.81620522565561,0.458848210396548
"Tile","cpg_island_tile_clock",1093,"Train","Lasso","Brain","r2_0.05","min20",100,5.09131414057339,0.160825575405291
"Tile","cpg_island_tile_clock",1093,"Validation","Lasso","Brain","r2_0.05","min20",100,4.70573093672807,0.430947947183295
"Tile","cpg_island_tile_clock",1094,"Train","Lasso","Brain","r2_0.05","min5",100,3.11725692314477,0.767894346329739
"Tile","cpg_island_tile_clock",1094,"Validation","Lasso","Brain","r2_0.05","min5",100,3.12289169192314,0.748784472097852
"Tile","cpg_island_tile_clock",1095,"Train","Lasso","Brain","r2_0.05","nofilter",100,1.25743088439715,0.955307017382504
"Tile","cpg_island_tile_clock",1095,"Validation","Lasso","Brain","r2_0.05","nofilter",100,4.89274865190646,0.468494589147003
"Tile","cpg_island_tile_clock",1096,"Train","Lasso","Brain","r2_0.05","min10",2000,2.43896512700499,0.804759432599518
"Tile","cpg_island_tile_clock",1096,"Validation","Lasso","Brain","r2_0.05","min10",2000,5.670301529369,0.383145429928652
"Tile","cpg_island_tile_clock",1097,"Train","Lasso","Brain","r2_0.05","min20",2000,4.6177167742077,0.401169586113541
"Tile","cpg_island_tile_clock",1097,"Validation","Lasso","Brain","r2_0.05","min20",2000,4.89766984198112,0.491406525970318
"Tile","cpg_island_tile_clock",1098,"Train","Lasso","Brain","r2_0.05","min5",2000,4.11721310493193,0.558244054631567
"Tile","cpg_island_tile_clock",1098,"Validation","Lasso","Brain","r2_0.05","min5",2000,6.09004725134897,0.480970253482218
"Tile","cpg_island_tile_clock",1099,"Train","Lasso","Brain","r2_0.05","nofilter",2000,4.11721310493193,0.558244054631567
"Tile","cpg_island_tile_clock",1099,"Validation","Lasso","Brain","r2_0.05","nofilter",2000,6.09004725134897,0.480970253482218
"Tile","cpg_island_tile_clock",1100,"Train","Lasso","Brain","r2_0.05","min10",25000,5.25206611570248,0.0654587102377481
"Tile","cpg_island_tile_clock",1100,"Validation","Lasso","Brain","r2_0.05","min10",25000,3.83686744468101,0.431996335048668
"Tile","cpg_island_tile_clock",1101,"Train","Lasso","Brain","r2_0.05","min20",25000,4.78334050541551,0.137927041857571
"Tile","cpg_island_tile_clock",1101,"Validation","Lasso","Brain","r2_0.05","min20",25000,6.21663406759809,0.270642605226628
"Tile","cpg_island_tile_clock",1102,"Train","Lasso","Brain","r2_0.05","min5",25000,4.08499282172807,0.622631716544658
"Tile","cpg_island_tile_clock",1102,"Validation","Lasso","Brain","r2_0.05","min5",25000,5.33111965897201,0.394120992324755
"Tile","cpg_island_tile_clock",1103,"Train","Lasso","Brain","r2_0.05","nofilter",25000,4.08499282172807,0.622631716544658
"Tile","cpg_island_tile_clock",1103,"Validation","Lasso","Brain","r2_0.05","nofilter",25000,5.33111965897201,0.394120992324755
"Tile","cpg_island_tile_clock",1104,"Train","Lasso","Brain","r2_0.05","min10",5000,2.49592757718644,0.797223077532281
"Tile","cpg_island_tile_clock",1104,"Validation","Lasso","Brain","r2_0.05","min10",5000,5.58765456276026,0.422741141340142
"Tile","cpg_island_tile_clock",1105,"Train","Lasso","Brain","r2_0.05","min20",5000,4.72880622788698,0.286460045393246
"Tile","cpg_island_tile_clock",1105,"Validation","Lasso","Brain","r2_0.05","min20",5000,5.27846396817423,0.310712805335575
"Tile","cpg_island_tile_clock",1106,"Train","Lasso","Brain","r2_0.05","min5",5000,4.08499282172807,0.622631716544658
"Tile","cpg_island_tile_clock",1106,"Validation","Lasso","Brain","r2_0.05","min5",5000,5.33111965897201,0.394120992324755
"Tile","cpg_island_tile_clock",1107,"Train","Lasso","Brain","r2_0.05","nofilter",5000,4.08499282172807,0.622631716544658
"Tile","cpg_island_tile_clock",1107,"Validation","Lasso","Brain","r2_0.05","nofilter",5000,5.33111965897201,0.394120992324755
"Tile","cpg_island_tile_clock",1108,"Train","Lasso","Brain","r2_0.05","min10",500,5.25206611570248,0.0341715382779129
"Tile","cpg_island_tile_clock",1108,"Validation","Lasso","Brain","r2_0.05","min10",500,4.52416833118498,0.578210282206339
"Tile","cpg_island_tile_clock",1109,"Train","Lasso","Brain","r2_0.05","min20",500,3.59470034549251,0.549236535365117
"Tile","cpg_island_tile_clock",1109,"Validation","Lasso","Brain","r2_0.05","min20",500,6.87602170944076,0.628283249976045
"Tile","cpg_island_tile_clock",1110,"Train","Lasso","Brain","r2_0.05","min5",500,0.703654273526555,0.97632190468857
"Tile","cpg_island_tile_clock",1110,"Validation","Lasso","Brain","r2_0.05","min5",500,4.33564217132484,0.576808807977176
"Tile","cpg_island_tile_clock",1111,"Train","Lasso","Brain","r2_0.05","nofilter",500,2.88507566000113,0.849668881819581
"Tile","cpg_island_tile_clock",1111,"Validation","Lasso","Brain","r2_0.05","nofilter",500,4.23275047624545,0.643884302408209
"Tile","cpg_island_tile_clock",1112,"Train","Lasso","Brain","r2_0.05","min10",50,4.76331810662177,0.354209303351596
"Tile","cpg_island_tile_clock",1112,"Validation","Lasso","Brain","r2_0.05","min10",50,5.34153883382457,0.460169770487686
"Tile","cpg_island_tile_clock",1113,"Train","Lasso","Brain","r2_0.05","min20",50,4.7947090182958,0.388080320026303
"Tile","cpg_island_tile_clock",1113,"Validation","Lasso","Brain","r2_0.05","min20",50,5.9099249416244,0.537301090824538
"Tile","cpg_island_tile_clock",1114,"Train","Lasso","Brain","r2_0.05","min5",50,2.84510931175609,0.866215761257573
"Tile","cpg_island_tile_clock",1114,"Validation","Lasso","Brain","r2_0.05","min5",50,7.0741512940263,0.657929110478149
"Tile","cpg_island_tile_clock",1115,"Train","Lasso","Brain","r2_0.05","nofilter",50,3.06767356800039,0.867187845182197
"Tile","cpg_island_tile_clock",1115,"Validation","Lasso","Brain","r2_0.05","nofilter",50,6.64568087852459,0.593679144077456
"Tile","cpg_island_tile_clock",1116,"Train","Lasso","Brain","r2_0.1","min10",1000,4.09357049558668,0.422820495990133
"Tile","cpg_island_tile_clock",1116,"Validation","Lasso","Brain","r2_0.1","min10",1000,5.46855220397377,0.558039016987427
"Tile","cpg_island_tile_clock",1117,"Train","Lasso","Brain","r2_0.1","min20",1000,4.32747198772614,0.351944453136337
"Tile","cpg_island_tile_clock",1117,"Validation","Lasso","Brain","r2_0.1","min20",1000,4.81005805142952,0.57105122440462
"Tile","cpg_island_tile_clock",1118,"Train","Lasso","Brain","r2_0.1","min5",1000,4.44495716619406,0.316525201250784
"Tile","cpg_island_tile_clock",1118,"Validation","Lasso","Brain","r2_0.1","min5",1000,4.75072532791748,0.58415638037331
"Tile","cpg_island_tile_clock",1119,"Train","Lasso","Brain","r2_0.1","nofilter",1000,4.44495716619406,0.316525201250784
"Tile","cpg_island_tile_clock",1119,"Validation","Lasso","Brain","r2_0.1","nofilter",1000,4.75072532791748,0.58415638037331
"Tile","cpg_island_tile_clock",1120,"Train","Lasso","Brain","r2_0.1","min10",100,4.33715164685708,0.485386308710914
"Tile","cpg_island_tile_clock",1120,"Validation","Lasso","Brain","r2_0.1","min10",100,4.20450617579825,0.423343527403249
"Tile","cpg_island_tile_clock",1121,"Train","Lasso","Brain","r2_0.1","min20",100,4.10437642105419,0.531021339133463
"Tile","cpg_island_tile_clock",1121,"Validation","Lasso","Brain","r2_0.1","min20",100,4.90921701552862,0.728478066098853
"Tile","cpg_island_tile_clock",1122,"Train","Lasso","Brain","r2_0.1","min5",100,5.25206611570248,0.0105148078358872
"Tile","cpg_island_tile_clock",1122,"Validation","Lasso","Brain","r2_0.1","min5",100,3.95756476490994,0.733467005309897
"Tile","cpg_island_tile_clock",1123,"Train","Lasso","Brain","r2_0.1","nofilter",100,3.34045420037459,0.74242676877683
"Tile","cpg_island_tile_clock",1123,"Validation","Lasso","Brain","r2_0.1","nofilter",100,2.86054201536062,0.748587049843835
"Tile","cpg_island_tile_clock",1124,"Train","Lasso","Brain","r2_0.1","min10",2000,4.63059520805579,0.350325894873845
"Tile","cpg_island_tile_clock",1124,"Validation","Lasso","Brain","r2_0.1","min10",2000,5.28306003477679,0.460497915343261
"Tile","cpg_island_tile_clock",1125,"Train","Lasso","Brain","r2_0.1","min20",2000,4.33026030299656,0.341876455186806
"Tile","cpg_island_tile_clock",1125,"Validation","Lasso","Brain","r2_0.1","min20",2000,5.39994384712094,0.490497056212845
"Tile","cpg_island_tile_clock",1126,"Train","Lasso","Brain","r2_0.1","min5",2000,2.92149333135537,0.65977611172992
"Tile","cpg_island_tile_clock",1126,"Validation","Lasso","Brain","r2_0.1","min5",2000,3.1889175975367,0.702173293618509
"Tile","cpg_island_tile_clock",1127,"Train","Lasso","Brain","r2_0.1","nofilter",2000,2.92149333135537,0.65977611172992
"Tile","cpg_island_tile_clock",1127,"Validation","Lasso","Brain","r2_0.1","nofilter",2000,3.1889175975367,0.702173293618509
"Tile","cpg_island_tile_clock",1128,"Train","Lasso","Brain","r2_0.1","min10",25000,2.78419615916114,0.651725091677
"Tile","cpg_island_tile_clock",1128,"Validation","Lasso","Brain","r2_0.1","min10",25000,5.42568752652634,0.507807746090391
"Tile","cpg_island_tile_clock",1129,"Train","Lasso","Brain","r2_0.1","min20",25000,4.95633719666713,0.240693131817448
"Tile","cpg_island_tile_clock",1129,"Validation","Lasso","Brain","r2_0.1","min20",25000,5.65530134638222,0.199200587265358
"Tile","cpg_island_tile_clock",1130,"Train","Lasso","Brain","r2_0.1","min5",25000,3.68801461885257,0.609536225989911
"Tile","cpg_island_tile_clock",1130,"Validation","Lasso","Brain","r2_0.1","min5",25000,4.92650359214524,0.798311271869001
"Tile","cpg_island_tile_clock",1131,"Train","Lasso","Brain","r2_0.1","nofilter",25000,3.68801461885257,0.609536225989911
"Tile","cpg_island_tile_clock",1131,"Validation","Lasso","Brain","r2_0.1","nofilter",25000,4.92650359214524,0.798311271869001
"Tile","cpg_island_tile_clock",1132,"Train","Lasso","Brain","r2_0.1","min10",5000,2.78419615916114,0.651725091677
"Tile","cpg_island_tile_clock",1132,"Validation","Lasso","Brain","r2_0.1","min10",5000,5.42568752652634,0.507807746090391
"Tile","cpg_island_tile_clock",1133,"Train","Lasso","Brain","r2_0.1","min20",5000,4.95633719666713,0.240693131817448
"Tile","cpg_island_tile_clock",1133,"Validation","Lasso","Brain","r2_0.1","min20",5000,5.65530134638222,0.199200587265358
"Tile","cpg_island_tile_clock",1134,"Train","Lasso","Brain","r2_0.1","min5",5000,3.68801461885257,0.609536225989911
"Tile","cpg_island_tile_clock",1134,"Validation","Lasso","Brain","r2_0.1","min5",5000,4.92650359214524,0.798311271869001
"Tile","cpg_island_tile_clock",1135,"Train","Lasso","Brain","r2_0.1","nofilter",5000,3.68801461885257,0.609536225989911
"Tile","cpg_island_tile_clock",1135,"Validation","Lasso","Brain","r2_0.1","nofilter",5000,4.92650359214524,0.798311271869001
"Tile","cpg_island_tile_clock",1136,"Train","Lasso","Brain","r2_0.1","min10",500,5.1007558423714,0.148035558327006
"Tile","cpg_island_tile_clock",1136,"Validation","Lasso","Brain","r2_0.1","min10",500,5.67871873962272,0.46964233560921
"Tile","cpg_island_tile_clock",1137,"Train","Lasso","Brain","r2_0.1","min20",500,4.93207260215303,0.231901472317629
"Tile","cpg_island_tile_clock",1137,"Validation","Lasso","Brain","r2_0.1","min20",500,3.91909915129306,0.586383662453714
"Tile","cpg_island_tile_clock",1138,"Train","Lasso","Brain","r2_0.1","min5",500,4.73817864875005,0.303779935384436
"Tile","cpg_island_tile_clock",1138,"Validation","Lasso","Brain","r2_0.1","min5",500,5.33924934503701,0.456367214633909
"Tile","cpg_island_tile_clock",1139,"Train","Lasso","Brain","r2_0.1","nofilter",500,4.83159496486883,0.220799677785025
"Tile","cpg_island_tile_clock",1139,"Validation","Lasso","Brain","r2_0.1","nofilter",500,5.35326294878667,0.341822402154149
"Tile","cpg_island_tile_clock",1140,"Train","Lasso","Brain","r2_0.1","min10",50,5.25206611570248,0.0808276914064947
"Tile","cpg_island_tile_clock",1140,"Validation","Lasso","Brain","r2_0.1","min10",50,5.55117177574706,0.483191014905486
"Tile","cpg_island_tile_clock",1141,"Train","Lasso","Brain","r2_0.1","min20",50,3.23131203444144,0.700882204677908
"Tile","cpg_island_tile_clock",1141,"Validation","Lasso","Brain","r2_0.1","min20",50,3.53011786465175,0.820395065999554
"Tile","cpg_island_tile_clock",1142,"Train","Lasso","Brain","r2_0.1","min5",50,3.5570849157806,0.695188068321834
"Tile","cpg_island_tile_clock",1142,"Validation","Lasso","Brain","r2_0.1","min5",50,5.97200257129576,0.466728032498856
"Tile","cpg_island_tile_clock",1143,"Train","Lasso","Brain","r2_0.1","nofilter",50,3.50247369229396,0.716001402210955
"Tile","cpg_island_tile_clock",1143,"Validation","Lasso","Brain","r2_0.1","nofilter",50,4.21571664882581,0.599256308946751
"Tile","cpg_island_tile_clock",1144,"Train","Lasso","Brain","r2_0.2","min10",1000,4.23769166703111,0.43415876544934
"Tile","cpg_island_tile_clock",1144,"Validation","Lasso","Brain","r2_0.2","min10",1000,3.92978346051208,0.811908452114437
"Tile","cpg_island_tile_clock",1145,"Train","Lasso","Brain","r2_0.2","min20",1000,5.24719161844018,0.101749267750138
"Tile","cpg_island_tile_clock",1145,"Validation","Lasso","Brain","r2_0.2","min20",1000,5.23596301924695,0.516018793643784
"Tile","cpg_island_tile_clock",1146,"Train","Lasso","Brain","r2_0.2","min5",1000,4.87987505196807,0.284331703678159
"Tile","cpg_island_tile_clock",1146,"Validation","Lasso","Brain","r2_0.2","min5",1000,4.47895477456788,0.804209408230478
"Tile","cpg_island_tile_clock",1147,"Train","Lasso","Brain","r2_0.2","nofilter",1000,4.87987505196807,0.284331703678159
"Tile","cpg_island_tile_clock",1147,"Validation","Lasso","Brain","r2_0.2","nofilter",1000,4.47895477456788,0.804209408230478
"Tile","cpg_island_tile_clock",1148,"Train","Lasso","Brain","r2_0.2","min10",100,4.10397287401739,0.54953342071369
"Tile","cpg_island_tile_clock",1148,"Validation","Lasso","Brain","r2_0.2","min10",100,4.14241494115248,0.629376480326984
"Tile","cpg_island_tile_clock",1149,"Train","Lasso","Brain","r2_0.2","min20",100,4.84800435746466,0.331235413236636
"Tile","cpg_island_tile_clock",1149,"Validation","Lasso","Brain","r2_0.2","min20",100,4.35919031918498,0.648648042092939
"Tile","cpg_island_tile_clock",1150,"Train","Lasso","Brain","r2_0.2","min5",100,4.75785270198263,0.476572695368967
"Tile","cpg_island_tile_clock",1150,"Validation","Lasso","Brain","r2_0.2","min5",100,3.76294273446398,0.553379113403771
"Tile","cpg_island_tile_clock",1151,"Train","Lasso","Brain","r2_0.2","nofilter",100,4.75785272761536,0.476572684209556
"Tile","cpg_island_tile_clock",1151,"Validation","Lasso","Brain","r2_0.2","nofilter",100,3.69330799670207,0.612443043485533
"Tile","cpg_island_tile_clock",1152,"Train","Lasso","Brain","r2_0.2","min10",2000,5.08128418766279,0.148615372688451
"Tile","cpg_island_tile_clock",1152,"Validation","Lasso","Brain","r2_0.2","min10",2000,9.99556553988376,0.24777032018385
"Tile","cpg_island_tile_clock",1153,"Train","Lasso","Brain","r2_0.2","min20",2000,4.61347666756266,0.272344169018069
"Tile","cpg_island_tile_clock",1153,"Validation","Lasso","Brain","r2_0.2","min20",2000,4.63744714565689,0.7718914193738
"Tile","cpg_island_tile_clock",1154,"Train","Lasso","Brain","r2_0.2","min5",2000,3.65080748126881,0.537644028135724
"Tile","cpg_island_tile_clock",1154,"Validation","Lasso","Brain","r2_0.2","min5",2000,3.71122948568318,0.670591700256965
"Tile","cpg_island_tile_clock",1155,"Train","Lasso","Brain","r2_0.2","nofilter",2000,3.65080748126881,0.537644028135724
"Tile","cpg_island_tile_clock",1155,"Validation","Lasso","Brain","r2_0.2","nofilter",2000,3.71122948568318,0.670591700256965
"Tile","cpg_island_tile_clock",1156,"Train","Lasso","Brain","r2_0.2","min10",25000,5.05307919652549,0.158635462022435
"Tile","cpg_island_tile_clock",1156,"Validation","Lasso","Brain","r2_0.2","min10",25000,5.535857788643,0.53187642708232
"Tile","cpg_island_tile_clock",1157,"Train","Lasso","Brain","r2_0.2","min20",25000,4.3408364158246,0.322225370219939
"Tile","cpg_island_tile_clock",1157,"Validation","Lasso","Brain","r2_0.2","min20",25000,4.22050108008314,0.623837337603997
"Tile","cpg_island_tile_clock",1158,"Train","Lasso","Brain","r2_0.2","min5",25000,3.35309567886389,0.572145007340473
"Tile","cpg_island_tile_clock",1158,"Validation","Lasso","Brain","r2_0.2","min5",25000,4.28295751980304,0.62365251124309
"Tile","cpg_island_tile_clock",1159,"Train","Lasso","Brain","r2_0.2","nofilter",25000,3.35309567886389,0.572145007340473
"Tile","cpg_island_tile_clock",1159,"Validation","Lasso","Brain","r2_0.2","nofilter",25000,4.28295751980304,0.62365251124309
"Tile","cpg_island_tile_clock",1160,"Train","Lasso","Brain","r2_0.2","min10",5000,5.05307919652549,0.158635462022435
"Tile","cpg_island_tile_clock",1160,"Validation","Lasso","Brain","r2_0.2","min10",5000,5.535857788643,0.53187642708232
"Tile","cpg_island_tile_clock",1161,"Train","Lasso","Brain","r2_0.2","min20",5000,4.3408364158246,0.322225370219939
"Tile","cpg_island_tile_clock",1161,"Validation","Lasso","Brain","r2_0.2","min20",5000,4.22050108008314,0.623837337603997
"Tile","cpg_island_tile_clock",1162,"Train","Lasso","Brain","r2_0.2","min5",5000,3.35309567886389,0.572145007340473
"Tile","cpg_island_tile_clock",1162,"Validation","Lasso","Brain","r2_0.2","min5",5000,4.28295751980304,0.62365251124309
"Tile","cpg_island_tile_clock",1163,"Train","Lasso","Brain","r2_0.2","nofilter",5000,3.35309567886389,0.572145007340473
"Tile","cpg_island_tile_clock",1163,"Validation","Lasso","Brain","r2_0.2","nofilter",5000,4.28295751980304,0.62365251124309
"Tile","cpg_island_tile_clock",1164,"Train","Lasso","Brain","r2_0.2","min10",500,4.41508245232249,0.348679232004419
"Tile","cpg_island_tile_clock",1164,"Validation","Lasso","Brain","r2_0.2","min10",500,5.13453226488491,0.575653905061508
"Tile","cpg_island_tile_clock",1165,"Train","Lasso","Brain","r2_0.2","min20",500,4.08806726899164,0.293884005002265
"Tile","cpg_island_tile_clock",1165,"Validation","Lasso","Brain","r2_0.2","min20",500,4.29946454195358,0.564729252337939
"Tile","cpg_island_tile_clock",1166,"Train","Lasso","Brain","r2_0.2","min5",500,4.19016367569218,0.42917745799678
"Tile","cpg_island_tile_clock",1166,"Validation","Lasso","Brain","r2_0.2","min5",500,3.82709083751668,0.649215170556495
"Tile","cpg_island_tile_clock",1167,"Train","Lasso","Brain","r2_0.2","nofilter",500,4.07315678524453,0.471645309397846
"Tile","cpg_island_tile_clock",1167,"Validation","Lasso","Brain","r2_0.2","nofilter",500,3.64554525693536,0.625899279938359
"Tile","cpg_island_tile_clock",1168,"Train","Lasso","Brain","r2_0.2","min10",50,4.12128497457202,0.520928463285083
"Tile","cpg_island_tile_clock",1168,"Validation","Lasso","Brain","r2_0.2","min10",50,5.11157504637442,0.721775884158611
"Tile","cpg_island_tile_clock",1169,"Train","Lasso","Brain","r2_0.2","min20",50,4.39660853457558,0.414588919641053
"Tile","cpg_island_tile_clock",1169,"Validation","Lasso","Brain","r2_0.2","min20",50,5.65394396275023,0.371728659036068
"Tile","cpg_island_tile_clock",1170,"Train","Lasso","Brain","r2_0.2","min5",50,3.97570203070614,0.541807135718014
"Tile","cpg_island_tile_clock",1170,"Validation","Lasso","Brain","r2_0.2","min5",50,4.70803693552724,0.658648471630889
"Tile","cpg_island_tile_clock",1171,"Train","Lasso","Brain","r2_0.2","nofilter",50,3.74997698787639,0.613744602979038
"Tile","cpg_island_tile_clock",1171,"Validation","Lasso","Brain","r2_0.2","nofilter",50,3.79962350780716,0.577147367073508
"Tile","cpg_island_tile_clock",1172,"Train","Lasso","Brain","r2_0.3","min10",1000,4.94027439781991,0.141265745533155
"Tile","cpg_island_tile_clock",1172,"Validation","Lasso","Brain","r2_0.3","min10",1000,4.5147125909686,0.314432481369545
"Tile","cpg_island_tile_clock",1173,"Train","Lasso","Brain","r2_0.3","min20",1000,4.76814596907009,0.22006162229881
"Tile","cpg_island_tile_clock",1173,"Validation","Lasso","Brain","r2_0.3","min20",1000,4.25439046370336,0.658097672023908
"Tile","cpg_island_tile_clock",1174,"Train","Lasso","Brain","r2_0.3","min5",1000,3.68514719199422,0.500762387343574
"Tile","cpg_island_tile_clock",1174,"Validation","Lasso","Brain","r2_0.3","min5",1000,5.00557073306072,0.635416666666667
"Tile","cpg_island_tile_clock",1175,"Train","Lasso","Brain","r2_0.3","nofilter",1000,3.68514719199422,0.500762387343574
"Tile","cpg_island_tile_clock",1175,"Validation","Lasso","Brain","r2_0.3","nofilter",1000,5.00557073306072,0.635416666666667
"Tile","cpg_island_tile_clock",1176,"Train","Lasso","Brain","r2_0.3","min10",100,4.61442867672799,0.308971757504533
"Tile","cpg_island_tile_clock",1176,"Validation","Lasso","Brain","r2_0.3","min10",100,5.36209130837203,0.581251076856689
"Tile","cpg_island_tile_clock",1177,"Train","Lasso","Brain","r2_0.3","min20",100,4.31039012319025,0.362581207181618
"Tile","cpg_island_tile_clock",1177,"Validation","Lasso","Brain","r2_0.3","min20",100,4.23052461858479,0.660282028276474
"Tile","cpg_island_tile_clock",1178,"Train","Lasso","Brain","r2_0.3","min5",100,3.49805561072495,0.517838950964295
"Tile","cpg_island_tile_clock",1178,"Validation","Lasso","Brain","r2_0.3","min5",100,3.8239848510386,0.48551752800101
"Tile","cpg_island_tile_clock",1179,"Train","Lasso","Brain","r2_0.3","nofilter",100,4.07192131105154,0.47194250171094
"Tile","cpg_island_tile_clock",1179,"Validation","Lasso","Brain","r2_0.3","nofilter",100,5.12127223444401,0.482532396676207
"Tile","cpg_island_tile_clock",1180,"Train","Lasso","Brain","r2_0.3","min10",2000,4.97062759801011,0.199198339619215
"Tile","cpg_island_tile_clock",1180,"Validation","Lasso","Brain","r2_0.3","min10",2000,5.34363021467395,0.253564759108451
"Tile","cpg_island_tile_clock",1181,"Train","Lasso","Brain","r2_0.3","min20",2000,4.29958031043193,0.32332457558681
"Tile","cpg_island_tile_clock",1181,"Validation","Lasso","Brain","r2_0.3","min20",2000,3.81579574526235,0.774242075719433
"Tile","cpg_island_tile_clock",1182,"Train","Lasso","Brain","r2_0.3","min5",2000,4.46167259174584,0.34861821364916
"Tile","cpg_island_tile_clock",1182,"Validation","Lasso","Brain","r2_0.3","min5",2000,5.2578904970068,0.514819050800255
"Tile","cpg_island_tile_clock",1183,"Train","Lasso","Brain","r2_0.3","nofilter",2000,4.46167259174584,0.34861821364916
"Tile","cpg_island_tile_clock",1183,"Validation","Lasso","Brain","r2_0.3","nofilter",2000,5.2578904970068,0.514819050800255
"Tile","cpg_island_tile_clock",1184,"Train","Lasso","Brain","r2_0.3","min10",25000,4.02477197082685,0.429375138778959
"Tile","cpg_island_tile_clock",1184,"Validation","Lasso","Brain","r2_0.3","min10",25000,5.22055730352699,0.514706485970182
"Tile","cpg_island_tile_clock",1185,"Train","Lasso","Brain","r2_0.3","min20",25000,4.89212997351887,0.250688355133953
"Tile","cpg_island_tile_clock",1185,"Validation","Lasso","Brain","r2_0.3","min20",25000,4.82944560691645,0.645868898075686
"Tile","cpg_island_tile_clock",1186,"Train","Lasso","Brain","r2_0.3","min5",25000,4.46167259174584,0.34861821364916
"Tile","cpg_island_tile_clock",1186,"Validation","Lasso","Brain","r2_0.3","min5",25000,5.2578904970068,0.514819050800255
"Tile","cpg_island_tile_clock",1187,"Train","Lasso","Brain","r2_0.3","nofilter",25000,4.46167259174584,0.34861821364916
"Tile","cpg_island_tile_clock",1187,"Validation","Lasso","Brain","r2_0.3","nofilter",25000,5.2578904970068,0.514819050800255
"Tile","cpg_island_tile_clock",1188,"Train","Lasso","Brain","r2_0.3","min10",5000,4.02477197082685,0.429375138778959
"Tile","cpg_island_tile_clock",1188,"Validation","Lasso","Brain","r2_0.3","min10",5000,5.22055730352699,0.514706485970182
"Tile","cpg_island_tile_clock",1189,"Train","Lasso","Brain","r2_0.3","min20",5000,4.89212997351887,0.250688355133953
"Tile","cpg_island_tile_clock",1189,"Validation","Lasso","Brain","r2_0.3","min20",5000,4.82944560691645,0.645868898075686
"Tile","cpg_island_tile_clock",1190,"Train","Lasso","Brain","r2_0.3","min5",5000,4.46167259174584,0.34861821364916
"Tile","cpg_island_tile_clock",1190,"Validation","Lasso","Brain","r2_0.3","min5",5000,5.2578904970068,0.514819050800255
"Tile","cpg_island_tile_clock",1191,"Train","Lasso","Brain","r2_0.3","nofilter",5000,4.46167259174584,0.34861821364916
"Tile","cpg_island_tile_clock",1191,"Validation","Lasso","Brain","r2_0.3","nofilter",5000,5.2578904970068,0.514819050800255
"Tile","cpg_island_tile_clock",1192,"Train","Lasso","Brain","r2_0.3","min10",500,4.55890473477695,0.276150312434991
"Tile","cpg_island_tile_clock",1192,"Validation","Lasso","Brain","r2_0.3","min10",500,4.73749483864577,0.521395884726799
"Tile","cpg_island_tile_clock",1193,"Train","Lasso","Brain","r2_0.3","min20",500,4.9073540001947,0.196061389908347
"Tile","cpg_island_tile_clock",1193,"Validation","Lasso","Brain","r2_0.3","min20",500,4.37421124689704,0.548411484954279
"Tile","cpg_island_tile_clock",1194,"Train","Lasso","Brain","r2_0.3","min5",500,4.1377717347353,0.386567434643984
"Tile","cpg_island_tile_clock",1194,"Validation","Lasso","Brain","r2_0.3","min5",500,4.97729520247917,0.532489823046978
"Tile","cpg_island_tile_clock",1195,"Train","Lasso","Brain","r2_0.3","nofilter",500,4.24149934884481,0.398537761070303
"Tile","cpg_island_tile_clock",1195,"Validation","Lasso","Brain","r2_0.3","nofilter",500,3.44772818607489,0.611144856634141
"Tile","cpg_island_tile_clock",1196,"Train","Lasso","Brain","r2_0.3","min10",50,4.90669499006893,0.22896802462006
"Tile","cpg_island_tile_clock",1196,"Validation","Lasso","Brain","r2_0.3","min10",50,5.33315007184136,0.430235494392664
"Tile","cpg_island_tile_clock",1197,"Train","Lasso","Brain","r2_0.3","min20",50,5.20441902261393,0.121354111973519
"Tile","cpg_island_tile_clock",1197,"Validation","Lasso","Brain","r2_0.3","min20",50,5.09106807882439,0.480330001688806
"Tile","cpg_island_tile_clock",1198,"Train","Lasso","Brain","r2_0.3","min5",50,3.15961622524543,0.698557287077865
"Tile","cpg_island_tile_clock",1198,"Validation","Lasso","Brain","r2_0.3","min5",50,4.76689282865081,0.516018618709228
"Tile","cpg_island_tile_clock",1199,"Train","Lasso","Brain","r2_0.3","nofilter",50,3.15961622524543,0.698557287077865
"Tile","cpg_island_tile_clock",1199,"Validation","Lasso","Brain","r2_0.3","nofilter",50,4.20194512425544,0.57179101721289
"Tile","cpg_island_tile_clock",1200,"Train","Lasso","Fin_clip_caudal","r2_0.05","min10",1000,2.10211517116036,0.890845645690312
"Tile","cpg_island_tile_clock",1200,"Validation","Lasso","Fin_clip_caudal","r2_0.05","min10",1000,3.2382411152347,0.733593597309209
"Tile","cpg_island_tile_clock",1201,"Train","Lasso","Fin_clip_caudal","r2_0.05","min20",1000,2.71459213933018,0.73380492298086
"Tile","cpg_island_tile_clock",1201,"Validation","Lasso","Fin_clip_caudal","r2_0.05","min20",1000,7.28864684485974,0.446516440221964
"Tile","cpg_island_tile_clock",1202,"Train","Lasso","Fin_clip_caudal","r2_0.05","min5",1000,4.01172518587354,0.553156819804003
"Tile","cpg_island_tile_clock",1202,"Validation","Lasso","Fin_clip_caudal","r2_0.05","min5",1000,9.11431142607537,0.633840227059229
"Tile","cpg_island_tile_clock",1203,"Train","Lasso","Fin_clip_caudal","r2_0.05","nofilter",1000,4.01172534127116,0.553156827978561
"Tile","cpg_island_tile_clock",1203,"Validation","Lasso","Fin_clip_caudal","r2_0.05","nofilter",1000,4.7033131600078,0.814296139363376
"Tile","cpg_island_tile_clock",1204,"Train","Lasso","Fin_clip_caudal","r2_0.05","min10",100,4.6354919337609,0.434363860460811
"Tile","cpg_island_tile_clock",1204,"Validation","Lasso","Fin_clip_caudal","r2_0.05","min10",100,10.8321866236566,0.744733635615946
"Tile","cpg_island_tile_clock",1205,"Train","Lasso","Fin_clip_caudal","r2_0.05","min20",100,2.16365079270374,0.879336899456516
"Tile","cpg_island_tile_clock",1205,"Validation","Lasso","Fin_clip_caudal","r2_0.05","min20",100,3.7955812668182,0.500559931397374
"Tile","cpg_island_tile_clock",1206,"Train","Lasso","Fin_clip_caudal","r2_0.05","min5",100,4.09153086849083,0.589131299203332
"Tile","cpg_island_tile_clock",1206,"Validation","Lasso","Fin_clip_caudal","r2_0.05","min5",100,9.18693519825105,0.619766507498452
"Tile","cpg_island_tile_clock",1207,"Train","Lasso","Fin_clip_caudal","r2_0.05","nofilter",100,0.200286622701055,0.999228382134344
"Tile","cpg_island_tile_clock",1207,"Validation","Lasso","Fin_clip_caudal","r2_0.05","nofilter",100,3.69606494101458,0.764117557762782
"Tile","cpg_island_tile_clock",1208,"Train","Lasso","Fin_clip_caudal","r2_0.05","min10",2000,0.942609526106158,0.968485989346184
"Tile","cpg_island_tile_clock",1208,"Validation","Lasso","Fin_clip_caudal","r2_0.05","min10",2000,8.48468289497525,0.587258662725763
"Tile","cpg_island_tile_clock",1209,"Train","Lasso","Fin_clip_caudal","r2_0.05","min20",2000,3.3872607604864,0.653367312546756
"Tile","cpg_island_tile_clock",1209,"Validation","Lasso","Fin_clip_caudal","r2_0.05","min20",2000,6.60204817872562,0.70943432706027
"Tile","cpg_island_tile_clock",1210,"Train","Lasso","Fin_clip_caudal","r2_0.05","min5",2000,3.94668958786969,0.594061271447509
"Tile","cpg_island_tile_clock",1210,"Validation","Lasso","Fin_clip_caudal","r2_0.05","min5",2000,6.71841259384578,0.766652273282821
"Tile","cpg_island_tile_clock",1211,"Train","Lasso","Fin_clip_caudal","r2_0.05","nofilter",2000,4.05304992445409,0.593841027369735
"Tile","cpg_island_tile_clock",1211,"Validation","Lasso","Fin_clip_caudal","r2_0.05","nofilter",2000,8.34643722517618,0.779586435653172
"Tile","cpg_island_tile_clock",1212,"Train","Lasso","Fin_clip_caudal","r2_0.05","min10",25000,1.74268496503126,0.892448559222739
"Tile","cpg_island_tile_clock",1212,"Validation","Lasso","Fin_clip_caudal","r2_0.05","min10",25000,3.93495724999042,0.94039985713466
"Tile","cpg_island_tile_clock",1213,"Train","Lasso","Fin_clip_caudal","r2_0.05","min20",25000,2.50417926603803,0.791105948625449
"Tile","cpg_island_tile_clock",1213,"Validation","Lasso","Fin_clip_caudal","r2_0.05","min20",25000,6.22703382108429,0.550623413842712
"Tile","cpg_island_tile_clock",1214,"Train","Lasso","Fin_clip_caudal","r2_0.05","min5",25000,4.12155295869542,0.617048320537771
"Tile","cpg_island_tile_clock",1214,"Validation","Lasso","Fin_clip_caudal","r2_0.05","min5",25000,5.30482362781134,0.693379265630616
"Tile","cpg_island_tile_clock",1215,"Train","Lasso","Fin_clip_caudal","r2_0.05","nofilter",25000,4.12154483245414,0.61705133456415
"Tile","cpg_island_tile_clock",1215,"Validation","Lasso","Fin_clip_caudal","r2_0.05","nofilter",25000,5.26818810369126,0.691683884470825
"Tile","cpg_island_tile_clock",1216,"Train","Lasso","Fin_clip_caudal","r2_0.05","min10",5000,1.74268496503126,0.892448559222739
"Tile","cpg_island_tile_clock",1216,"Validation","Lasso","Fin_clip_caudal","r2_0.05","min10",5000,3.93495724999042,0.94039985713466
"Tile","cpg_island_tile_clock",1217,"Train","Lasso","Fin_clip_caudal","r2_0.05","min20",5000,2.50417926603803,0.791105948625449
"Tile","cpg_island_tile_clock",1217,"Validation","Lasso","Fin_clip_caudal","r2_0.05","min20",5000,6.22703382108429,0.550623413842712
"Tile","cpg_island_tile_clock",1218,"Train","Lasso","Fin_clip_caudal","r2_0.05","min5",5000,4.12155295869542,0.617048320537771
"Tile","cpg_island_tile_clock",1218,"Validation","Lasso","Fin_clip_caudal","r2_0.05","min5",5000,5.30482362781134,0.693379265630616
"Tile","cpg_island_tile_clock",1219,"Train","Lasso","Fin_clip_caudal","r2_0.05","nofilter",5000,4.12154483245414,0.61705133456415
"Tile","cpg_island_tile_clock",1219,"Validation","Lasso","Fin_clip_caudal","r2_0.05","nofilter",5000,5.26818810369126,0.691683884470825
"Tile","cpg_island_tile_clock",1220,"Train","Lasso","Fin_clip_caudal","r2_0.05","min10",500,2.11781781158433,0.870592010601416
"Tile","cpg_island_tile_clock",1220,"Validation","Lasso","Fin_clip_caudal","r2_0.05","min10",500,3.65238182981078,0.661412901517117
"Tile","cpg_island_tile_clock",1221,"Train","Lasso","Fin_clip_caudal","r2_0.05","min20",500,3.22106852330487,0.663308642758472
"Tile","cpg_island_tile_clock",1221,"Validation","Lasso","Fin_clip_caudal","r2_0.05","min20",500,7.43443776931441,0.519008514948042
"Tile","cpg_island_tile_clock",1222,"Train","Lasso","Fin_clip_caudal","r2_0.05","min5",500,2.60268858611521,0.796106045474746
"Tile","cpg_island_tile_clock",1222,"Validation","Lasso","Fin_clip_caudal","r2_0.05","min5",500,4.2634295147427,0.768239702011462
"Tile","cpg_island_tile_clock",1223,"Train","Lasso","Fin_clip_caudal","r2_0.05","nofilter",500,2.55543777372036,0.766100117442098
"Tile","cpg_island_tile_clock",1223,"Validation","Lasso","Fin_clip_caudal","r2_0.05","nofilter",500,7.91601107378684,0.639107700942009
"Tile","cpg_island_tile_clock",1224,"Train","Lasso","Fin_clip_caudal","r2_0.05","min10",50,3.99185097379369,0.596459991754232
"Tile","cpg_island_tile_clock",1224,"Validation","Lasso","Fin_clip_caudal","r2_0.05","min10",50,3.58792756749647,0.591688486430733
"Tile","cpg_island_tile_clock",1225,"Train","Lasso","Fin_clip_caudal","r2_0.05","min20",50,2.87547993001212,0.674028842043687
"Tile","cpg_island_tile_clock",1225,"Validation","Lasso","Fin_clip_caudal","r2_0.05","min20",50,8.11784207244223,0.649077096824544
"Tile","cpg_island_tile_clock",1226,"Train","Lasso","Fin_clip_caudal","r2_0.05","min5",50,2.14102448908813,0.84332586362348
"Tile","cpg_island_tile_clock",1226,"Validation","Lasso","Fin_clip_caudal","r2_0.05","min5",50,3.10066368546691,0.699761855258616
"Tile","cpg_island_tile_clock",1227,"Train","Lasso","Fin_clip_caudal","r2_0.05","nofilter",50,2.19443495136125,0.84705397198972
"Tile","cpg_island_tile_clock",1227,"Validation","Lasso","Fin_clip_caudal","r2_0.05","nofilter",50,3.70776142343492,0.548145114857043
"Tile","cpg_island_tile_clock",1228,"Train","Lasso","Fin_clip_caudal","r2_0.1","min10",1000,1.29583144249577,0.92163798408997
"Tile","cpg_island_tile_clock",1228,"Validation","Lasso","Fin_clip_caudal","r2_0.1","min10",1000,3.65359712561032,0.924032578798935
"Tile","cpg_island_tile_clock",1229,"Train","Lasso","Fin_clip_caudal","r2_0.1","min20",1000,1.8250714525825,0.866317339166161
"Tile","cpg_island_tile_clock",1229,"Validation","Lasso","Fin_clip_caudal","r2_0.1","min20",1000,7.62780761885035,0.481792974564456
"Tile","cpg_island_tile_clock",1230,"Train","Lasso","Fin_clip_caudal","r2_0.1","min5",1000,3.59928678217139,0.511371216721205
"Tile","cpg_island_tile_clock",1230,"Validation","Lasso","Fin_clip_caudal","r2_0.1","min5",1000,6.2870955974456,0.601901955154264
"Tile","cpg_island_tile_clock",1231,"Train","Lasso","Fin_clip_caudal","r2_0.1","nofilter",1000,4.76716350921855,0.260478180789413
"Tile","cpg_island_tile_clock",1231,"Validation","Lasso","Fin_clip_caudal","r2_0.1","nofilter",1000,7.16472632418645,0.606375123651367
"Tile","cpg_island_tile_clock",1232,"Train","Lasso","Fin_clip_caudal","r2_0.1","min10",100,2.28610002827321,0.820500391941691
"Tile","cpg_island_tile_clock",1232,"Validation","Lasso","Fin_clip_caudal","r2_0.1","min10",100,8.36113022802729,0.699945691972716
"Tile","cpg_island_tile_clock",1233,"Train","Lasso","Fin_clip_caudal","r2_0.1","min20",100,2.72745315483325,0.798768184195149
"Tile","cpg_island_tile_clock",1233,"Validation","Lasso","Fin_clip_caudal","r2_0.1","min20",100,8.15114573474767,0.680733728204671
"Tile","cpg_island_tile_clock",1234,"Train","Lasso","Fin_clip_caudal","r2_0.1","min5",100,3.54798063010548,0.67308220421503
"Tile","cpg_island_tile_clock",1234,"Validation","Lasso","Fin_clip_caudal","r2_0.1","min5",100,9.7095619894793,0.763599200276697
"Tile","cpg_island_tile_clock",1235,"Train","Lasso","Fin_clip_caudal","r2_0.1","nofilter",100,3.10146451164635,0.73992091713118
"Tile","cpg_island_tile_clock",1235,"Validation","Lasso","Fin_clip_caudal","r2_0.1","nofilter",100,8.81674699123358,0.779528027495364
"Tile","cpg_island_tile_clock",1236,"Train","Lasso","Fin_clip_caudal","r2_0.1","min10",2000,3.75798243356563,0.622232016885884
"Tile","cpg_island_tile_clock",1236,"Validation","Lasso","Fin_clip_caudal","r2_0.1","min10",2000,3.45343466736977,0.712015110976201
"Tile","cpg_island_tile_clock",1237,"Train","Lasso","Fin_clip_caudal","r2_0.1","min20",2000,2.58538408780128,0.763998749135492
"Tile","cpg_island_tile_clock",1237,"Validation","Lasso","Fin_clip_caudal","r2_0.1","min20",2000,7.94182654883843,0.550379016034306
"Tile","cpg_island_tile_clock",1238,"Train","Lasso","Fin_clip_caudal","r2_0.1","min5",2000,3.48595123569014,0.562667677788764
"Tile","cpg_island_tile_clock",1238,"Validation","Lasso","Fin_clip_caudal","r2_0.1","min5",2000,9.04819761572285,0.620136444697969
"Tile","cpg_island_tile_clock",1239,"Train","Lasso","Fin_clip_caudal","r2_0.1","nofilter",2000,3.23374214606088,0.616316119805083
"Tile","cpg_island_tile_clock",1239,"Validation","Lasso","Fin_clip_caudal","r2_0.1","nofilter",2000,4.40086647937727,0.426209616334779
"Tile","cpg_island_tile_clock",1240,"Train","Lasso","Fin_clip_caudal","r2_0.1","min10",25000,2.27582168543378,0.813546187540471
"Tile","cpg_island_tile_clock",1240,"Validation","Lasso","Fin_clip_caudal","r2_0.1","min10",25000,7.53859193544372,0.785441765805992
"Tile","cpg_island_tile_clock",1241,"Train","Lasso","Fin_clip_caudal","r2_0.1","min20",25000,2.58538407405427,0.763998753275303
"Tile","cpg_island_tile_clock",1241,"Validation","Lasso","Fin_clip_caudal","r2_0.1","min20",25000,7.94182654883843,0.550379016034306
"Tile","cpg_island_tile_clock",1242,"Train","Lasso","Fin_clip_caudal","r2_0.1","min5",25000,3.16340216908102,0.569812877272696
"Tile","cpg_island_tile_clock",1242,"Validation","Lasso","Fin_clip_caudal","r2_0.1","min5",25000,7.8515128056467,0.667989116143345
"Tile","cpg_island_tile_clock",1243,"Train","Lasso","Fin_clip_caudal","r2_0.1","nofilter",25000,3.01146477686345,0.578186546343255
"Tile","cpg_island_tile_clock",1243,"Validation","Lasso","Fin_clip_caudal","r2_0.1","nofilter",25000,7.03108245867596,0.679392294823038
"Tile","cpg_island_tile_clock",1244,"Train","Lasso","Fin_clip_caudal","r2_0.1","min10",5000,2.27582168543378,0.813546187540471
"Tile","cpg_island_tile_clock",1244,"Validation","Lasso","Fin_clip_caudal","r2_0.1","min10",5000,7.53859193544372,0.785441765805992
"Tile","cpg_island_tile_clock",1245,"Train","Lasso","Fin_clip_caudal","r2_0.1","min20",5000,2.58538407405427,0.763998753275303
"Tile","cpg_island_tile_clock",1245,"Validation","Lasso","Fin_clip_caudal","r2_0.1","min20",5000,7.94182654883843,0.550379016034306
"Tile","cpg_island_tile_clock",1246,"Train","Lasso","Fin_clip_caudal","r2_0.1","min5",5000,3.16340216908102,0.569812877272696
"Tile","cpg_island_tile_clock",1246,"Validation","Lasso","Fin_clip_caudal","r2_0.1","min5",5000,7.8515128056467,0.667989116143345
"Tile","cpg_island_tile_clock",1247,"Train","Lasso","Fin_clip_caudal","r2_0.1","nofilter",5000,3.01146477686345,0.578186546343255
"Tile","cpg_island_tile_clock",1247,"Validation","Lasso","Fin_clip_caudal","r2_0.1","nofilter",5000,7.03108245867596,0.679392294823038
"Tile","cpg_island_tile_clock",1248,"Train","Lasso","Fin_clip_caudal","r2_0.1","min10",500,2.52412677505842,0.800173244305575
"Tile","cpg_island_tile_clock",1248,"Validation","Lasso","Fin_clip_caudal","r2_0.1","min10",500,9.49189161496065,0.608272064821249
"Tile","cpg_island_tile_clock",1249,"Train","Lasso","Fin_clip_caudal","r2_0.1","min20",500,1.91319905709298,0.854791666562031
"Tile","cpg_island_tile_clock",1249,"Validation","Lasso","Fin_clip_caudal","r2_0.1","min20",500,7.57454645299911,0.526699583549565
"Tile","cpg_island_tile_clock",1250,"Train","Lasso","Fin_clip_caudal","r2_0.1","min5",500,3.74753366667702,0.527451021023783
"Tile","cpg_island_tile_clock",1250,"Validation","Lasso","Fin_clip_caudal","r2_0.1","min5",500,8.50509986398653,0.74832272327687
"Tile","cpg_island_tile_clock",1251,"Train","Lasso","Fin_clip_caudal","r2_0.1","nofilter",500,3.45974804756547,0.611131037394395
"Tile","cpg_island_tile_clock",1251,"Validation","Lasso","Fin_clip_caudal","r2_0.1","nofilter",500,8.65181140434576,0.696891555944206
"Tile","cpg_island_tile_clock",1252,"Train","Lasso","Fin_clip_caudal","r2_0.1","min10",50,0.161452737993876,0.999457535655015
"Tile","cpg_island_tile_clock",1252,"Validation","Lasso","Fin_clip_caudal","r2_0.1","min10",50,4.02593225809355,0.616399791787785
"Tile","cpg_island_tile_clock",1253,"Train","Lasso","Fin_clip_caudal","r2_0.1","min20",50,2.6930878945479,0.700233748410604
"Tile","cpg_island_tile_clock",1253,"Validation","Lasso","Fin_clip_caudal","r2_0.1","min20",50,7.39622545349211,0.513017404279958
"Tile","cpg_island_tile_clock",1254,"Train","Lasso","Fin_clip_caudal","r2_0.1","min5",50,3.3044584246938,0.684981814306787
"Tile","cpg_island_tile_clock",1254,"Validation","Lasso","Fin_clip_caudal","r2_0.1","min5",50,7.1108157465675,0.581929181545263
"Tile","cpg_island_tile_clock",1255,"Train","Lasso","Fin_clip_caudal","r2_0.1","nofilter",50,1.41887850331649,0.913675097416634
"Tile","cpg_island_tile_clock",1255,"Validation","Lasso","Fin_clip_caudal","r2_0.1","nofilter",50,8.19753052702724,0.528733606941436
"Tile","cpg_island_tile_clock",1256,"Train","Lasso","Fin_clip_caudal","r2_0.2","min10",1000,3.3337520872918,0.555116268577836
"Tile","cpg_island_tile_clock",1256,"Validation","Lasso","Fin_clip_caudal","r2_0.2","min10",1000,7.66911887279232,0.792882135000192
"Tile","cpg_island_tile_clock",1257,"Train","Lasso","Fin_clip_caudal","r2_0.2","min20",1000,3.5810641792142,0.498740310905611
"Tile","cpg_island_tile_clock",1257,"Validation","Lasso","Fin_clip_caudal","r2_0.2","min20",1000,4.89172228600501,0.568883635523185
"Tile","cpg_island_tile_clock",1258,"Train","Lasso","Fin_clip_caudal","r2_0.2","min5",1000,4.70144745706642,0.267082598564248
"Tile","cpg_island_tile_clock",1258,"Validation","Lasso","Fin_clip_caudal","r2_0.2","min5",1000,6.2170386531639,0.519563163259053
"Tile","cpg_island_tile_clock",1259,"Train","Lasso","Fin_clip_caudal","r2_0.2","nofilter",1000,4.70144745706642,0.267082598564248
"Tile","cpg_island_tile_clock",1259,"Validation","Lasso","Fin_clip_caudal","r2_0.2","nofilter",1000,6.2170386531639,0.519563163259053
"Tile","cpg_island_tile_clock",1260,"Train","Lasso","Fin_clip_caudal","r2_0.2","min10",100,2.62727462796809,0.795653399908696
"Tile","cpg_island_tile_clock",1260,"Validation","Lasso","Fin_clip_caudal","r2_0.2","min10",100,3.2943781512171,0.636109950324734
"Tile","cpg_island_tile_clock",1261,"Train","Lasso","Fin_clip_caudal","r2_0.2","min20",100,2.04802935919773,0.791123294134305
"Tile","cpg_island_tile_clock",1261,"Validation","Lasso","Fin_clip_caudal","r2_0.2","min20",100,8.72993098578398,0.653438640383675
"Tile","cpg_island_tile_clock",1262,"Train","Lasso","Fin_clip_caudal","r2_0.2","min5",100,4.45732352438702,0.277066461030392
"Tile","cpg_island_tile_clock",1262,"Validation","Lasso","Fin_clip_caudal","r2_0.2","min5",100,4.74402082825857,0.530374398813407
"Tile","cpg_island_tile_clock",1263,"Train","Lasso","Fin_clip_caudal","r2_0.2","nofilter",100,3.59468647957608,0.517130000293306
"Tile","cpg_island_tile_clock",1263,"Validation","Lasso","Fin_clip_caudal","r2_0.2","nofilter",100,6.70109045489265,0.723174761024135
"Tile","cpg_island_tile_clock",1264,"Train","Lasso","Fin_clip_caudal","r2_0.2","min10",2000,3.40010485755223,0.527948270499603
"Tile","cpg_island_tile_clock",1264,"Validation","Lasso","Fin_clip_caudal","r2_0.2","min10",2000,3.73360226656503,0.942859429040432
"Tile","cpg_island_tile_clock",1265,"Train","Lasso","Fin_clip_caudal","r2_0.2","min20",2000,3.53367495422787,0.526189144648872
"Tile","cpg_island_tile_clock",1265,"Validation","Lasso","Fin_clip_caudal","r2_0.2","min20",2000,6.25094669106711,0.584645570067862
"Tile","cpg_island_tile_clock",1266,"Train","Lasso","Fin_clip_caudal","r2_0.2","min5",2000,3.52685893124182,0.388168257081777
"Tile","cpg_island_tile_clock",1266,"Validation","Lasso","Fin_clip_caudal","r2_0.2","min5",2000,8.70856739306524,0.66708905428109
"Tile","cpg_island_tile_clock",1267,"Train","Lasso","Fin_clip_caudal","r2_0.2","nofilter",2000,3.52685893124182,0.388168257081777
"Tile","cpg_island_tile_clock",1267,"Validation","Lasso","Fin_clip_caudal","r2_0.2","nofilter",2000,8.70856739306524,0.66708905428109
"Tile","cpg_island_tile_clock",1268,"Train","Lasso","Fin_clip_caudal","r2_0.2","min10",25000,3.83003707753408,0.451276373650069
"Tile","cpg_island_tile_clock",1268,"Validation","Lasso","Fin_clip_caudal","r2_0.2","min10",25000,2.93274051892258,0.833183973383001
"Tile","cpg_island_tile_clock",1269,"Train","Lasso","Fin_clip_caudal","r2_0.2","min20",25000,3.53367495422787,0.526189144648872
"Tile","cpg_island_tile_clock",1269,"Validation","Lasso","Fin_clip_caudal","r2_0.2","min20",25000,6.25094669106711,0.584645570067862
"Tile","cpg_island_tile_clock",1270,"Train","Lasso","Fin_clip_caudal","r2_0.2","min5",25000,4.01844992447653,0.352108909749643
"Tile","cpg_island_tile_clock",1270,"Validation","Lasso","Fin_clip_caudal","r2_0.2","min5",25000,7.15369351473121,0.534724289886299
"Tile","cpg_island_tile_clock",1271,"Train","Lasso","Fin_clip_caudal","r2_0.2","nofilter",25000,4.01844992447653,0.352108909749643
"Tile","cpg_island_tile_clock",1271,"Validation","Lasso","Fin_clip_caudal","r2_0.2","nofilter",25000,7.15369351473121,0.534724289886299
"Tile","cpg_island_tile_clock",1272,"Train","Lasso","Fin_clip_caudal","r2_0.2","min10",5000,3.83003707753408,0.451276373650069
"Tile","cpg_island_tile_clock",1272,"Validation","Lasso","Fin_clip_caudal","r2_0.2","min10",5000,2.93274051892258,0.833183973383001
"Tile","cpg_island_tile_clock",1273,"Train","Lasso","Fin_clip_caudal","r2_0.2","min20",5000,3.53367495422787,0.526189144648872
"Tile","cpg_island_tile_clock",1273,"Validation","Lasso","Fin_clip_caudal","r2_0.2","min20",5000,6.25094669106711,0.584645570067862
"Tile","cpg_island_tile_clock",1274,"Train","Lasso","Fin_clip_caudal","r2_0.2","min5",5000,4.01844992447653,0.352108909749643
"Tile","cpg_island_tile_clock",1274,"Validation","Lasso","Fin_clip_caudal","r2_0.2","min5",5000,7.15369351473121,0.534724289886299
"Tile","cpg_island_tile_clock",1275,"Train","Lasso","Fin_clip_caudal","r2_0.2","nofilter",5000,4.01844992447653,0.352108909749643
"Tile","cpg_island_tile_clock",1275,"Validation","Lasso","Fin_clip_caudal","r2_0.2","nofilter",5000,7.15369351473121,0.534724289886299
"Tile","cpg_island_tile_clock",1276,"Train","Lasso","Fin_clip_caudal","r2_0.2","min10",500,2.66920971203222,0.680090015958799
"Tile","cpg_island_tile_clock",1276,"Validation","Lasso","Fin_clip_caudal","r2_0.2","min10",500,2.81236076237901,0.843128437829169
"Tile","cpg_island_tile_clock",1277,"Train","Lasso","Fin_clip_caudal","r2_0.2","min20",500,4.02397519938849,0.409210455951332
"Tile","cpg_island_tile_clock",1277,"Validation","Lasso","Fin_clip_caudal","r2_0.2","min20",500,8.23265505676125,0.719497875646143
"Tile","cpg_island_tile_clock",1278,"Train","Lasso","Fin_clip_caudal","r2_0.2","min5",500,3.95254393680945,0.427276911059131
"Tile","cpg_island_tile_clock",1278,"Validation","Lasso","Fin_clip_caudal","r2_0.2","min5",500,6.26401476374286,0.668817388743848
"Tile","cpg_island_tile_clock",1279,"Train","Lasso","Fin_clip_caudal","r2_0.2","nofilter",500,3.95254393680945,0.427276911059131
"Tile","cpg_island_tile_clock",1279,"Validation","Lasso","Fin_clip_caudal","r2_0.2","nofilter",500,6.26401476374286,0.668817388743848
"Tile","cpg_island_tile_clock",1280,"Train","Lasso","Fin_clip_caudal","r2_0.2","min10",50,2.8119535951198,0.729304032403181
"Tile","cpg_island_tile_clock",1280,"Validation","Lasso","Fin_clip_caudal","r2_0.2","min10",50,9.07344105410905,0.61363088231573
"Tile","cpg_island_tile_clock",1281,"Train","Lasso","Fin_clip_caudal","r2_0.2","min20",50,1.92331621292873,0.864169779056843
"Tile","cpg_island_tile_clock",1281,"Validation","Lasso","Fin_clip_caudal","r2_0.2","min20",50,3.69713492264114,0.564766566736757
"Tile","cpg_island_tile_clock",1282,"Train","Lasso","Fin_clip_caudal","r2_0.2","min5",50,2.67361408525503,0.701099854027954
"Tile","cpg_island_tile_clock",1282,"Validation","Lasso","Fin_clip_caudal","r2_0.2","min5",50,9.21656687203914,0.738204228520833
"Tile","cpg_island_tile_clock",1283,"Train","Lasso","Fin_clip_caudal","r2_0.2","nofilter",50,3.82272987699627,0.510183728429909
"Tile","cpg_island_tile_clock",1283,"Validation","Lasso","Fin_clip_caudal","r2_0.2","nofilter",50,6.74403063335232,0.623369867396874
"Tile","cpg_island_tile_clock",1284,"Train","Lasso","Fin_clip_caudal","r2_0.3","min10",1000,3.71892075200261,0.449760058012751
"Tile","cpg_island_tile_clock",1284,"Validation","Lasso","Fin_clip_caudal","r2_0.3","min10",1000,3.66340841548763,0.843230712643696
"Tile","cpg_island_tile_clock",1285,"Train","Lasso","Fin_clip_caudal","r2_0.3","min20",1000,2.86497735389342,0.63245537536854
"Tile","cpg_island_tile_clock",1285,"Validation","Lasso","Fin_clip_caudal","r2_0.3","min20",1000,7.48185933402318,0.410461387785141
"Tile","cpg_island_tile_clock",1286,"Train","Lasso","Fin_clip_caudal","r2_0.3","min5",1000,3.8665255970811,0.372366198981464
"Tile","cpg_island_tile_clock",1286,"Validation","Lasso","Fin_clip_caudal","r2_0.3","min5",1000,7.06959391356573,0.663865926566247
"Tile","cpg_island_tile_clock",1287,"Train","Lasso","Fin_clip_caudal","r2_0.3","nofilter",1000,3.8665255970811,0.372366198981464
"Tile","cpg_island_tile_clock",1287,"Validation","Lasso","Fin_clip_caudal","r2_0.3","nofilter",1000,7.06959391356573,0.663865926566247
"Tile","cpg_island_tile_clock",1288,"Train","Lasso","Fin_clip_caudal","r2_0.3","min10",100,2.44326162997813,0.80496756684448
"Tile","cpg_island_tile_clock",1288,"Validation","Lasso","Fin_clip_caudal","r2_0.3","min10",100,3.04277354592113,0.824223746046197
"Tile","cpg_island_tile_clock",1289,"Train","Lasso","Fin_clip_caudal","r2_0.3","min20",100,2.57308262302691,0.760127682668332
"Tile","cpg_island_tile_clock",1289,"Validation","Lasso","Fin_clip_caudal","r2_0.3","min20",100,10.6121923675972,0.5030082000871
"Tile","cpg_island_tile_clock",1290,"Train","Lasso","Fin_clip_caudal","r2_0.3","min5",100,4.33493751960131,0.250031322689241
"Tile","cpg_island_tile_clock",1290,"Validation","Lasso","Fin_clip_caudal","r2_0.3","min5",100,5.82171135810586,0.384858028472728
"Tile","cpg_island_tile_clock",1291,"Train","Lasso","Fin_clip_caudal","r2_0.3","nofilter",100,4.17728928488652,0.28568617977882
"Tile","cpg_island_tile_clock",1291,"Validation","Lasso","Fin_clip_caudal","r2_0.3","nofilter",100,6.43488718753003,0.414075336995035
"Tile","cpg_island_tile_clock",1292,"Train","Lasso","Fin_clip_caudal","r2_0.3","min10",2000,3.98830195939359,0.308112830539499
"Tile","cpg_island_tile_clock",1292,"Validation","Lasso","Fin_clip_caudal","r2_0.3","min10",2000,3.44323506531547,0.867955255346037
"Tile","cpg_island_tile_clock",1293,"Train","Lasso","Fin_clip_caudal","r2_0.3","min20",2000,3.57045164170402,0.45416126596608
"Tile","cpg_island_tile_clock",1293,"Validation","Lasso","Fin_clip_caudal","r2_0.3","min20",2000,3.3602716466374,0.6570635876092
"Tile","cpg_island_tile_clock",1294,"Train","Lasso","Fin_clip_caudal","r2_0.3","min5",2000,4.53163848454438,0.194407121829653
"Tile","cpg_island_tile_clock",1294,"Validation","Lasso","Fin_clip_caudal","r2_0.3","min5",2000,7.50170018671447,0.641904765226289
"Tile","cpg_island_tile_clock",1295,"Train","Lasso","Fin_clip_caudal","r2_0.3","nofilter",2000,4.53163848454438,0.194407121829653
"Tile","cpg_island_tile_clock",1295,"Validation","Lasso","Fin_clip_caudal","r2_0.3","nofilter",2000,7.50170018671447,0.641904765226289
"Tile","cpg_island_tile_clock",1296,"Train","Lasso","Fin_clip_caudal","r2_0.3","min10",25000,3.98830195939359,0.308112830539499
"Tile","cpg_island_tile_clock",1296,"Validation","Lasso","Fin_clip_caudal","r2_0.3","min10",25000,3.44323506531547,0.867955255346037
"Tile","cpg_island_tile_clock",1297,"Train","Lasso","Fin_clip_caudal","r2_0.3","min20",25000,3.57045164170402,0.45416126596608
"Tile","cpg_island_tile_clock",1297,"Validation","Lasso","Fin_clip_caudal","r2_0.3","min20",25000,3.3602716466374,0.6570635876092
"Tile","cpg_island_tile_clock",1298,"Train","Lasso","Fin_clip_caudal","r2_0.3","min5",25000,4.54674429654073,0.193703815953411
"Tile","cpg_island_tile_clock",1298,"Validation","Lasso","Fin_clip_caudal","r2_0.3","min5",25000,8.5679664109142,0.675200265792202
"Tile","cpg_island_tile_clock",1299,"Train","Lasso","Fin_clip_caudal","r2_0.3","nofilter",25000,4.54674429654073,0.193703815953411
"Tile","cpg_island_tile_clock",1299,"Validation","Lasso","Fin_clip_caudal","r2_0.3","nofilter",25000,8.5679664109142,0.675200265792202
"Tile","cpg_island_tile_clock",1300,"Train","Lasso","Fin_clip_caudal","r2_0.3","min10",5000,3.98830195939359,0.308112830539499
"Tile","cpg_island_tile_clock",1300,"Validation","Lasso","Fin_clip_caudal","r2_0.3","min10",5000,3.44323506531547,0.867955255346037
"Tile","cpg_island_tile_clock",1301,"Train","Lasso","Fin_clip_caudal","r2_0.3","min20",5000,3.57045164170402,0.45416126596608
"Tile","cpg_island_tile_clock",1301,"Validation","Lasso","Fin_clip_caudal","r2_0.3","min20",5000,3.3602716466374,0.6570635876092
"Tile","cpg_island_tile_clock",1302,"Train","Lasso","Fin_clip_caudal","r2_0.3","min5",5000,4.54674429654073,0.193703815953411
"Tile","cpg_island_tile_clock",1302,"Validation","Lasso","Fin_clip_caudal","r2_0.3","min5",5000,8.5679664109142,0.675200265792202
"Tile","cpg_island_tile_clock",1303,"Train","Lasso","Fin_clip_caudal","r2_0.3","nofilter",5000,4.54674429654073,0.193703815953411
"Tile","cpg_island_tile_clock",1303,"Validation","Lasso","Fin_clip_caudal","r2_0.3","nofilter",5000,8.5679664109142,0.675200265792202
"Tile","cpg_island_tile_clock",1304,"Train","Lasso","Fin_clip_caudal","r2_0.3","min10",500,4.28672178622011,0.307147459113322
"Tile","cpg_island_tile_clock",1304,"Validation","Lasso","Fin_clip_caudal","r2_0.3","min10",500,4.75239531428421,0.612543717149164
"Tile","cpg_island_tile_clock",1305,"Train","Lasso","Fin_clip_caudal","r2_0.3","min20",500,3.4161382420117,0.495548875352157
"Tile","cpg_island_tile_clock",1305,"Validation","Lasso","Fin_clip_caudal","r2_0.3","min20",500,3.88791002922763,0.614999651934267
"Tile","cpg_island_tile_clock",1306,"Train","Lasso","Fin_clip_caudal","r2_0.3","min5",500,4.7029838551479,0.105773365238461
"Tile","cpg_island_tile_clock",1306,"Validation","Lasso","Fin_clip_caudal","r2_0.3","min5",500,6.33036787650339,0.538552991458161
"Tile","cpg_island_tile_clock",1307,"Train","Lasso","Fin_clip_caudal","r2_0.3","nofilter",500,4.7029838551479,0.105773365238461
"Tile","cpg_island_tile_clock",1307,"Validation","Lasso","Fin_clip_caudal","r2_0.3","nofilter",500,6.33036787650339,0.538552991458161
"Tile","cpg_island_tile_clock",1308,"Train","Lasso","Fin_clip_caudal","r2_0.3","min10",50,2.84299504550909,0.69215525474169
"Tile","cpg_island_tile_clock",1308,"Validation","Lasso","Fin_clip_caudal","r2_0.3","min10",50,3.48519655413168,0.796560902860758
"Tile","cpg_island_tile_clock",1309,"Train","Lasso","Fin_clip_caudal","r2_0.3","min20",50,1.77884078515168,0.756857908792693
"Tile","cpg_island_tile_clock",1309,"Validation","Lasso","Fin_clip_caudal","r2_0.3","min20",50,3.74297267428749,0.549754671174682
"Tile","cpg_island_tile_clock",1310,"Train","Lasso","Fin_clip_caudal","r2_0.3","min5",50,4.27256924930375,0.340395804089148
"Tile","cpg_island_tile_clock",1310,"Validation","Lasso","Fin_clip_caudal","r2_0.3","min5",50,6.21207791391423,0.624720544184323
"Tile","cpg_island_tile_clock",1311,"Train","Lasso","Fin_clip_caudal","r2_0.3","nofilter",50,4.24101602770183,0.347082846388695
"Tile","cpg_island_tile_clock",1311,"Validation","Lasso","Fin_clip_caudal","r2_0.3","nofilter",50,6.10449128304544,0.59932193159636
"Tile","cpg_island_tile_clock",1312,"Train","Lasso","Intestines","r2_0.05","min10",1000,2.05314137568692,0.852761626168685
"Tile","cpg_island_tile_clock",1312,"Validation","Lasso","Intestines","r2_0.05","min10",1000,3.89170510648422,0.511409919494038
"Tile","cpg_island_tile_clock",1313,"Train","Lasso","Intestines","r2_0.05","min20",1000,2.58353651255874,0.676435101894116
"Tile","cpg_island_tile_clock",1313,"Validation","Lasso","Intestines","r2_0.05","min20",1000,6.39494324303846,0.563862526815451
"Tile","cpg_island_tile_clock",1314,"Train","Lasso","Intestines","r2_0.05","min5",1000,0.750037550374865,0.981351030755477
"Tile","cpg_island_tile_clock",1314,"Validation","Lasso","Intestines","r2_0.05","min5",1000,6.42380117364185,0.496872418957561
"Tile","cpg_island_tile_clock",1315,"Train","Lasso","Intestines","r2_0.05","nofilter",1000,0.750037550374865,0.981351030755477
"Tile","cpg_island_tile_clock",1315,"Validation","Lasso","Intestines","r2_0.05","nofilter",1000,6.42380117364185,0.496872418957561
"Tile","cpg_island_tile_clock",1316,"Train","Lasso","Intestines","r2_0.05","min10",100,3.33022673194738,0.701090141645182
"Tile","cpg_island_tile_clock",1316,"Validation","Lasso","Intestines","r2_0.05","min10",100,4.01025603495763,0.389510332611183
"Tile","cpg_island_tile_clock",1317,"Train","Lasso","Intestines","r2_0.05","min20",100,2.57376848396222,0.669546300632046
"Tile","cpg_island_tile_clock",1317,"Validation","Lasso","Intestines","r2_0.05","min20",100,6.2989340299896,0.576740694343389
"Tile","cpg_island_tile_clock",1318,"Train","Lasso","Intestines","r2_0.05","min5",100,1.45087568632477,0.964983698238193
"Tile","cpg_island_tile_clock",1318,"Validation","Lasso","Intestines","r2_0.05","min5",100,7.72020678364296,0.472513828686693
"Tile","cpg_island_tile_clock",1319,"Train","Lasso","Intestines","r2_0.05","nofilter",100,1.44783302059889,0.96515433890933
"Tile","cpg_island_tile_clock",1319,"Validation","Lasso","Intestines","r2_0.05","nofilter",100,7.437429856498,0.636101375997247
"Tile","cpg_island_tile_clock",1320,"Train","Lasso","Intestines","r2_0.05","min10",2000,4.0138360164341,0.704590158886546
"Tile","cpg_island_tile_clock",1320,"Validation","Lasso","Intestines","r2_0.05","min10",2000,4.79014537649915,0.540874482876463
"Tile","cpg_island_tile_clock",1321,"Train","Lasso","Intestines","r2_0.05","min20",2000,5.40868530636526,0.0343592545713697
"Tile","cpg_island_tile_clock",1321,"Validation","Lasso","Intestines","r2_0.05","min20",2000,4.32222900931428,0.670680186095191
"Tile","cpg_island_tile_clock",1322,"Train","Lasso","Intestines","r2_0.05","min5",2000,3.40708055441174,0.772381394779165
"Tile","cpg_island_tile_clock",1322,"Validation","Lasso","Intestines","r2_0.05","min5",2000,6.73961385867988,0.735341291541751
"Tile","cpg_island_tile_clock",1323,"Train","Lasso","Intestines","r2_0.05","nofilter",2000,2.03287250411384,0.88537317552911
"Tile","cpg_island_tile_clock",1323,"Validation","Lasso","Intestines","r2_0.05","nofilter",2000,7.03017964850244,0.498029508026096
"Tile","cpg_island_tile_clock",1324,"Train","Lasso","Intestines","r2_0.05","min10",25000,2.86310119206739,0.761693603688133
"Tile","cpg_island_tile_clock",1324,"Validation","Lasso","Intestines","r2_0.05","min10",25000,9.20245908823709,0.757419979752385
"Tile","cpg_island_tile_clock",1325,"Train","Lasso","Intestines","r2_0.05","min20",25000,4.99703308553123,0.365634912839378
"Tile","cpg_island_tile_clock",1325,"Validation","Lasso","Intestines","r2_0.05","min20",25000,6.50121843535985,0.453367437797526
"Tile","cpg_island_tile_clock",1326,"Train","Lasso","Intestines","r2_0.05","min5",25000,3.35153261764289,0.774529173828814
"Tile","cpg_island_tile_clock",1326,"Validation","Lasso","Intestines","r2_0.05","min5",25000,4.60768896673011,0.526996468254654
"Tile","cpg_island_tile_clock",1327,"Train","Lasso","Intestines","r2_0.05","nofilter",25000,3.30822610255464,0.778706641979229
"Tile","cpg_island_tile_clock",1327,"Validation","Lasso","Intestines","r2_0.05","nofilter",25000,4.60768896673011,0.526996468254654
"Tile","cpg_island_tile_clock",1328,"Train","Lasso","Intestines","r2_0.05","min10",5000,4.53856926959852,0.502684564591742
"Tile","cpg_island_tile_clock",1328,"Validation","Lasso","Intestines","r2_0.05","min10",5000,4.34954042478517,0.669329318709372
"Tile","cpg_island_tile_clock",1329,"Train","Lasso","Intestines","r2_0.05","min20",5000,4.99703308553123,0.365634912839378
"Tile","cpg_island_tile_clock",1329,"Validation","Lasso","Intestines","r2_0.05","min20",5000,6.50121843535985,0.453367437797526
"Tile","cpg_island_tile_clock",1330,"Train","Lasso","Intestines","r2_0.05","min5",5000,5.40868530636526,0.113336969252836
"Tile","cpg_island_tile_clock",1330,"Validation","Lasso","Intestines","r2_0.05","min5",5000,6.59469127661734,0.408082112304493
"Tile","cpg_island_tile_clock",1331,"Train","Lasso","Intestines","r2_0.05","nofilter",5000,1.92208378772665,0.907767092417048
"Tile","cpg_island_tile_clock",1331,"Validation","Lasso","Intestines","r2_0.05","nofilter",5000,8.0202529120059,0.552434652519511
"Tile","cpg_island_tile_clock",1332,"Train","Lasso","Intestines","r2_0.05","min10",500,2.44704710970851,0.820686917624616
"Tile","cpg_island_tile_clock",1332,"Validation","Lasso","Intestines","r2_0.05","min10",500,4.92953805987444,0.59422521609028
"Tile","cpg_island_tile_clock",1333,"Train","Lasso","Intestines","r2_0.05","min20",500,5.03465247616869,0.385048910586628
"Tile","cpg_island_tile_clock",1333,"Validation","Lasso","Intestines","r2_0.05","min20",500,6.63233806686024,0.545092294723727
"Tile","cpg_island_tile_clock",1334,"Train","Lasso","Intestines","r2_0.05","min5",500,4.5884264695614,0.445899003192513
"Tile","cpg_island_tile_clock",1334,"Validation","Lasso","Intestines","r2_0.05","min5",500,4.61940432296133,0.631418294989872
"Tile","cpg_island_tile_clock",1335,"Train","Lasso","Intestines","r2_0.05","nofilter",500,4.5884264695614,0.445899003192513
"Tile","cpg_island_tile_clock",1335,"Validation","Lasso","Intestines","r2_0.05","nofilter",500,4.61940432296133,0.631418294989872
"Tile","cpg_island_tile_clock",1336,"Train","Lasso","Intestines","r2_0.05","min10",50,0.691994472884561,0.988375404390294
"Tile","cpg_island_tile_clock",1336,"Validation","Lasso","Intestines","r2_0.05","min10",50,4.21522225567455,0.740975871222596
"Tile","cpg_island_tile_clock",1337,"Train","Lasso","Intestines","r2_0.05","min20",50,4.88174242061358,0.382980674815814
"Tile","cpg_island_tile_clock",1337,"Validation","Lasso","Intestines","r2_0.05","min20",50,4.68277456785886,0.868241571306383
"Tile","cpg_island_tile_clock",1338,"Train","Lasso","Intestines","r2_0.05","min5",50,1.09355851164546,0.95323805513485
"Tile","cpg_island_tile_clock",1338,"Validation","Lasso","Intestines","r2_0.05","min5",50,3.49805708062848,0.704430132686335
"Tile","cpg_island_tile_clock",1339,"Train","Lasso","Intestines","r2_0.05","nofilter",50,1.35415565436213,0.934640327408498
"Tile","cpg_island_tile_clock",1339,"Validation","Lasso","Intestines","r2_0.05","nofilter",50,3.64077724929295,0.679181329398871
"Tile","cpg_island_tile_clock",1340,"Train","Lasso","Intestines","r2_0.1","min10",1000,2.59357048083324,0.788670752122174
"Tile","cpg_island_tile_clock",1340,"Validation","Lasso","Intestines","r2_0.1","min10",1000,9.49177852830535,0.626439126942083
"Tile","cpg_island_tile_clock",1341,"Train","Lasso","Intestines","r2_0.1","min20",1000,3.07328766398382,0.646317295760653
"Tile","cpg_island_tile_clock",1341,"Validation","Lasso","Intestines","r2_0.1","min20",1000,3.88434912515724,0.588001406744551
"Tile","cpg_island_tile_clock",1342,"Train","Lasso","Intestines","r2_0.1","min5",1000,3.37965971230525,0.717994346012342
"Tile","cpg_island_tile_clock",1342,"Validation","Lasso","Intestines","r2_0.1","min5",1000,3.31728302256974,0.605237846413586
"Tile","cpg_island_tile_clock",1343,"Train","Lasso","Intestines","r2_0.1","nofilter",1000,4.37004192861097,0.389298109273942
"Tile","cpg_island_tile_clock",1343,"Validation","Lasso","Intestines","r2_0.1","nofilter",1000,6.26448584036378,0.675110697986645
"Tile","cpg_island_tile_clock",1344,"Train","Lasso","Intestines","r2_0.1","min10",100,0.417961045888132,0.98508858801086
"Tile","cpg_island_tile_clock",1344,"Validation","Lasso","Intestines","r2_0.1","min10",100,3.85171866548553,0.556579017098978
"Tile","cpg_island_tile_clock",1345,"Train","Lasso","Intestines","r2_0.1","min20",100,4.75054012856087,0.418035384264697
"Tile","cpg_island_tile_clock",1345,"Validation","Lasso","Intestines","r2_0.1","min20",100,7.25501631043152,0.546922526971236
"Tile","cpg_island_tile_clock",1346,"Train","Lasso","Intestines","r2_0.1","min5",100,4.17613746617801,0.538618276725445
"Tile","cpg_island_tile_clock",1346,"Validation","Lasso","Intestines","r2_0.1","min5",100,3.45541910460488,0.724763752503466
"Tile","cpg_island_tile_clock",1347,"Train","Lasso","Intestines","r2_0.1","nofilter",100,4.19473121835362,0.538382855589607
"Tile","cpg_island_tile_clock",1347,"Validation","Lasso","Intestines","r2_0.1","nofilter",100,3.52176659909247,0.782683859539757
"Tile","cpg_island_tile_clock",1348,"Train","Lasso","Intestines","r2_0.1","min10",2000,2.39728229099344,0.807211330146592
"Tile","cpg_island_tile_clock",1348,"Validation","Lasso","Intestines","r2_0.1","min10",2000,9.22703263427659,0.653110524613192
"Tile","cpg_island_tile_clock",1349,"Train","Lasso","Intestines","r2_0.1","min20",2000,3.09943874898599,0.653508025259019
"Tile","cpg_island_tile_clock",1349,"Validation","Lasso","Intestines","r2_0.1","min20",2000,7.18006566666711,0.47204693295863
"Tile","cpg_island_tile_clock",1350,"Train","Lasso","Intestines","r2_0.1","min5",2000,3.65758029650731,0.645046945985123
"Tile","cpg_island_tile_clock",1350,"Validation","Lasso","Intestines","r2_0.1","min5",2000,4.02123521278544,0.681738005703427
"Tile","cpg_island_tile_clock",1351,"Train","Lasso","Intestines","r2_0.1","nofilter",2000,3.73522105425289,0.616493394887967
"Tile","cpg_island_tile_clock",1351,"Validation","Lasso","Intestines","r2_0.1","nofilter",2000,6.87377948716888,0.529694854477075
"Tile","cpg_island_tile_clock",1352,"Train","Lasso","Intestines","r2_0.1","min10",25000,2.82026776145484,0.765983379314108
"Tile","cpg_island_tile_clock",1352,"Validation","Lasso","Intestines","r2_0.1","min10",25000,7.54709900749047,0.560388469409551
"Tile","cpg_island_tile_clock",1353,"Train","Lasso","Intestines","r2_0.1","min20",25000,2.54265278729616,0.686993969445859
"Tile","cpg_island_tile_clock",1353,"Validation","Lasso","Intestines","r2_0.1","min20",25000,10.4834569974531,0.518819250342862
"Tile","cpg_island_tile_clock",1354,"Train","Lasso","Intestines","r2_0.1","min5",25000,5.09585289911295,0.257127624143741
"Tile","cpg_island_tile_clock",1354,"Validation","Lasso","Intestines","r2_0.1","min5",25000,7.11779703662337,0.544984263454666
"Tile","cpg_island_tile_clock",1355,"Train","Lasso","Intestines","r2_0.1","nofilter",25000,5.04233080837968,0.2544099775097
"Tile","cpg_island_tile_clock",1355,"Validation","Lasso","Intestines","r2_0.1","nofilter",25000,7.0855041454862,0.550550587974283
"Tile","cpg_island_tile_clock",1356,"Train","Lasso","Intestines","r2_0.1","min10",5000,2.82026776145484,0.765983379314108
"Tile","cpg_island_tile_clock",1356,"Validation","Lasso","Intestines","r2_0.1","min10",5000,7.54709900749047,0.560388469409551
"Tile","cpg_island_tile_clock",1357,"Train","Lasso","Intestines","r2_0.1","min20",5000,2.54265278729616,0.686993969445859
"Tile","cpg_island_tile_clock",1357,"Validation","Lasso","Intestines","r2_0.1","min20",5000,10.4834569974531,0.518819250342862
"Tile","cpg_island_tile_clock",1358,"Train","Lasso","Intestines","r2_0.1","min5",5000,5.09585289911295,0.257127624143741
"Tile","cpg_island_tile_clock",1358,"Validation","Lasso","Intestines","r2_0.1","min5",5000,7.11779703662337,0.544984263454666
"Tile","cpg_island_tile_clock",1359,"Train","Lasso","Intestines","r2_0.1","nofilter",5000,5.04233080837968,0.2544099775097
"Tile","cpg_island_tile_clock",1359,"Validation","Lasso","Intestines","r2_0.1","nofilter",5000,7.0855041454862,0.550550587974283
"Tile","cpg_island_tile_clock",1360,"Train","Lasso","Intestines","r2_0.1","min10",500,3.43212062724882,0.676071555437343
"Tile","cpg_island_tile_clock",1360,"Validation","Lasso","Intestines","r2_0.1","min10",500,10.8866204073189,0.502237103217968
"Tile","cpg_island_tile_clock",1361,"Train","Lasso","Intestines","r2_0.1","min20",500,2.95691131216408,0.63070382170321
"Tile","cpg_island_tile_clock",1361,"Validation","Lasso","Intestines","r2_0.1","min20",500,4.76998423221029,0.478144754198363
"Tile","cpg_island_tile_clock",1362,"Train","Lasso","Intestines","r2_0.1","min5",500,4.70739070017494,0.409385994047416
"Tile","cpg_island_tile_clock",1362,"Validation","Lasso","Intestines","r2_0.1","min5",500,1.99190885174183,0.885587507634289
"Tile","cpg_island_tile_clock",1363,"Train","Lasso","Intestines","r2_0.1","nofilter",500,3.80011887204566,0.55352476147649
"Tile","cpg_island_tile_clock",1363,"Validation","Lasso","Intestines","r2_0.1","nofilter",500,2.87262347161362,0.654662724049159
"Tile","cpg_island_tile_clock",1364,"Train","Lasso","Intestines","r2_0.1","min10",50,2.21039483192674,0.807214823377454
"Tile","cpg_island_tile_clock",1364,"Validation","Lasso","Intestines","r2_0.1","min10",50,7.79981088100734,0.451500637556028
"Tile","cpg_island_tile_clock",1365,"Train","Lasso","Intestines","r2_0.1","min20",50,2.15911578805498,0.707221923527871
"Tile","cpg_island_tile_clock",1365,"Validation","Lasso","Intestines","r2_0.1","min20",50,4.35357434948266,0.458362142902127
"Tile","cpg_island_tile_clock",1366,"Train","Lasso","Intestines","r2_0.1","min5",50,3.88115784586856,0.702969325477584
"Tile","cpg_island_tile_clock",1366,"Validation","Lasso","Intestines","r2_0.1","min5",50,6.77858061112677,0.649505263426188
"Tile","cpg_island_tile_clock",1367,"Train","Lasso","Intestines","r2_0.1","nofilter",50,3.93058121058319,0.698527412998693
"Tile","cpg_island_tile_clock",1367,"Validation","Lasso","Intestines","r2_0.1","nofilter",50,10.6316613740329,0.501180860995236
"Tile","cpg_island_tile_clock",1368,"Train","Lasso","Intestines","r2_0.2","min10",1000,4.64403509851157,0.3689225309557
"Tile","cpg_island_tile_clock",1368,"Validation","Lasso","Intestines","r2_0.2","min10",1000,6.67308817627111,0.545579058144538
"Tile","cpg_island_tile_clock",1369,"Train","Lasso","Intestines","r2_0.2","min20",1000,2.51084788730836,0.665074091016066
"Tile","cpg_island_tile_clock",1369,"Validation","Lasso","Intestines","r2_0.2","min20",1000,3.91999377715725,0.691856610759158
"Tile","cpg_island_tile_clock",1370,"Train","Lasso","Intestines","r2_0.2","min5",1000,3.34352139743271,0.666110929024584
"Tile","cpg_island_tile_clock",1370,"Validation","Lasso","Intestines","r2_0.2","min5",1000,6.15659645876512,0.592398417050602
"Tile","cpg_island_tile_clock",1371,"Train","Lasso","Intestines","r2_0.2","nofilter",1000,3.60391898971685,0.558280475627251
"Tile","cpg_island_tile_clock",1371,"Validation","Lasso","Intestines","r2_0.2","nofilter",1000,6.0470637754381,0.610229426499773
"Tile","cpg_island_tile_clock",1372,"Train","Lasso","Intestines","r2_0.2","min10",100,2.37565054514568,0.797997537780288
"Tile","cpg_island_tile_clock",1372,"Validation","Lasso","Intestines","r2_0.2","min10",100,4.00233906192155,0.479212835723678
"Tile","cpg_island_tile_clock",1373,"Train","Lasso","Intestines","r2_0.2","min20",100,3.16780005933918,0.669394382535196
"Tile","cpg_island_tile_clock",1373,"Validation","Lasso","Intestines","r2_0.2","min20",100,6.86826943569833,0.667983547367614
"Tile","cpg_island_tile_clock",1374,"Train","Lasso","Intestines","r2_0.2","min5",100,2.291647992565,0.826669172756416
"Tile","cpg_island_tile_clock",1374,"Validation","Lasso","Intestines","r2_0.2","min5",100,9.02223564145575,0.597707788965018
"Tile","cpg_island_tile_clock",1375,"Train","Lasso","Intestines","r2_0.2","nofilter",100,3.46370520400168,0.690169183033796
"Tile","cpg_island_tile_clock",1375,"Validation","Lasso","Intestines","r2_0.2","nofilter",100,9.3217311976096,0.823869153260128
"Tile","cpg_island_tile_clock",1376,"Train","Lasso","Intestines","r2_0.2","min10",2000,4.46589595056988,0.444102539646669
"Tile","cpg_island_tile_clock",1376,"Validation","Lasso","Intestines","r2_0.2","min10",2000,5.86327914505004,0.494506310632612
"Tile","cpg_island_tile_clock",1377,"Train","Lasso","Intestines","r2_0.2","min20",2000,2.69262303858135,0.701791032209426
"Tile","cpg_island_tile_clock",1377,"Validation","Lasso","Intestines","r2_0.2","min20",2000,5.767789893988,0.679136049011336
"Tile","cpg_island_tile_clock",1378,"Train","Lasso","Intestines","r2_0.2","min5",2000,3.68200548818743,0.480040447581448
"Tile","cpg_island_tile_clock",1378,"Validation","Lasso","Intestines","r2_0.2","min5",2000,6.76643395959331,0.658067909641712
"Tile","cpg_island_tile_clock",1379,"Train","Lasso","Intestines","r2_0.2","nofilter",2000,3.04751529836157,0.71422690257128
"Tile","cpg_island_tile_clock",1379,"Validation","Lasso","Intestines","r2_0.2","nofilter",2000,6.7545269135973,0.556766106987356
"Tile","cpg_island_tile_clock",1380,"Train","Lasso","Intestines","r2_0.2","min10",25000,4.09656483660281,0.536233743342195
"Tile","cpg_island_tile_clock",1380,"Validation","Lasso","Intestines","r2_0.2","min10",25000,4.97542821855694,0.444062812829101
"Tile","cpg_island_tile_clock",1381,"Train","Lasso","Intestines","r2_0.2","min20",25000,2.86610700857496,0.638152927676937
"Tile","cpg_island_tile_clock",1381,"Validation","Lasso","Intestines","r2_0.2","min20",25000,4.55566412906929,0.4674256840303
"Tile","cpg_island_tile_clock",1382,"Train","Lasso","Intestines","r2_0.2","min5",25000,3.04751529547455,0.714226902999874
"Tile","cpg_island_tile_clock",1382,"Validation","Lasso","Intestines","r2_0.2","min5",25000,6.19832871568799,0.546569224695438
"Tile","cpg_island_tile_clock",1383,"Train","Lasso","Intestines","r2_0.2","nofilter",25000,3.11251824078508,0.687603200655761
"Tile","cpg_island_tile_clock",1383,"Validation","Lasso","Intestines","r2_0.2","nofilter",25000,5.90712315026769,0.624223449698699
"Tile","cpg_island_tile_clock",1384,"Train","Lasso","Intestines","r2_0.2","min10",5000,4.09656483660281,0.536233743342195
"Tile","cpg_island_tile_clock",1384,"Validation","Lasso","Intestines","r2_0.2","min10",5000,4.97542821855694,0.444062812829101
"Tile","cpg_island_tile_clock",1385,"Train","Lasso","Intestines","r2_0.2","min20",5000,2.86610700857496,0.638152927676937
"Tile","cpg_island_tile_clock",1385,"Validation","Lasso","Intestines","r2_0.2","min20",5000,4.55566412906929,0.4674256840303
"Tile","cpg_island_tile_clock",1386,"Train","Lasso","Intestines","r2_0.2","min5",5000,3.04751529547455,0.714226902999874
"Tile","cpg_island_tile_clock",1386,"Validation","Lasso","Intestines","r2_0.2","min5",5000,6.19832871568799,0.546569224695438
"Tile","cpg_island_tile_clock",1387,"Train","Lasso","Intestines","r2_0.2","nofilter",5000,3.11251824078508,0.687603200655761
"Tile","cpg_island_tile_clock",1387,"Validation","Lasso","Intestines","r2_0.2","nofilter",5000,5.90712315026769,0.624223449698699
"Tile","cpg_island_tile_clock",1388,"Train","Lasso","Intestines","r2_0.2","min10",500,4.43291522739435,0.421628579624843
"Tile","cpg_island_tile_clock",1388,"Validation","Lasso","Intestines","r2_0.2","min10",500,4.77404794692749,0.462923421332946
"Tile","cpg_island_tile_clock",1389,"Train","Lasso","Intestines","r2_0.2","min20",500,3.41580294095917,0.515662962855628
"Tile","cpg_island_tile_clock",1389,"Validation","Lasso","Intestines","r2_0.2","min20",500,3.83757591331852,0.486702393734173
"Tile","cpg_island_tile_clock",1390,"Train","Lasso","Intestines","r2_0.2","min5",500,3.54458250701807,0.612026963892638
"Tile","cpg_island_tile_clock",1390,"Validation","Lasso","Intestines","r2_0.2","min5",500,4.25303980599333,0.526424378495395
"Tile","cpg_island_tile_clock",1391,"Train","Lasso","Intestines","r2_0.2","nofilter",500,4.09907316447219,0.434801755108016
"Tile","cpg_island_tile_clock",1391,"Validation","Lasso","Intestines","r2_0.2","nofilter",500,6.13513228532309,0.697748623922724
"Tile","cpg_island_tile_clock",1392,"Train","Lasso","Intestines","r2_0.2","min10",50,1.82935150179296,0.92954653273861
"Tile","cpg_island_tile_clock",1392,"Validation","Lasso","Intestines","r2_0.2","min10",50,3.38390983959369,0.679018486776795
"Tile","cpg_island_tile_clock",1393,"Train","Lasso","Intestines","r2_0.2","min20",50,2.45350303192492,0.71554010174875
"Tile","cpg_island_tile_clock",1393,"Validation","Lasso","Intestines","r2_0.2","min20",50,7.37999111855671,0.625664952676753
"Tile","cpg_island_tile_clock",1394,"Train","Lasso","Intestines","r2_0.2","min5",50,3.28030118790135,0.706445864752438
"Tile","cpg_island_tile_clock",1394,"Validation","Lasso","Intestines","r2_0.2","min5",50,7.55694308933773,0.729473279959469
"Tile","cpg_island_tile_clock",1395,"Train","Lasso","Intestines","r2_0.2","nofilter",50,3.66918694082046,0.627400665067237
"Tile","cpg_island_tile_clock",1395,"Validation","Lasso","Intestines","r2_0.2","nofilter",50,7.87237561995248,0.531942387402128
"Tile","cpg_island_tile_clock",1396,"Train","Lasso","Intestines","r2_0.3","min10",1000,3.79351695476532,0.53220259998286
"Tile","cpg_island_tile_clock",1396,"Validation","Lasso","Intestines","r2_0.3","min10",1000,9.63272580615839,0.456346498977662
"Tile","cpg_island_tile_clock",1397,"Train","Lasso","Intestines","r2_0.3","min20",1000,4.12498462114707,0.361229059711276
"Tile","cpg_island_tile_clock",1397,"Validation","Lasso","Intestines","r2_0.3","min20",1000,4.75154348128335,0.533569504442402
"Tile","cpg_island_tile_clock",1398,"Train","Lasso","Intestines","r2_0.3","min5",1000,4.40671848426643,0.235949995700102
"Tile","cpg_island_tile_clock",1398,"Validation","Lasso","Intestines","r2_0.3","min5",1000,6.47553691705344,0.589430934561971
"Tile","cpg_island_tile_clock",1399,"Train","Lasso","Intestines","r2_0.3","nofilter",1000,4.40671848426643,0.235949995700102
"Tile","cpg_island_tile_clock",1399,"Validation","Lasso","Intestines","r2_0.3","nofilter",1000,6.47553691705344,0.589430934561971
"Tile","cpg_island_tile_clock",1400,"Train","Lasso","Intestines","r2_0.3","min10",100,2.6346714590827,0.763053149355027
"Tile","cpg_island_tile_clock",1400,"Validation","Lasso","Intestines","r2_0.3","min10",100,7.94365259316272,0.46196329272657
"Tile","cpg_island_tile_clock",1401,"Train","Lasso","Intestines","r2_0.3","min20",100,2.95360573745542,0.748383963074191
"Tile","cpg_island_tile_clock",1401,"Validation","Lasso","Intestines","r2_0.3","min20",100,4.19793715063217,0.496526369745412
"Tile","cpg_island_tile_clock",1402,"Train","Lasso","Intestines","r2_0.3","min5",100,4.89247847667493,0.319295064319102
"Tile","cpg_island_tile_clock",1402,"Validation","Lasso","Intestines","r2_0.3","min5",100,6.14615797233985,0.497914886016973
"Tile","cpg_island_tile_clock",1403,"Train","Lasso","Intestines","r2_0.3","nofilter",100,4.1110748246257,0.411520642182683
"Tile","cpg_island_tile_clock",1403,"Validation","Lasso","Intestines","r2_0.3","nofilter",100,6.54133136110007,0.49543917885115
"Tile","cpg_island_tile_clock",1404,"Train","Lasso","Intestines","r2_0.3","min10",2000,3.07441240541707,0.66251604497234
"Tile","cpg_island_tile_clock",1404,"Validation","Lasso","Intestines","r2_0.3","min10",2000,4.69061862967053,0.531350411877433
"Tile","cpg_island_tile_clock",1405,"Train","Lasso","Intestines","r2_0.3","min20",2000,3.69393036436451,0.473537426679492
"Tile","cpg_island_tile_clock",1405,"Validation","Lasso","Intestines","r2_0.3","min20",2000,5.84146452596865,0.559642986299883
"Tile","cpg_island_tile_clock",1406,"Train","Lasso","Intestines","r2_0.3","min5",2000,4.72985250434632,0.299291328246132
"Tile","cpg_island_tile_clock",1406,"Validation","Lasso","Intestines","r2_0.3","min5",2000,6.23380050750628,0.391750512329035
"Tile","cpg_island_tile_clock",1407,"Train","Lasso","Intestines","r2_0.3","nofilter",2000,4.72985250434632,0.299291328246132
"Tile","cpg_island_tile_clock",1407,"Validation","Lasso","Intestines","r2_0.3","nofilter",2000,6.23380050750628,0.391750512329035
"Tile","cpg_island_tile_clock",1408,"Train","Lasso","Intestines","r2_0.3","min10",25000,4.40243631206526,0.395842825254823
"Tile","cpg_island_tile_clock",1408,"Validation","Lasso","Intestines","r2_0.3","min10",25000,4.08923348858205,0.528131600159219
"Tile","cpg_island_tile_clock",1409,"Train","Lasso","Intestines","r2_0.3","min20",25000,3.9652216822755,0.355647772077223
"Tile","cpg_island_tile_clock",1409,"Validation","Lasso","Intestines","r2_0.3","min20",25000,6.85488680033877,0.445783386260903
"Tile","cpg_island_tile_clock",1410,"Train","Lasso","Intestines","r2_0.3","min5",25000,4.72985250434632,0.299291328246132
"Tile","cpg_island_tile_clock",1410,"Validation","Lasso","Intestines","r2_0.3","min5",25000,6.23380050750628,0.391750512329035
"Tile","cpg_island_tile_clock",1411,"Train","Lasso","Intestines","r2_0.3","nofilter",25000,4.72985250434632,0.299291328246132
"Tile","cpg_island_tile_clock",1411,"Validation","Lasso","Intestines","r2_0.3","nofilter",25000,6.23380050750628,0.391750512329035
"Tile","cpg_island_tile_clock",1412,"Train","Lasso","Intestines","r2_0.3","min10",5000,4.40243631206526,0.395842825254823
"Tile","cpg_island_tile_clock",1412,"Validation","Lasso","Intestines","r2_0.3","min10",5000,4.08923348858205,0.528131600159219
"Tile","cpg_island_tile_clock",1413,"Train","Lasso","Intestines","r2_0.3","min20",5000,3.9652216822755,0.355647772077223
"Tile","cpg_island_tile_clock",1413,"Validation","Lasso","Intestines","r2_0.3","min20",5000,6.85488680033877,0.445783386260903
"Tile","cpg_island_tile_clock",1414,"Train","Lasso","Intestines","r2_0.3","min5",5000,4.72985250434632,0.299291328246132
"Tile","cpg_island_tile_clock",1414,"Validation","Lasso","Intestines","r2_0.3","min5",5000,6.23380050750628,0.391750512329035
"Tile","cpg_island_tile_clock",1415,"Train","Lasso","Intestines","r2_0.3","nofilter",5000,4.72985250434632,0.299291328246132
"Tile","cpg_island_tile_clock",1415,"Validation","Lasso","Intestines","r2_0.3","nofilter",5000,6.23380050750628,0.391750512329035
"Tile","cpg_island_tile_clock",1416,"Train","Lasso","Intestines","r2_0.3","min10",500,3.22782052252022,0.656300869159477
"Tile","cpg_island_tile_clock",1416,"Validation","Lasso","Intestines","r2_0.3","min10",500,5.84349389386984,0.519016182959912
"Tile","cpg_island_tile_clock",1417,"Train","Lasso","Intestines","r2_0.3","min20",500,3.88548245132856,0.483234381584595
"Tile","cpg_island_tile_clock",1417,"Validation","Lasso","Intestines","r2_0.3","min20",500,4.6466216226154,0.516041527166852
"Tile","cpg_island_tile_clock",1418,"Train","Lasso","Intestines","r2_0.3","min5",500,4.60690014407672,0.389480599183359
"Tile","cpg_island_tile_clock",1418,"Validation","Lasso","Intestines","r2_0.3","min5",500,5.97463667623782,0.606909081554434
"Tile","cpg_island_tile_clock",1419,"Train","Lasso","Intestines","r2_0.3","nofilter",500,4.60690014407672,0.389480599183359
"Tile","cpg_island_tile_clock",1419,"Validation","Lasso","Intestines","r2_0.3","nofilter",500,5.97463667623782,0.606909081554434
"Tile","cpg_island_tile_clock",1420,"Train","Lasso","Intestines","r2_0.3","min10",50,2.98187612220537,0.727492295879848
"Tile","cpg_island_tile_clock",1420,"Validation","Lasso","Intestines","r2_0.3","min10",50,4.31306056929965,0.536452943543729
"Tile","cpg_island_tile_clock",1421,"Train","Lasso","Intestines","r2_0.3","min20",50,1.71024163774844,0.752642656458098
"Tile","cpg_island_tile_clock",1421,"Validation","Lasso","Intestines","r2_0.3","min20",50,7.48027899197827,0.607131490047769
"Tile","cpg_island_tile_clock",1422,"Train","Lasso","Intestines","r2_0.3","min5",50,4.80802867426749,0.282753529655683
"Tile","cpg_island_tile_clock",1422,"Validation","Lasso","Intestines","r2_0.3","min5",50,5.8901496548628,0.531225056248164
"Tile","cpg_island_tile_clock",1423,"Train","Lasso","Intestines","r2_0.3","nofilter",50,4.80802867426749,0.282753529655683
"Tile","cpg_island_tile_clock",1423,"Validation","Lasso","Intestines","r2_0.3","nofilter",50,5.8901496548628,0.531225056248164
"Tile","whole_genome_tile_clock",1424,"Train","Lasso","All_organs","r2_0.05","min10",1000,0.483075160644288,0.984346628925035
"Tile","whole_genome_tile_clock",1424,"Validation","Lasso","All_organs","r2_0.05","min10",1000,4.35606798450568,0.368836295471999
"Tile","whole_genome_tile_clock",1425,"Train","Lasso","All_organs","r2_0.05","min20",1000,1.2450584069993,0.917179784947125
"Tile","whole_genome_tile_clock",1425,"Validation","Lasso","All_organs","r2_0.05","min20",1000,4.4627227692269,0.364116855876381
"Tile","whole_genome_tile_clock",1426,"Train","Lasso","All_organs","r2_0.05","min5",1000,0.171832269028352,0.999721279284398
"Tile","whole_genome_tile_clock",1426,"Validation","Lasso","All_organs","r2_0.05","min5",1000,7.56500328140246,0.224361497136739
"Tile","whole_genome_tile_clock",1427,"Train","Lasso","All_organs","r2_0.05","nofilter",1000,0.184627209491255,0.999636881331125
"Tile","whole_genome_tile_clock",1427,"Validation","Lasso","All_organs","r2_0.05","nofilter",1000,4.45107150235252,0.325259060700659
"Tile","whole_genome_tile_clock",1428,"Train","Lasso","All_organs","r2_0.05","min10",100,1.50321782781483,0.972697553575433
"Tile","whole_genome_tile_clock",1428,"Validation","Lasso","All_organs","r2_0.05","min10",100,4.37063137650548,0.295913821237881
"Tile","whole_genome_tile_clock",1429,"Train","Lasso","All_organs","r2_0.05","min20",100,1.56985097559653,0.95781782272102
"Tile","whole_genome_tile_clock",1429,"Validation","Lasso","All_organs","r2_0.05","min20",100,7.1584945181341,0.246528538260329
"Tile","whole_genome_tile_clock",1430,"Train","Lasso","All_organs","r2_0.05","min5",100,1.27275464561235,0.983672012107949
"Tile","whole_genome_tile_clock",1430,"Validation","Lasso","All_organs","r2_0.05","min5",100,3.9650260051216,0.286721925060809
"Tile","whole_genome_tile_clock",1431,"Train","Lasso","All_organs","r2_0.05","nofilter",100,1.02826292962586,0.987868295207609
"Tile","whole_genome_tile_clock",1431,"Validation","Lasso","All_organs","r2_0.05","nofilter",100,4.14120482124817,0.340985857047533
"Tile","whole_genome_tile_clock",1432,"Train","Lasso","All_organs","r2_0.05","min10",2000,0.162469216904795,0.999634426250774
"Tile","whole_genome_tile_clock",1432,"Validation","Lasso","All_organs","r2_0.05","min10",2000,3.92929853822456,0.433708941268261
"Tile","whole_genome_tile_clock",1433,"Train","Lasso","All_organs","r2_0.05","min20",2000,0.143530073646724,0.998678230325178
"Tile","whole_genome_tile_clock",1433,"Validation","Lasso","All_organs","r2_0.05","min20",2000,6.34941067094125,0.266932925168013
"Tile","whole_genome_tile_clock",1434,"Train","Lasso","All_organs","r2_0.05","min5",2000,0.175948675890887,0.999720786868217
"Tile","whole_genome_tile_clock",1434,"Validation","Lasso","All_organs","r2_0.05","min5",2000,4.3211304256438,0.333998333528676
"Tile","whole_genome_tile_clock",1435,"Train","Lasso","All_organs","r2_0.05","nofilter",2000,1.40907576340744,0.974534379342949
"Tile","whole_genome_tile_clock",1435,"Validation","Lasso","All_organs","r2_0.05","nofilter",2000,4.7555067557167,0.332932817283066
"Tile","whole_genome_tile_clock",1436,"Train","Lasso","All_organs","r2_0.05","min10",25000,0.272874054879864,0.996338296996392
"Tile","whole_genome_tile_clock",1436,"Validation","Lasso","All_organs","r2_0.05","min10",25000,4.40394250673786,0.384465769353644
"Tile","whole_genome_tile_clock",1437,"Train","Lasso","All_organs","r2_0.05","min20",25000,2.29062556895442,0.833327296929738
"Tile","whole_genome_tile_clock",1437,"Validation","Lasso","All_organs","r2_0.05","min20",25000,4.45303565315243,0.311301535509087
"Tile","whole_genome_tile_clock",1438,"Train","Lasso","All_organs","r2_0.05","min5",25000,0.162900991013362,0.999280435501957
"Tile","whole_genome_tile_clock",1438,"Validation","Lasso","All_organs","r2_0.05","min5",25000,4.80676258826667,0.313551071855939
"Tile","whole_genome_tile_clock",1439,"Train","Lasso","All_organs","r2_0.05","nofilter",25000,0.395632781220759,0.996096469870244
"Tile","whole_genome_tile_clock",1439,"Validation","Lasso","All_organs","r2_0.05","nofilter",25000,4.55434776208712,0.264012459087304
"Tile","whole_genome_tile_clock",1440,"Train","Lasso","All_organs","r2_0.05","min10",5000,0.165862815689279,0.999582831217658
"Tile","whole_genome_tile_clock",1440,"Validation","Lasso","All_organs","r2_0.05","min10",5000,6.90056116725502,0.31118847927795
"Tile","whole_genome_tile_clock",1441,"Train","Lasso","All_organs","r2_0.05","min20",5000,2.17296336309001,0.911034113466135
"Tile","whole_genome_tile_clock",1441,"Validation","Lasso","All_organs","r2_0.05","min20",5000,4.98235266183014,0.297757763977
"Tile","whole_genome_tile_clock",1442,"Train","Lasso","All_organs","r2_0.05","min5",5000,0.216740455735994,0.99943842223511
"Tile","whole_genome_tile_clock",1442,"Validation","Lasso","All_organs","r2_0.05","min5",5000,4.03950876619876,0.42753418944265
"Tile","whole_genome_tile_clock",1443,"Train","Lasso","All_organs","r2_0.05","nofilter",5000,0.182123305799906,0.999612476905704
"Tile","whole_genome_tile_clock",1443,"Validation","Lasso","All_organs","r2_0.05","nofilter",5000,7.89461385265205,0.307081181734573
"Tile","whole_genome_tile_clock",1444,"Train","Lasso","All_organs","r2_0.05","min10",500,1.28049606181887,0.962515739564935
"Tile","whole_genome_tile_clock",1444,"Validation","Lasso","All_organs","r2_0.05","min10",500,4.5179276495097,0.335319299282337
"Tile","whole_genome_tile_clock",1445,"Train","Lasso","All_organs","r2_0.05","min20",500,4.30642439054443,0.528918038765433
"Tile","whole_genome_tile_clock",1445,"Validation","Lasso","All_organs","r2_0.05","min20",500,4.64905549293997,0.306404685249746
"Tile","whole_genome_tile_clock",1446,"Train","Lasso","All_organs","r2_0.05","min5",500,0.752763476683334,0.990013602350187
"Tile","whole_genome_tile_clock",1446,"Validation","Lasso","All_organs","r2_0.05","min5",500,4.46492497274746,0.251250955116134
"Tile","whole_genome_tile_clock",1447,"Train","Lasso","All_organs","r2_0.05","nofilter",500,2.99375989365103,0.840836035421769
"Tile","whole_genome_tile_clock",1447,"Validation","Lasso","All_organs","r2_0.05","nofilter",500,4.87231489332502,0.402399512052421
"Tile","whole_genome_tile_clock",1448,"Train","Lasso","All_organs","r2_0.05","min10",50,0.167684896949228,0.99970175660951
"Tile","whole_genome_tile_clock",1448,"Validation","Lasso","All_organs","r2_0.05","min10",50,7.34212745972575,0.290514605443694
"Tile","whole_genome_tile_clock",1449,"Train","Lasso","All_organs","r2_0.05","min20",50,0.157563551988659,0.999566047004912
"Tile","whole_genome_tile_clock",1449,"Validation","Lasso","All_organs","r2_0.05","min20",50,4.93212574548094,0.327559907731408
"Tile","whole_genome_tile_clock",1450,"Train","Lasso","All_organs","r2_0.1","min10",1000,0.155778101182769,0.999506310325606
"Tile","whole_genome_tile_clock",1450,"Validation","Lasso","All_organs","r2_0.1","min10",1000,4.76543514942809,0.318470205783477
"Tile","whole_genome_tile_clock",1451,"Train","Lasso","All_organs","r2_0.1","min20",1000,0.887431030730179,0.963297630296975
"Tile","whole_genome_tile_clock",1451,"Validation","Lasso","All_organs","r2_0.1","min20",1000,5.32869263954751,0.30833544610752
"Tile","whole_genome_tile_clock",1452,"Train","Lasso","All_organs","r2_0.1","min5",1000,0.167672602527246,0.999651037816192
"Tile","whole_genome_tile_clock",1452,"Validation","Lasso","All_organs","r2_0.1","min5",1000,4.00334475835091,0.378964368557214
"Tile","whole_genome_tile_clock",1453,"Train","Lasso","All_organs","r2_0.1","nofilter",1000,0.166362497903676,0.999627578638809
"Tile","whole_genome_tile_clock",1453,"Validation","Lasso","All_organs","r2_0.1","nofilter",1000,4.23552272358825,0.410362592760761
"Tile","whole_genome_tile_clock",1454,"Train","Lasso","All_organs","r2_0.1","min10",100,0.166097459761199,0.9994991811642
"Tile","whole_genome_tile_clock",1454,"Validation","Lasso","All_organs","r2_0.1","min10",100,4.37807759116671,0.296422349982246
"Tile","whole_genome_tile_clock",1455,"Train","Lasso","All_organs","r2_0.1","min20",100,0.272900126852738,0.996163348683565
"Tile","whole_genome_tile_clock",1455,"Validation","Lasso","All_organs","r2_0.1","min20",100,7.74013236594889,0.280627530855129
"Tile","whole_genome_tile_clock",1456,"Train","Lasso","All_organs","r2_0.1","min5",100,0.166193590908042,0.999609741255033
"Tile","whole_genome_tile_clock",1456,"Validation","Lasso","All_organs","r2_0.1","min5",100,9.14391813511738,0.609958040219295
"Tile","whole_genome_tile_clock",1457,"Train","Lasso","All_organs","r2_0.1","nofilter",100,1.37211442133472,0.980671257127227
"Tile","whole_genome_tile_clock",1457,"Validation","Lasso","All_organs","r2_0.1","nofilter",100,9.09106302703511,0.614391050512622
"Tile","whole_genome_tile_clock",1458,"Train","Lasso","All_organs","r2_0.1","min10",2000,0.190142746976916,0.998794732201167
"Tile","whole_genome_tile_clock",1458,"Validation","Lasso","All_organs","r2_0.1","min10",2000,4.25898183434523,0.299628166421894
"Tile","whole_genome_tile_clock",1459,"Train","Lasso","All_organs","r2_0.1","min20",2000,0.469600001286511,0.981791196376347
"Tile","whole_genome_tile_clock",1459,"Validation","Lasso","All_organs","r2_0.1","min20",2000,4.9389530058047,0.281426553900238
"Tile","whole_genome_tile_clock",1460,"Train","Lasso","All_organs","r2_0.1","min5",2000,0.169832296389237,0.999566243509893
"Tile","whole_genome_tile_clock",1460,"Validation","Lasso","All_organs","r2_0.1","min5",2000,4.1459291864632,0.388857579345117
"Tile","whole_genome_tile_clock",1461,"Train","Lasso","All_organs","r2_0.1","nofilter",2000,1.23871248570469,0.975358794465438
"Tile","whole_genome_tile_clock",1461,"Validation","Lasso","All_organs","r2_0.1","nofilter",2000,3.97539709229981,0.398032102175659
"Tile","whole_genome_tile_clock",1462,"Train","Lasso","All_organs","r2_0.1","min10",25000,2.91925030179549,0.780433639359572
"Tile","whole_genome_tile_clock",1462,"Validation","Lasso","All_organs","r2_0.1","min10",25000,4.15548246853928,0.43945633914873
"Tile","whole_genome_tile_clock",1463,"Train","Lasso","All_organs","r2_0.1","min20",25000,1.28908379531247,0.930715923842936
"Tile","whole_genome_tile_clock",1463,"Validation","Lasso","All_organs","r2_0.1","min20",25000,4.13462275942312,0.462041814156197
"Tile","whole_genome_tile_clock",1464,"Train","Lasso","All_organs","r2_0.1","min5",25000,4.30262859827865,0.53249601782221
"Tile","whole_genome_tile_clock",1464,"Validation","Lasso","All_organs","r2_0.1","min5",25000,4.33814976478542,0.477793623140042
"Tile","whole_genome_tile_clock",1465,"Train","Lasso","All_organs","r2_0.1","nofilter",25000,1.95029937600098,0.869781677554558
"Tile","whole_genome_tile_clock",1465,"Validation","Lasso","All_organs","r2_0.1","nofilter",25000,4.4436103662273,0.297693011538246
"Tile","whole_genome_tile_clock",1466,"Train","Lasso","All_organs","r2_0.1","min10",5000,0.670519175187602,0.989008753932414
"Tile","whole_genome_tile_clock",1466,"Validation","Lasso","All_organs","r2_0.1","min10",5000,4.4702883387468,0.309306031813194
"Tile","whole_genome_tile_clock",1467,"Train","Lasso","All_organs","r2_0.1","min20",5000,0.851409892755825,0.965288976470342
"Tile","whole_genome_tile_clock",1467,"Validation","Lasso","All_organs","r2_0.1","min20",5000,4.91045206075035,0.178773756733108
"Tile","whole_genome_tile_clock",1468,"Train","Lasso","All_organs","r2_0.1","min5",5000,0.626169972442713,0.994065282126373
"Tile","whole_genome_tile_clock",1468,"Validation","Lasso","All_organs","r2_0.1","min5",5000,5.02692368000078,0.258974819497158
"Tile","whole_genome_tile_clock",1469,"Train","Lasso","All_organs","r2_0.1","nofilter",5000,3.30795335788924,0.804744767411737
"Tile","whole_genome_tile_clock",1469,"Validation","Lasso","All_organs","r2_0.1","nofilter",5000,4.09228542607621,0.368201814619377
"Tile","whole_genome_tile_clock",1470,"Train","Lasso","All_organs","r2_0.1","min10",500,0.688580049350828,0.986562992882823
"Tile","whole_genome_tile_clock",1470,"Validation","Lasso","All_organs","r2_0.1","min10",500,4.05005770052623,0.360941819513614
"Tile","whole_genome_tile_clock",1471,"Train","Lasso","All_organs","r2_0.1","min20",500,1.08441400077898,0.95606221333935
"Tile","whole_genome_tile_clock",1471,"Validation","Lasso","All_organs","r2_0.1","min20",500,4.72987848186034,0.278022310473549
"Tile","whole_genome_tile_clock",1472,"Train","Lasso","All_organs","r2_0.1","min5",500,0.168295504584479,0.999599867330694
"Tile","whole_genome_tile_clock",1472,"Validation","Lasso","All_organs","r2_0.1","min5",500,7.78945137953938,0.293937197918811
"Tile","whole_genome_tile_clock",1473,"Train","Lasso","All_organs","r2_0.1","nofilter",500,0.169237187248051,0.999572535472229
"Tile","whole_genome_tile_clock",1473,"Validation","Lasso","All_organs","r2_0.1","nofilter",500,7.64352208956427,0.329753435149211
"Tile","whole_genome_tile_clock",1474,"Train","Lasso","All_organs","r2_0.1","min10",50,2.29437117408477,0.927455488238046
"Tile","whole_genome_tile_clock",1474,"Validation","Lasso","All_organs","r2_0.1","min10",50,7.32474853100961,0.365709928354771
"Tile","whole_genome_tile_clock",1475,"Train","Lasso","All_organs","r2_0.1","min20",50,0.460649876083675,0.99438452207887
"Tile","whole_genome_tile_clock",1475,"Validation","Lasso","All_organs","r2_0.1","min20",50,4.79016182238236,0.300756369821369
"Tile","whole_genome_tile_clock",1476,"Train","Lasso","All_organs","r2_0.1","min5",50,0.172132539227354,0.999725739549184
"Tile","whole_genome_tile_clock",1476,"Validation","Lasso","All_organs","r2_0.1","min5",50,4.15224192129738,0.320635319057438
"Tile","whole_genome_tile_clock",1477,"Train","Lasso","All_organs","r2_0.1","nofilter",50,0.171319834475199,0.999692122913561
"Tile","whole_genome_tile_clock",1477,"Validation","Lasso","All_organs","r2_0.1","nofilter",50,3.88158011949653,0.428253965818309
"Tile","whole_genome_tile_clock",1478,"Train","Lasso","All_organs","r2_0.2","min10",1000,2.42301794566741,0.864843276064677
"Tile","whole_genome_tile_clock",1478,"Validation","Lasso","All_organs","r2_0.2","min10",1000,4.22602712237227,0.381279651082839
"Tile","whole_genome_tile_clock",1479,"Train","Lasso","All_organs","r2_0.2","min20",1000,1.39672288619778,0.908821285232649
"Tile","whole_genome_tile_clock",1479,"Validation","Lasso","All_organs","r2_0.2","min20",1000,4.69053384336997,0.352763360730105
"Tile","whole_genome_tile_clock",1480,"Train","Lasso","All_organs","r2_0.2","min5",1000,0.712588317367248,0.989650037420841
"Tile","whole_genome_tile_clock",1480,"Validation","Lasso","All_organs","r2_0.2","min5",1000,4.59723513664421,0.267653985480023
"Tile","whole_genome_tile_clock",1481,"Train","Lasso","All_organs","r2_0.2","nofilter",1000,0.712588317367248,0.989650037420841
"Tile","whole_genome_tile_clock",1481,"Validation","Lasso","All_organs","r2_0.2","nofilter",1000,4.59723513664421,0.267653985480023
"Tile","whole_genome_tile_clock",1482,"Train","Lasso","All_organs","r2_0.2","min10",100,1.03436339241091,0.972445098618288
"Tile","whole_genome_tile_clock",1482,"Validation","Lasso","All_organs","r2_0.2","min10",100,5.0220534661151,0.246266388304593
"Tile","whole_genome_tile_clock",1483,"Train","Lasso","All_organs","r2_0.2","min20",100,2.32335348339754,0.879082007387424
"Tile","whole_genome_tile_clock",1483,"Validation","Lasso","All_organs","r2_0.2","min20",100,4.6967883291132,0.237048962308743
"Tile","whole_genome_tile_clock",1484,"Train","Lasso","All_organs","r2_0.2","min5",100,2.48259113234917,0.844464935092538
"Tile","whole_genome_tile_clock",1484,"Validation","Lasso","All_organs","r2_0.2","min5",100,4.66067316882461,0.288162875287647
"Tile","whole_genome_tile_clock",1485,"Train","Lasso","All_organs","r2_0.2","nofilter",100,3.32825620109998,0.757455415329555
"Tile","whole_genome_tile_clock",1485,"Validation","Lasso","All_organs","r2_0.2","nofilter",100,7.3766071400934,0.275838901238059
"Tile","whole_genome_tile_clock",1486,"Train","Lasso","All_organs","r2_0.2","min10",2000,2.08595859098557,0.901158841599372
"Tile","whole_genome_tile_clock",1486,"Validation","Lasso","All_organs","r2_0.2","min10",2000,4.38251914891274,0.249869128006484
"Tile","whole_genome_tile_clock",1487,"Train","Lasso","All_organs","r2_0.2","min20",2000,2.25817677987656,0.857201664358781
"Tile","whole_genome_tile_clock",1487,"Validation","Lasso","All_organs","r2_0.2","min20",2000,7.55121760612968,0.31759556409644
"Tile","whole_genome_tile_clock",1488,"Train","Lasso","All_organs","r2_0.2","min5",2000,1.05721329368392,0.977250696927854
"Tile","whole_genome_tile_clock",1488,"Validation","Lasso","All_organs","r2_0.2","min5",2000,7.37749086772754,0.408944039078536
"Tile","whole_genome_tile_clock",1489,"Train","Lasso","All_organs","r2_0.2","nofilter",2000,0.949484020466796,0.981600165952826
"Tile","whole_genome_tile_clock",1489,"Validation","Lasso","All_organs","r2_0.2","nofilter",2000,7.37749086772754,0.408944039078536
"Tile","whole_genome_tile_clock",1490,"Train","Lasso","All_organs","r2_0.2","min10",25000,3.70174592485542,0.571028094372087
"Tile","whole_genome_tile_clock",1490,"Validation","Lasso","All_organs","r2_0.2","min10",25000,5.24127449635958,0.30948501999108
"Tile","whole_genome_tile_clock",1491,"Train","Lasso","All_organs","r2_0.2","min20",25000,3.58485280403749,0.608850882020418
"Tile","whole_genome_tile_clock",1491,"Validation","Lasso","All_organs","r2_0.2","min20",25000,4.9414559277031,0.247577149332923
"Tile","whole_genome_tile_clock",1492,"Train","Lasso","All_organs","r2_0.2","min5",25000,5.085450664125,0.0707285279296689
"Tile","whole_genome_tile_clock",1492,"Validation","Lasso","All_organs","r2_0.2","min5",25000,5.85141732484157,0.293714222244069
"Tile","whole_genome_tile_clock",1493,"Train","Lasso","All_organs","r2_0.2","nofilter",25000,5.085450664125,0.0707285279296689
"Tile","whole_genome_tile_clock",1493,"Validation","Lasso","All_organs","r2_0.2","nofilter",25000,5.85141732484157,0.293714222244069
"Tile","whole_genome_tile_clock",1494,"Train","Lasso","All_organs","r2_0.2","min10",5000,4.07348440033317,0.498320522496577
"Tile","whole_genome_tile_clock",1494,"Validation","Lasso","All_organs","r2_0.2","min10",5000,4.76187181554239,0.249674032734657
"Tile","whole_genome_tile_clock",1495,"Train","Lasso","All_organs","r2_0.2","min20",5000,1.9636717052076,0.884343714584882
"Tile","whole_genome_tile_clock",1495,"Validation","Lasso","All_organs","r2_0.2","min20",5000,4.37993254850733,0.246665792769131
"Tile","whole_genome_tile_clock",1496,"Train","Lasso","All_organs","r2_0.2","min5",5000,0.442351316418677,0.995855287754783
"Tile","whole_genome_tile_clock",1496,"Validation","Lasso","All_organs","r2_0.2","min5",5000,4.36479216913896,0.37241007247183
"Tile","whole_genome_tile_clock",1497,"Train","Lasso","All_organs","r2_0.2","nofilter",5000,0.442351316418677,0.995855287754783
"Tile","whole_genome_tile_clock",1497,"Validation","Lasso","All_organs","r2_0.2","nofilter",5000,4.36479216913896,0.37241007247183
"Tile","whole_genome_tile_clock",1498,"Train","Lasso","All_organs","r2_0.2","min10",500,0.944346634429517,0.966286533004304
"Tile","whole_genome_tile_clock",1498,"Validation","Lasso","All_organs","r2_0.2","min10",500,4.59606473832802,0.296511573770783
"Tile","whole_genome_tile_clock",1499,"Train","Lasso","All_organs","r2_0.2","min20",500,2.04342425952944,0.89243635908891
"Tile","whole_genome_tile_clock",1499,"Validation","Lasso","All_organs","r2_0.2","min20",500,5.20048494135611,0.194941460448425
"Tile","whole_genome_tile_clock",1500,"Train","Lasso","All_organs","r2_0.2","min5",500,0.625741357805946,0.99381874210963
"Tile","whole_genome_tile_clock",1500,"Validation","Lasso","All_organs","r2_0.2","min5",500,4.47630293497222,0.297406950051759
"Tile","whole_genome_tile_clock",1501,"Train","Lasso","All_organs","r2_0.2","nofilter",500,0.168685470589588,0.999497861121574
"Tile","whole_genome_tile_clock",1501,"Validation","Lasso","All_organs","r2_0.2","nofilter",500,3.90190496206209,0.415514550646617
"Tile","whole_genome_tile_clock",1502,"Train","Lasso","All_organs","r2_0.2","min10",50,1.15257549248214,0.963091058439322
"Tile","whole_genome_tile_clock",1502,"Validation","Lasso","All_organs","r2_0.2","min10",50,4.35239253339179,0.244531281737737
"Tile","whole_genome_tile_clock",1503,"Train","Lasso","All_organs","r2_0.2","min20",50,1.13732270295271,0.960737408570137
"Tile","whole_genome_tile_clock",1503,"Validation","Lasso","All_organs","r2_0.2","min20",50,4.27335977530947,0.281198876004477
"Tile","whole_genome_tile_clock",1504,"Train","Lasso","All_organs","r2_0.2","min5",50,0.172575505947646,0.999545914976211
"Tile","whole_genome_tile_clock",1504,"Validation","Lasso","All_organs","r2_0.2","min5",50,3.56699076708465,0.411973063202814
"Tile","whole_genome_tile_clock",1505,"Train","Lasso","All_organs","r2_0.2","nofilter",50,0.169943358226286,0.999551458164957
"Tile","whole_genome_tile_clock",1505,"Validation","Lasso","All_organs","r2_0.2","nofilter",50,3.4717124298834,0.44719985505067
"Tile","whole_genome_tile_clock",1506,"Train","Lasso","All_organs","r2_0.3","min10",1000,2.56099898287955,0.836324881019616
"Tile","whole_genome_tile_clock",1506,"Validation","Lasso","All_organs","r2_0.3","min10",1000,4.30947449299103,0.358113030804932
"Tile","whole_genome_tile_clock",1507,"Train","Lasso","All_organs","r2_0.3","min20",1000,3.12803506171881,0.752362741920689
"Tile","whole_genome_tile_clock",1507,"Validation","Lasso","All_organs","r2_0.3","min20",1000,4.76188507022579,0.212959743770962
"Tile","whole_genome_tile_clock",1508,"Train","Lasso","All_organs","r2_0.3","min5",1000,0.7066621376765,0.990247478526437
"Tile","whole_genome_tile_clock",1508,"Validation","Lasso","All_organs","r2_0.3","min5",1000,4.07468790746964,0.449530791971647
"Tile","whole_genome_tile_clock",1509,"Train","Lasso","All_organs","r2_0.3","nofilter",1000,0.683308993490309,0.987748736330578
"Tile","whole_genome_tile_clock",1509,"Validation","Lasso","All_organs","r2_0.3","nofilter",1000,3.75386478716872,0.416372544951585
"Tile","whole_genome_tile_clock",1510,"Train","Lasso","All_organs","r2_0.3","min10",100,2.92570623184387,0.74925199861943
"Tile","whole_genome_tile_clock",1510,"Validation","Lasso","All_organs","r2_0.3","min10",100,4.40075183387977,0.334248964682813
"Tile","whole_genome_tile_clock",1511,"Train","Lasso","All_organs","r2_0.3","min20",100,3.27254255659705,0.662904038738697
"Tile","whole_genome_tile_clock",1511,"Validation","Lasso","All_organs","r2_0.3","min20",100,4.57962894645548,0.253776972415169
"Tile","whole_genome_tile_clock",1512,"Train","Lasso","All_organs","r2_0.3","min5",100,3.11485878095398,0.748104342223643
"Tile","whole_genome_tile_clock",1512,"Validation","Lasso","All_organs","r2_0.3","min5",100,4.95416080691246,0.280341692586774
"Tile","whole_genome_tile_clock",1513,"Train","Lasso","All_organs","r2_0.3","nofilter",100,2.88909200502311,0.799341812965782
"Tile","whole_genome_tile_clock",1513,"Validation","Lasso","All_organs","r2_0.3","nofilter",100,6.47342890761567,0.25843216656656
"Tile","whole_genome_tile_clock",1514,"Train","Lasso","All_organs","r2_0.3","min10",2000,1.99785287110058,0.911085929825084
"Tile","whole_genome_tile_clock",1514,"Validation","Lasso","All_organs","r2_0.3","min10",2000,4.26735362291381,0.326281111771197
"Tile","whole_genome_tile_clock",1515,"Train","Lasso","All_organs","r2_0.3","min20",2000,2.46802260578282,0.829361729761264
"Tile","whole_genome_tile_clock",1515,"Validation","Lasso","All_organs","r2_0.3","min20",2000,4.66327429356431,0.315973733638039
"Tile","whole_genome_tile_clock",1516,"Train","Lasso","All_organs","r2_0.3","min5",2000,3.8844601082219,0.605100145736285
"Tile","whole_genome_tile_clock",1516,"Validation","Lasso","All_organs","r2_0.3","min5",2000,4.75685504200821,0.283354185774356
"Tile","whole_genome_tile_clock",1517,"Train","Lasso","All_organs","r2_0.3","nofilter",2000,3.8844601082219,0.605100145736285
"Tile","whole_genome_tile_clock",1517,"Validation","Lasso","All_organs","r2_0.3","nofilter",2000,4.75685504200821,0.283354185774356
"Tile","whole_genome_tile_clock",1518,"Train","Lasso","All_organs","r2_0.3","min10",25000,3.88200758618029,0.501273808443444
"Tile","whole_genome_tile_clock",1518,"Validation","Lasso","All_organs","r2_0.3","min10",25000,5.09653931695301,0.281345145457167
"Tile","whole_genome_tile_clock",1519,"Train","Lasso","All_organs","r2_0.3","min20",25000,3.93808179282854,0.584312361211106
"Tile","whole_genome_tile_clock",1519,"Validation","Lasso","All_organs","r2_0.3","min20",25000,5.28426915888609,0.313304177709451
"Tile","whole_genome_tile_clock",1520,"Train","Lasso","All_organs","r2_0.3","min5",25000,4.04447839785945,0.41490237793709
"Tile","whole_genome_tile_clock",1520,"Validation","Lasso","All_organs","r2_0.3","min5",25000,6.11844880147238,0.245336427689917
"Tile","whole_genome_tile_clock",1521,"Train","Lasso","All_organs","r2_0.3","nofilter",25000,4.04447839785945,0.41490237793709
"Tile","whole_genome_tile_clock",1521,"Validation","Lasso","All_organs","r2_0.3","nofilter",25000,6.11844880147238,0.245336427689917
"Tile","whole_genome_tile_clock",1522,"Train","Lasso","All_organs","r2_0.3","min10",5000,3.07206543312749,0.661509322097385
"Tile","whole_genome_tile_clock",1522,"Validation","Lasso","All_organs","r2_0.3","min10",5000,5.25914346706208,0.224145181173889
"Tile","whole_genome_tile_clock",1523,"Train","Lasso","All_organs","r2_0.3","min20",5000,2.3655102928856,0.821648386361777
"Tile","whole_genome_tile_clock",1523,"Validation","Lasso","All_organs","r2_0.3","min20",5000,4.55652097393818,0.370383381207184
"Tile","whole_genome_tile_clock",1524,"Train","Lasso","All_organs","r2_0.3","min5",5000,1.7927715586467,0.924637624546876
"Tile","whole_genome_tile_clock",1524,"Validation","Lasso","All_organs","r2_0.3","min5",5000,4.45453473343459,0.386872890096239
"Tile","whole_genome_tile_clock",1525,"Train","Lasso","All_organs","r2_0.3","nofilter",5000,3.63530893900938,0.680360997788256
"Tile","whole_genome_tile_clock",1525,"Validation","Lasso","All_organs","r2_0.3","nofilter",5000,4.45646669071287,0.369116217189761
"Tile","whole_genome_tile_clock",1526,"Train","Lasso","All_organs","r2_0.3","min10",500,2.17519626791593,0.869922234587086
"Tile","whole_genome_tile_clock",1526,"Validation","Lasso","All_organs","r2_0.3","min10",500,4.41989488946094,0.366605807321919
"Tile","whole_genome_tile_clock",1527,"Train","Lasso","All_organs","r2_0.3","min20",500,1.71931795359005,0.909042804657907
"Tile","whole_genome_tile_clock",1527,"Validation","Lasso","All_organs","r2_0.3","min20",500,4.77026616252986,0.227378773643475
"Tile","whole_genome_tile_clock",1528,"Train","Lasso","All_organs","r2_0.3","min5",500,2.49921760934564,0.885169220116415
"Tile","whole_genome_tile_clock",1528,"Validation","Lasso","All_organs","r2_0.3","min5",500,7.30185385685845,0.262124484646798
"Tile","whole_genome_tile_clock",1529,"Train","Lasso","All_organs","r2_0.3","nofilter",500,0.406598649313268,0.99509681506858
"Tile","whole_genome_tile_clock",1529,"Validation","Lasso","All_organs","r2_0.3","nofilter",500,4.54220483309076,0.264363774865433
"Tile","whole_genome_tile_clock",1530,"Train","Lasso","All_organs","r2_0.3","min10",50,1.92637780306415,0.909547619362429
"Tile","whole_genome_tile_clock",1530,"Validation","Lasso","All_organs","r2_0.3","min10",50,4.88796833673734,0.282517385063802
"Tile","whole_genome_tile_clock",1531,"Train","Lasso","All_organs","r2_0.3","min20",50,1.94472118379231,0.894464663690138
"Tile","whole_genome_tile_clock",1531,"Validation","Lasso","All_organs","r2_0.3","min20",50,4.3382970954849,0.325841163722074
"Tile","whole_genome_tile_clock",1532,"Train","Lasso","All_organs","r2_0.3","min5",50,0.810172062970777,0.988348348169755
"Tile","whole_genome_tile_clock",1532,"Validation","Lasso","All_organs","r2_0.3","min5",50,4.1744613110635,0.391399482019309
"Tile","whole_genome_tile_clock",1533,"Train","Lasso","All_organs","r2_0.3","nofilter",50,0.892241938917787,0.98621383426757
"Tile","whole_genome_tile_clock",1533,"Validation","Lasso","All_organs","r2_0.3","nofilter",50,4.11482437120368,0.411482250416564
"Tile","whole_genome_tile_clock",1534,"Train","Lasso","All_organs","r2_nofilter","min20",1000,2.69079452545732,0.886051837989655
"Tile","whole_genome_tile_clock",1534,"Validation","Lasso","All_organs","r2_nofilter","min20",1000,5.21449951489083,0.358530060207077
"Tile","whole_genome_tile_clock",1535,"Train","Lasso","All_organs","r2_nofilter","min10",2000,0.17335703833263,0.999667410319878
"Tile","whole_genome_tile_clock",1535,"Validation","Lasso","All_organs","r2_nofilter","min10",2000,4.79556379990269,0.263732847618545
"Tile","whole_genome_tile_clock",1536,"Train","Lasso","All_organs","r2_nofilter","min20",2000,3.92534614439877,0.722364107785105
"Tile","whole_genome_tile_clock",1536,"Validation","Lasso","All_organs","r2_nofilter","min20",2000,5.23795013653079,0.317292665130652
"Tile","whole_genome_tile_clock",1537,"Train","Lasso","All_organs","r2_nofilter","min5",2000,2.40630723891181,0.933187065686169
"Tile","whole_genome_tile_clock",1537,"Validation","Lasso","All_organs","r2_nofilter","min5",2000,8.00876161071493,0.278297313302554
"Tile","whole_genome_tile_clock",1538,"Train","Lasso","All_organs","r2_nofilter","nofilter",2000,2.08677729047281,0.952165945300229
"Tile","whole_genome_tile_clock",1538,"Validation","Lasso","All_organs","r2_nofilter","nofilter",2000,7.83720284764869,0.31232373616354
"Tile","whole_genome_tile_clock",1539,"Train","Lasso","All_organs","r2_nofilter","min10",25000,5.21459046932276,0.0576161479861449
"Tile","whole_genome_tile_clock",1539,"Validation","Lasso","All_organs","r2_nofilter","min10",25000,7.25032460676802,0.292128532014168
"Tile","whole_genome_tile_clock",1540,"Train","Lasso","All_organs","r2_nofilter","min20",25000,0.156207364875887,0.999554026975168
"Tile","whole_genome_tile_clock",1540,"Validation","Lasso","All_organs","r2_nofilter","min20",25000,4.97535424888725,0.371393648646432
"Tile","whole_genome_tile_clock",1541,"Train","Lasso","All_organs","r2_nofilter","min5",25000,5.27451780199289,0.0865893929390671
"Tile","whole_genome_tile_clock",1541,"Validation","Lasso","All_organs","r2_nofilter","min5",25000,5.24294973759693,0.380831676653569
"Tile","whole_genome_tile_clock",1542,"Train","Lasso","All_organs","r2_nofilter","nofilter",25000,5.27451780199289,0.0865893929390671
"Tile","whole_genome_tile_clock",1542,"Validation","Lasso","All_organs","r2_nofilter","nofilter",25000,5.25966961340362,0.331292430765851
"Tile","whole_genome_tile_clock",1543,"Train","Lasso","All_organs","r2_nofilter","min10",5000,2.3740135171478,0.905547596037765
"Tile","whole_genome_tile_clock",1543,"Validation","Lasso","All_organs","r2_nofilter","min10",5000,4.60010640095968,0.296794087786854
"Tile","whole_genome_tile_clock",1544,"Train","Lasso","All_organs","r2_nofilter","min20",5000,4.60767020894831,0.513390981409718
"Tile","whole_genome_tile_clock",1544,"Validation","Lasso","All_organs","r2_nofilter","min20",5000,5.39452366904703,0.352961027277048
"Tile","whole_genome_tile_clock",1545,"Train","Lasso","All_organs","r2_nofilter","min5",5000,3.06827191093477,0.863120146160083
"Tile","whole_genome_tile_clock",1545,"Validation","Lasso","All_organs","r2_nofilter","min5",5000,4.99146779601775,0.488430011778956
"Tile","whole_genome_tile_clock",1546,"Train","Lasso","All_organs","r2_nofilter","nofilter",5000,3.22341125030374,0.844438608425141
"Tile","whole_genome_tile_clock",1546,"Validation","Lasso","All_organs","r2_nofilter","nofilter",5000,5.00994950362875,0.47391210439966
"Tile","whole_genome_tile_clock",1547,"Train","Lasso","All_organs","r2_nofilter","min20",500,5.1052623718941,0.231804859126174
"Tile","whole_genome_tile_clock",1547,"Validation","Lasso","All_organs","r2_nofilter","min20",500,4.98728033816793,0.459464369434455
"Tile","whole_genome_tile_clock",1548,"Train","Lasso","Brain","r2_0.05","min10",1000,1.98543068345619,0.935479417696388
"Tile","whole_genome_tile_clock",1548,"Validation","Lasso","Brain","r2_0.05","min10",1000,3.84736404687542,0.773982398630481
"Tile","whole_genome_tile_clock",1549,"Train","Lasso","Brain","r2_0.05","min20",1000,1.87011843603197,0.954236393813082
"Tile","whole_genome_tile_clock",1549,"Validation","Lasso","Brain","r2_0.05","min20",1000,4.93664642148109,0.48587273317236
"Tile","whole_genome_tile_clock",1550,"Train","Lasso","Brain","r2_0.05","min5",1000,1.35698995839928,0.980293742728817
"Tile","whole_genome_tile_clock",1550,"Validation","Lasso","Brain","r2_0.05","min5",1000,6.28888943339882,0.638043318183298
"Tile","whole_genome_tile_clock",1551,"Train","Lasso","Brain","r2_0.05","nofilter",1000,0.203413361397501,0.999596278125203
"Tile","whole_genome_tile_clock",1551,"Validation","Lasso","Brain","r2_0.05","nofilter",1000,4.33122559395467,0.385124623278257
"Tile","whole_genome_tile_clock",1552,"Train","Lasso","Brain","r2_0.05","min10",100,0.811158603797847,0.993624852804746
"Tile","whole_genome_tile_clock",1552,"Validation","Lasso","Brain","r2_0.05","min10",100,4.31989427502463,0.47239530792059
"Tile","whole_genome_tile_clock",1553,"Train","Lasso","Brain","r2_0.05","min20",100,4.98991390557916,0.246087807496446
"Tile","whole_genome_tile_clock",1553,"Validation","Lasso","Brain","r2_0.05","min20",100,5.42019094220991,0.432575038605729
"Tile","whole_genome_tile_clock",1554,"Train","Lasso","Brain","r2_0.05","min5",100,5.10677838971708,0.320357604475329
"Tile","whole_genome_tile_clock",1554,"Validation","Lasso","Brain","r2_0.05","min5",100,7.2221170690879,0.654781847634572
"Tile","whole_genome_tile_clock",1555,"Train","Lasso","Brain","r2_0.05","nofilter",100,0.167857651558661,0.999779374566547
"Tile","whole_genome_tile_clock",1555,"Validation","Lasso","Brain","r2_0.05","nofilter",100,7.22185412146876,0.606251462197949
"Tile","whole_genome_tile_clock",1556,"Train","Lasso","Brain","r2_0.05","min10",2000,3.66366515356265,0.771702837483556
"Tile","whole_genome_tile_clock",1556,"Validation","Lasso","Brain","r2_0.05","min10",2000,5.15234832162229,0.679186378956125
"Tile","whole_genome_tile_clock",1557,"Train","Lasso","Brain","r2_0.05","min20",2000,1.94952855002219,0.942914388226963
"Tile","whole_genome_tile_clock",1557,"Validation","Lasso","Brain","r2_0.05","min20",2000,4.76385943263211,0.75470446778754
"Tile","whole_genome_tile_clock",1558,"Train","Lasso","Brain","r2_0.05","min5",2000,5.05012044062182,0.284483138153366
"Tile","whole_genome_tile_clock",1558,"Validation","Lasso","Brain","r2_0.05","min5",2000,5.20326740897827,0.43107253319541
"Tile","whole_genome_tile_clock",1559,"Train","Lasso","Brain","r2_0.05","nofilter",2000,5.00410357661121,0.323092973310628
"Tile","whole_genome_tile_clock",1559,"Validation","Lasso","Brain","r2_0.05","nofilter",2000,5.33872908811055,0.479985519524968
"Tile","whole_genome_tile_clock",1560,"Train","Lasso","Brain","r2_0.05","min10",25000,4.15243480967042,0.638304108600951
"Tile","whole_genome_tile_clock",1560,"Validation","Lasso","Brain","r2_0.05","min10",25000,3.86510454957708,0.566737238101298
"Tile","whole_genome_tile_clock",1561,"Train","Lasso","Brain","r2_0.05","min20",25000,3.55075762036571,0.694958591327715
"Tile","whole_genome_tile_clock",1561,"Validation","Lasso","Brain","r2_0.05","min20",25000,8.45132785772433,0.324832176023693
"Tile","whole_genome_tile_clock",1562,"Train","Lasso","Brain","r2_0.05","min5",25000,4.51445890644066,0.437925983388503
"Tile","whole_genome_tile_clock",1562,"Validation","Lasso","Brain","r2_0.05","min5",25000,4.28093917106584,0.671732210215387
"Tile","whole_genome_tile_clock",1563,"Train","Lasso","Brain","r2_0.05","nofilter",25000,1.56179481863526,0.911554989109136
"Tile","whole_genome_tile_clock",1563,"Validation","Lasso","Brain","r2_0.05","nofilter",25000,3.34858452446047,0.666991308596884
"Tile","whole_genome_tile_clock",1564,"Train","Lasso","Brain","r2_0.05","min10",5000,2.82123674864225,0.859823795916019
"Tile","whole_genome_tile_clock",1564,"Validation","Lasso","Brain","r2_0.05","min10",5000,3.79765113372032,0.496619753012713
"Tile","whole_genome_tile_clock",1565,"Train","Lasso","Brain","r2_0.05","min20",5000,3.16691635615237,0.825860654404249
"Tile","whole_genome_tile_clock",1565,"Validation","Lasso","Brain","r2_0.05","min20",5000,3.7659407416236,0.72457277050399
"Tile","whole_genome_tile_clock",1566,"Train","Lasso","Brain","r2_0.05","min5",5000,0.591778556591385,0.994983724647252
"Tile","whole_genome_tile_clock",1566,"Validation","Lasso","Brain","r2_0.05","min5",5000,6.43172439999717,0.730038081592224
"Tile","whole_genome_tile_clock",1567,"Train","Lasso","Brain","r2_0.05","nofilter",5000,1.61399992647209,0.964769294096551
"Tile","whole_genome_tile_clock",1567,"Validation","Lasso","Brain","r2_0.05","nofilter",5000,4.34561194278971,0.510128131849952
"Tile","whole_genome_tile_clock",1568,"Train","Lasso","Brain","r2_0.05","min10",500,0.171144902535612,0.999646073593829
"Tile","whole_genome_tile_clock",1568,"Validation","Lasso","Brain","r2_0.05","min10",500,4.36433164599468,0.706966199440558
"Tile","whole_genome_tile_clock",1569,"Train","Lasso","Brain","r2_0.05","min20",500,4.91204243192084,0.467734849747745
"Tile","whole_genome_tile_clock",1569,"Validation","Lasso","Brain","r2_0.05","min20",500,3.16321202507525,0.787975102239979
"Tile","whole_genome_tile_clock",1570,"Train","Lasso","Brain","r2_0.05","min5",500,5.25206611570248,0.053330387511068
"Tile","whole_genome_tile_clock",1570,"Validation","Lasso","Brain","r2_0.05","min5",500,5.87680042897249,0.464200212733745
"Tile","whole_genome_tile_clock",1571,"Train","Lasso","Brain","r2_0.05","nofilter",500,5.25206611570248,0.053330387511068
"Tile","whole_genome_tile_clock",1571,"Validation","Lasso","Brain","r2_0.05","nofilter",500,5.31683237743994,0.433932163047456
"Tile","whole_genome_tile_clock",1572,"Train","Lasso","Brain","r2_0.05","min10",50,3.74211697621995,0.769004461089418
"Tile","whole_genome_tile_clock",1572,"Validation","Lasso","Brain","r2_0.05","min10",50,4.48029539007753,0.44227377316573
"Tile","whole_genome_tile_clock",1573,"Train","Lasso","Brain","r2_0.05","min20",50,5.23836994395323,0.313068884430795
"Tile","whole_genome_tile_clock",1573,"Validation","Lasso","Brain","r2_0.05","min20",50,2.62691955141982,0.72812047386057
"Tile","whole_genome_tile_clock",1574,"Train","Lasso","Brain","r2_0.05","min5",50,0.169287028933526,0.999809937768489
"Tile","whole_genome_tile_clock",1574,"Validation","Lasso","Brain","r2_0.05","min5",50,8.72972817698237,0.514970411172151
"Tile","whole_genome_tile_clock",1575,"Train","Lasso","Brain","r2_0.05","nofilter",50,2.23711852495891,0.943091946976881
"Tile","whole_genome_tile_clock",1575,"Validation","Lasso","Brain","r2_0.05","nofilter",50,7.9893246736047,0.520969072133588
"Tile","whole_genome_tile_clock",1576,"Train","Lasso","Brain","r2_0.1","min10",1000,3.16939895607396,0.806752599469588
"Tile","whole_genome_tile_clock",1576,"Validation","Lasso","Brain","r2_0.1","min10",1000,3.00512303132361,0.692466171581788
"Tile","whole_genome_tile_clock",1577,"Train","Lasso","Brain","r2_0.1","min20",1000,3.17688946844109,0.797246227815025
"Tile","whole_genome_tile_clock",1577,"Validation","Lasso","Brain","r2_0.1","min20",1000,4.86674425492849,0.686624216968326
"Tile","whole_genome_tile_clock",1578,"Train","Lasso","Brain","r2_0.1","min5",1000,0.411194298984539,0.998164371405496
"Tile","whole_genome_tile_clock",1578,"Validation","Lasso","Brain","r2_0.1","min5",1000,3.82837878414661,0.585047331123661
"Tile","whole_genome_tile_clock",1579,"Train","Lasso","Brain","r2_0.1","nofilter",1000,0.168891196147876,0.999744668617421
"Tile","whole_genome_tile_clock",1579,"Validation","Lasso","Brain","r2_0.1","nofilter",1000,4.79745725997855,0.465964953337858
"Tile","whole_genome_tile_clock",1580,"Train","Lasso","Brain","r2_0.1","min10",100,3.97496033262573,0.644268367629292
"Tile","whole_genome_tile_clock",1580,"Validation","Lasso","Brain","r2_0.1","min10",100,3.14197400176211,0.779971490422692
"Tile","whole_genome_tile_clock",1581,"Train","Lasso","Brain","r2_0.1","min20",100,4.88426302188859,0.461540681405145
"Tile","whole_genome_tile_clock",1581,"Validation","Lasso","Brain","r2_0.1","min20",100,3.97479353389026,0.414039385515093
"Tile","whole_genome_tile_clock",1582,"Train","Lasso","Brain","r2_0.1","min5",100,3.60050315502015,0.806459921447519
"Tile","whole_genome_tile_clock",1582,"Validation","Lasso","Brain","r2_0.1","min5",100,4.55457690276419,0.528280748263946
"Tile","whole_genome_tile_clock",1583,"Train","Lasso","Brain","r2_0.1","nofilter",100,0.259401262887828,0.999523323113627
"Tile","whole_genome_tile_clock",1583,"Validation","Lasso","Brain","r2_0.1","nofilter",100,6.69885170777349,0.482021535898664
"Tile","whole_genome_tile_clock",1584,"Train","Lasso","Brain","r2_0.1","min10",2000,4.29206968998535,0.44648884028446
"Tile","whole_genome_tile_clock",1584,"Validation","Lasso","Brain","r2_0.1","min10",2000,3.2229950387323,0.76572267485112
"Tile","whole_genome_tile_clock",1585,"Train","Lasso","Brain","r2_0.1","min20",2000,4.23258572360748,0.676626418902211
"Tile","whole_genome_tile_clock",1585,"Validation","Lasso","Brain","r2_0.1","min20",2000,3.56461417483232,0.667534137715497
"Tile","whole_genome_tile_clock",1586,"Train","Lasso","Brain","r2_0.1","min5",2000,3.90893638915966,0.73392263840887
"Tile","whole_genome_tile_clock",1586,"Validation","Lasso","Brain","r2_0.1","min5",2000,6.07281635603531,0.56489161402551
"Tile","whole_genome_tile_clock",1587,"Train","Lasso","Brain","r2_0.1","nofilter",2000,1.34504093474363,0.97937270238676
"Tile","whole_genome_tile_clock",1587,"Validation","Lasso","Brain","r2_0.1","nofilter",2000,2.65121515020676,0.743554968982644
"Tile","whole_genome_tile_clock",1588,"Train","Lasso","Brain","r2_0.1","min10",25000,5.25206611570248,0.160141029427023
"Tile","whole_genome_tile_clock",1588,"Validation","Lasso","Brain","r2_0.1","min10",25000,2.18507810877752,0.857895274359633
"Tile","whole_genome_tile_clock",1589,"Train","Lasso","Brain","r2_0.1","min20",25000,2.30873873492755,0.886468364387304
"Tile","whole_genome_tile_clock",1589,"Validation","Lasso","Brain","r2_0.1","min20",25000,4.95327042877811,0.636824849282871
"Tile","whole_genome_tile_clock",1590,"Train","Lasso","Brain","r2_0.1","min5",25000,2.0831210951722,0.92806668479901
"Tile","whole_genome_tile_clock",1590,"Validation","Lasso","Brain","r2_0.1","min5",25000,3.94703139469819,0.67677017312532
"Tile","whole_genome_tile_clock",1591,"Train","Lasso","Brain","r2_0.1","nofilter",25000,0.17404790054632,0.999554315099994
"Tile","whole_genome_tile_clock",1591,"Validation","Lasso","Brain","r2_0.1","nofilter",25000,3.6583549678043,0.634192277041634
"Tile","whole_genome_tile_clock",1592,"Train","Lasso","Brain","r2_0.1","min10",5000,2.1803443820512,0.938010470929666
"Tile","whole_genome_tile_clock",1592,"Validation","Lasso","Brain","r2_0.1","min10",5000,4.06690941577325,0.817974349459834
"Tile","whole_genome_tile_clock",1593,"Train","Lasso","Brain","r2_0.1","min20",5000,1.13281398769321,0.984314136490393
"Tile","whole_genome_tile_clock",1593,"Validation","Lasso","Brain","r2_0.1","min20",5000,3.8942939877855,0.438999199032823
"Tile","whole_genome_tile_clock",1594,"Train","Lasso","Brain","r2_0.1","min5",5000,0.734247053358721,0.995252303686439
"Tile","whole_genome_tile_clock",1594,"Validation","Lasso","Brain","r2_0.1","min5",5000,5.35065375801384,0.607007251491476
"Tile","whole_genome_tile_clock",1595,"Train","Lasso","Brain","r2_0.1","nofilter",5000,1.00002935531812,0.989601685094361
"Tile","whole_genome_tile_clock",1595,"Validation","Lasso","Brain","r2_0.1","nofilter",5000,3.47443509264814,0.524859310832476
"Tile","whole_genome_tile_clock",1596,"Train","Lasso","Brain","r2_0.1","min10",500,2.54365221333446,0.897927980277002
"Tile","whole_genome_tile_clock",1596,"Validation","Lasso","Brain","r2_0.1","min10",500,3.92501542537698,0.804365637145149
"Tile","whole_genome_tile_clock",1597,"Train","Lasso","Brain","r2_0.1","min20",500,3.30481628317881,0.759416782192058
"Tile","whole_genome_tile_clock",1597,"Validation","Lasso","Brain","r2_0.1","min20",500,3.88566847414705,0.726875245382682
"Tile","whole_genome_tile_clock",1598,"Train","Lasso","Brain","r2_0.1","min5",500,3.6804364341521,0.722115952685036
"Tile","whole_genome_tile_clock",1598,"Validation","Lasso","Brain","r2_0.1","min5",500,4.27447375941248,0.768574290415485
"Tile","whole_genome_tile_clock",1599,"Train","Lasso","Brain","r2_0.1","nofilter",500,0.176167704869809,0.999722720476997
"Tile","whole_genome_tile_clock",1599,"Validation","Lasso","Brain","r2_0.1","nofilter",500,4.59776653596909,0.582710259927626
"Tile","whole_genome_tile_clock",1600,"Train","Lasso","Brain","r2_0.1","min10",50,2.8120209353324,0.884344708232084
"Tile","whole_genome_tile_clock",1600,"Validation","Lasso","Brain","r2_0.1","min10",50,3.96640113184086,0.79077382899007
"Tile","whole_genome_tile_clock",1601,"Train","Lasso","Brain","r2_0.1","min20",50,3.42654518648023,0.646069628454754
"Tile","whole_genome_tile_clock",1601,"Validation","Lasso","Brain","r2_0.1","min20",50,5.50855755347135,0.514570332906412
"Tile","whole_genome_tile_clock",1602,"Train","Lasso","Brain","r2_0.1","min5",50,2.50758857581034,0.937678416137448
"Tile","whole_genome_tile_clock",1602,"Validation","Lasso","Brain","r2_0.1","min5",50,4.81745776605771,0.48832993966706
"Tile","whole_genome_tile_clock",1603,"Train","Lasso","Brain","r2_0.1","nofilter",50,0.174430593112208,0.999743275818571
"Tile","whole_genome_tile_clock",1603,"Validation","Lasso","Brain","r2_0.1","nofilter",50,3.63398270262341,0.4812819374375
"Tile","whole_genome_tile_clock",1604,"Train","Lasso","Brain","r2_0.2","min10",1000,2.91203325990633,0.804510316935615
"Tile","whole_genome_tile_clock",1604,"Validation","Lasso","Brain","r2_0.2","min10",1000,3.88524078129834,0.714538654093737
"Tile","whole_genome_tile_clock",1605,"Train","Lasso","Brain","r2_0.2","min20",1000,3.98968590764065,0.647067522647047
"Tile","whole_genome_tile_clock",1605,"Validation","Lasso","Brain","r2_0.2","min20",1000,3.02845961724761,0.792551700548046
"Tile","whole_genome_tile_clock",1606,"Train","Lasso","Brain","r2_0.2","min5",1000,2.58482270849583,0.91193958671176
"Tile","whole_genome_tile_clock",1606,"Validation","Lasso","Brain","r2_0.2","min5",1000,3.50303229809586,0.69402761874086
"Tile","whole_genome_tile_clock",1607,"Train","Lasso","Brain","r2_0.2","nofilter",1000,2.63020575877712,0.910341015737884
"Tile","whole_genome_tile_clock",1607,"Validation","Lasso","Brain","r2_0.2","nofilter",1000,4.38516808124126,0.693943749338436
"Tile","whole_genome_tile_clock",1608,"Train","Lasso","Brain","r2_0.2","min10",100,0.78158043394869,0.991189148639323
"Tile","whole_genome_tile_clock",1608,"Validation","Lasso","Brain","r2_0.2","min10",100,3.64936915439746,0.818411550042918
"Tile","whole_genome_tile_clock",1609,"Train","Lasso","Brain","r2_0.2","min20",100,0.619886959163227,0.993996124682829
"Tile","whole_genome_tile_clock",1609,"Validation","Lasso","Brain","r2_0.2","min20",100,3.56638138247905,0.709975932245128
"Tile","whole_genome_tile_clock",1610,"Train","Lasso","Brain","r2_0.2","min5",100,5.06636751992457,0.292329205552282
"Tile","whole_genome_tile_clock",1610,"Validation","Lasso","Brain","r2_0.2","min5",100,4.63452517784356,0.699537819575462
"Tile","whole_genome_tile_clock",1611,"Train","Lasso","Brain","r2_0.2","nofilter",100,5.20097296185069,0.279844290170141
"Tile","whole_genome_tile_clock",1611,"Validation","Lasso","Brain","r2_0.2","nofilter",100,3.8047854388068,0.544572081171866
"Tile","whole_genome_tile_clock",1612,"Train","Lasso","Brain","r2_0.2","min10",2000,2.22531692044413,0.89718898923331
"Tile","whole_genome_tile_clock",1612,"Validation","Lasso","Brain","r2_0.2","min10",2000,1.91373762008685,0.901583916152197
"Tile","whole_genome_tile_clock",1613,"Train","Lasso","Brain","r2_0.2","min20",2000,2.1442201330873,0.925896835132262
"Tile","whole_genome_tile_clock",1613,"Validation","Lasso","Brain","r2_0.2","min20",2000,3.40962541589366,0.771068031373764
"Tile","whole_genome_tile_clock",1614,"Train","Lasso","Brain","r2_0.2","min5",2000,0.345122500968325,0.998472764861871
"Tile","whole_genome_tile_clock",1614,"Validation","Lasso","Brain","r2_0.2","min5",2000,4.05991979397968,0.85588738843949
"Tile","whole_genome_tile_clock",1615,"Train","Lasso","Brain","r2_0.2","nofilter",2000,0.176988647508078,0.999633208907328
"Tile","whole_genome_tile_clock",1615,"Validation","Lasso","Brain","r2_0.2","nofilter",2000,3.8325402224407,0.806859809261587
"Tile","whole_genome_tile_clock",1616,"Train","Lasso","Brain","r2_0.2","min10",25000,2.64293440726357,0.87570514760496
"Tile","whole_genome_tile_clock",1616,"Validation","Lasso","Brain","r2_0.2","min10",25000,3.30929391837764,0.716173161064947
"Tile","whole_genome_tile_clock",1617,"Train","Lasso","Brain","r2_0.2","min20",25000,4.89080768447417,0.257896117214457
"Tile","whole_genome_tile_clock",1617,"Validation","Lasso","Brain","r2_0.2","min20",25000,3.39491612513341,0.721003628750402
"Tile","whole_genome_tile_clock",1618,"Train","Lasso","Brain","r2_0.2","min5",25000,5.15342480632575,0.16993173359263
"Tile","whole_genome_tile_clock",1618,"Validation","Lasso","Brain","r2_0.2","min5",25000,4.08890843628991,0.75504907262927
"Tile","whole_genome_tile_clock",1619,"Train","Lasso","Brain","r2_0.2","nofilter",25000,5.15342480632575,0.16993173359263
"Tile","whole_genome_tile_clock",1619,"Validation","Lasso","Brain","r2_0.2","nofilter",25000,4.08890843628991,0.75504907262927
"Tile","whole_genome_tile_clock",1620,"Train","Lasso","Brain","r2_0.2","min10",5000,2.71141910240676,0.894511630591834
"Tile","whole_genome_tile_clock",1620,"Validation","Lasso","Brain","r2_0.2","min10",5000,4.56348806297737,0.658068829777366
"Tile","whole_genome_tile_clock",1621,"Train","Lasso","Brain","r2_0.2","min20",5000,4.12819589016432,0.505692489176407
"Tile","whole_genome_tile_clock",1621,"Validation","Lasso","Brain","r2_0.2","min20",5000,5.10428477434267,0.854364975910647
"Tile","whole_genome_tile_clock",1622,"Train","Lasso","Brain","r2_0.2","min5",5000,1.62736355776743,0.961319271263123
"Tile","whole_genome_tile_clock",1622,"Validation","Lasso","Brain","r2_0.2","min5",5000,3.05068995974443,0.655866241615502
"Tile","whole_genome_tile_clock",1623,"Train","Lasso","Brain","r2_0.2","nofilter",5000,1.79216213616239,0.954018118396587
"Tile","whole_genome_tile_clock",1623,"Validation","Lasso","Brain","r2_0.2","nofilter",5000,3.02256440470362,0.714783748761378
"Tile","whole_genome_tile_clock",1624,"Train","Lasso","Brain","r2_0.2","min10",500,0.696333151151973,0.994315999721265
"Tile","whole_genome_tile_clock",1624,"Validation","Lasso","Brain","r2_0.2","min10",500,3.41621728204835,0.8680780010975
"Tile","whole_genome_tile_clock",1625,"Train","Lasso","Brain","r2_0.2","min20",500,0.232460844699981,0.998721717541885
"Tile","whole_genome_tile_clock",1625,"Validation","Lasso","Brain","r2_0.2","min20",500,3.85511573582294,0.770697615851046
"Tile","whole_genome_tile_clock",1626,"Train","Lasso","Brain","r2_0.2","min5",500,1.23499224052931,0.984406011519407
"Tile","whole_genome_tile_clock",1626,"Validation","Lasso","Brain","r2_0.2","min5",500,2.61421080997919,0.701996377059621
"Tile","whole_genome_tile_clock",1627,"Train","Lasso","Brain","r2_0.2","nofilter",500,0.406117478664082,0.998552960457581
"Tile","whole_genome_tile_clock",1627,"Validation","Lasso","Brain","r2_0.2","nofilter",500,3.22636722148724,0.793775880211453
"Tile","whole_genome_tile_clock",1628,"Train","Lasso","Brain","r2_0.2","min10",50,4.55350911718705,0.50343936760454
"Tile","whole_genome_tile_clock",1628,"Validation","Lasso","Brain","r2_0.2","min10",50,5.22512059633668,0.302521404008267
"Tile","whole_genome_tile_clock",1629,"Train","Lasso","Brain","r2_0.2","min20",50,1.53732401525235,0.95316559195709
"Tile","whole_genome_tile_clock",1629,"Validation","Lasso","Brain","r2_0.2","min20",50,4.53975636518215,0.479056701674889
"Tile","whole_genome_tile_clock",1630,"Train","Lasso","Brain","r2_0.2","min5",50,5.00815170043069,0.426061934446428
"Tile","whole_genome_tile_clock",1630,"Validation","Lasso","Brain","r2_0.2","min5",50,3.30367021196809,0.778833221582779
"Tile","whole_genome_tile_clock",1631,"Train","Lasso","Brain","r2_0.2","nofilter",50,4.99995187762194,0.427645418534719
"Tile","whole_genome_tile_clock",1631,"Validation","Lasso","Brain","r2_0.2","nofilter",50,2.63425243336143,0.717529432950525
"Tile","whole_genome_tile_clock",1632,"Train","Lasso","Brain","r2_0.3","min10",1000,3.14801953397459,0.817551286410748
"Tile","whole_genome_tile_clock",1632,"Validation","Lasso","Brain","r2_0.3","min10",1000,4.02143409256808,0.788581867532094
"Tile","whole_genome_tile_clock",1633,"Train","Lasso","Brain","r2_0.3","min20",1000,3.48759850775414,0.803255899382905
"Tile","whole_genome_tile_clock",1633,"Validation","Lasso","Brain","r2_0.3","min20",1000,3.83983201884708,0.857697540497078
"Tile","whole_genome_tile_clock",1634,"Train","Lasso","Brain","r2_0.3","min5",1000,3.69744509298582,0.766039522173662
"Tile","whole_genome_tile_clock",1634,"Validation","Lasso","Brain","r2_0.3","min5",1000,3.48846692385995,0.786204226211781
"Tile","whole_genome_tile_clock",1635,"Train","Lasso","Brain","r2_0.3","nofilter",1000,3.00031318212361,0.842002805657277
"Tile","whole_genome_tile_clock",1635,"Validation","Lasso","Brain","r2_0.3","nofilter",1000,2.6595367361556,0.692948564033427
"Tile","whole_genome_tile_clock",1636,"Train","Lasso","Brain","r2_0.3","min10",100,2.74472548380404,0.874696668147341
"Tile","whole_genome_tile_clock",1636,"Validation","Lasso","Brain","r2_0.3","min10",100,3.01562022602156,0.723089732116185
"Tile","whole_genome_tile_clock",1637,"Train","Lasso","Brain","r2_0.3","min20",100,2.46284482204629,0.897687774839788
"Tile","whole_genome_tile_clock",1637,"Validation","Lasso","Brain","r2_0.3","min20",100,3.11807164583706,0.819825830052522
"Tile","whole_genome_tile_clock",1638,"Train","Lasso","Brain","r2_0.3","min5",100,4.34442971426871,0.655222080945584
"Tile","whole_genome_tile_clock",1638,"Validation","Lasso","Brain","r2_0.3","min5",100,3.46347898898447,0.703360434534253
"Tile","whole_genome_tile_clock",1639,"Train","Lasso","Brain","r2_0.3","nofilter",100,1.50743898894916,0.964946950277855
"Tile","whole_genome_tile_clock",1639,"Validation","Lasso","Brain","r2_0.3","nofilter",100,4.08651946295694,0.735291983953422
"Tile","whole_genome_tile_clock",1640,"Train","Lasso","Brain","r2_0.3","min10",2000,4.72489104374354,0.354179388435275
"Tile","whole_genome_tile_clock",1640,"Validation","Lasso","Brain","r2_0.3","min10",2000,4.09281561463897,0.683193893828754
"Tile","whole_genome_tile_clock",1641,"Train","Lasso","Brain","r2_0.3","min20",2000,4.28894749256703,0.433844053099585
"Tile","whole_genome_tile_clock",1641,"Validation","Lasso","Brain","r2_0.3","min20",2000,3.58326107927896,0.628875684649139
"Tile","whole_genome_tile_clock",1642,"Train","Lasso","Brain","r2_0.3","min5",2000,4.67830480194846,0.479890740905211
"Tile","whole_genome_tile_clock",1642,"Validation","Lasso","Brain","r2_0.3","min5",2000,4.23259532526887,0.796815752485273
"Tile","whole_genome_tile_clock",1643,"Train","Lasso","Brain","r2_0.3","nofilter",2000,5.17736197736766,0.243220287115503
"Tile","whole_genome_tile_clock",1643,"Validation","Lasso","Brain","r2_0.3","nofilter",2000,4.84976006421723,0.550926206222361
"Tile","whole_genome_tile_clock",1644,"Train","Lasso","Brain","r2_0.3","min10",25000,4.67381156056653,0.405231048838244
"Tile","whole_genome_tile_clock",1644,"Validation","Lasso","Brain","r2_0.3","min10",25000,4.60196669117301,0.40108962399263
"Tile","whole_genome_tile_clock",1645,"Train","Lasso","Brain","r2_0.3","min20",25000,2.26686096522935,0.885961258921542
"Tile","whole_genome_tile_clock",1645,"Validation","Lasso","Brain","r2_0.3","min20",25000,4.49937585336155,0.805411525960387
"Tile","whole_genome_tile_clock",1646,"Train","Lasso","Brain","r2_0.3","min5",25000,4.11614770550793,0.600080093293121
"Tile","whole_genome_tile_clock",1646,"Validation","Lasso","Brain","r2_0.3","min5",25000,5.07338840818124,0.839179586817271
"Tile","whole_genome_tile_clock",1647,"Train","Lasso","Brain","r2_0.3","nofilter",25000,4.11614770550793,0.600080093293121
"Tile","whole_genome_tile_clock",1647,"Validation","Lasso","Brain","r2_0.3","nofilter",25000,5.07338840818124,0.839179586817271
"Tile","whole_genome_tile_clock",1648,"Train","Lasso","Brain","r2_0.3","min10",5000,4.35778797809253,0.546851834101523
"Tile","whole_genome_tile_clock",1648,"Validation","Lasso","Brain","r2_0.3","min10",5000,4.33767303719152,0.601786761049359
"Tile","whole_genome_tile_clock",1649,"Train","Lasso","Brain","r2_0.3","min20",5000,4.58322762078149,0.336279721773009
"Tile","whole_genome_tile_clock",1649,"Validation","Lasso","Brain","r2_0.3","min20",5000,4.75226418980321,0.482058490215222
"Tile","whole_genome_tile_clock",1650,"Train","Lasso","Brain","r2_0.3","min5",5000,3.21894425899928,0.765378378335048
"Tile","whole_genome_tile_clock",1650,"Validation","Lasso","Brain","r2_0.3","min5",5000,4.25544614687766,0.710464905792531
"Tile","whole_genome_tile_clock",1651,"Train","Lasso","Brain","r2_0.3","nofilter",5000,3.2397100826311,0.761530916517223
"Tile","whole_genome_tile_clock",1651,"Validation","Lasso","Brain","r2_0.3","nofilter",5000,4.25723427244043,0.710056558102482
"Tile","whole_genome_tile_clock",1652,"Train","Lasso","Brain","r2_0.3","min10",500,5.17239731027436,0.190892236905506
"Tile","whole_genome_tile_clock",1652,"Validation","Lasso","Brain","r2_0.3","min10",500,4.50871364861012,0.652225708793398
"Tile","whole_genome_tile_clock",1653,"Train","Lasso","Brain","r2_0.3","min20",500,2.8233401308439,0.824673220189385
"Tile","whole_genome_tile_clock",1653,"Validation","Lasso","Brain","r2_0.3","min20",500,4.31445986429552,0.784575074520842
"Tile","whole_genome_tile_clock",1654,"Train","Lasso","Brain","r2_0.3","min5",500,2.74419631242748,0.92023207732772
"Tile","whole_genome_tile_clock",1654,"Validation","Lasso","Brain","r2_0.3","min5",500,4.18415354491862,0.644566491261231
"Tile","whole_genome_tile_clock",1655,"Train","Lasso","Brain","r2_0.3","nofilter",500,2.79713015409863,0.913861338304594
"Tile","whole_genome_tile_clock",1655,"Validation","Lasso","Brain","r2_0.3","nofilter",500,4.28789051866955,0.733533738865909
"Tile","whole_genome_tile_clock",1656,"Train","Lasso","Brain","r2_0.3","min10",50,1.93523713553667,0.829025139988111
"Tile","whole_genome_tile_clock",1656,"Validation","Lasso","Brain","r2_0.3","min10",50,4.43732475220334,0.774342469610186
"Tile","whole_genome_tile_clock",1657,"Train","Lasso","Brain","r2_0.3","min20",50,2.0566882491994,0.918493506413482
"Tile","whole_genome_tile_clock",1657,"Validation","Lasso","Brain","r2_0.3","min20",50,4.28172107808135,0.671064897294723
"Tile","whole_genome_tile_clock",1658,"Train","Lasso","Brain","r2_0.3","min5",50,3.24800501994656,0.727151596726635
"Tile","whole_genome_tile_clock",1658,"Validation","Lasso","Brain","r2_0.3","min5",50,4.48411286449787,0.411246249970046
"Tile","whole_genome_tile_clock",1659,"Train","Lasso","Brain","r2_0.3","nofilter",50,4.80864473470433,0.456966558821412
"Tile","whole_genome_tile_clock",1659,"Validation","Lasso","Brain","r2_0.3","nofilter",50,3.33011774906278,0.683702542372549
"Tile","whole_genome_tile_clock",1660,"Train","Lasso","Fin_clip_caudal","r2_0.05","min10",1000,1.64340200104991,0.914926918788002
"Tile","whole_genome_tile_clock",1660,"Validation","Lasso","Fin_clip_caudal","r2_0.05","min10",1000,7.62966446049819,0.523543247702577
"Tile","whole_genome_tile_clock",1661,"Train","Lasso","Fin_clip_caudal","r2_0.05","min20",1000,2.33853957427207,0.881081120390022
"Tile","whole_genome_tile_clock",1661,"Validation","Lasso","Fin_clip_caudal","r2_0.05","min20",1000,6.28422132252788,0.6356602947172
"Tile","whole_genome_tile_clock",1662,"Train","Lasso","Fin_clip_caudal","r2_0.05","min5",1000,1.46392796277912,0.964666580512174
"Tile","whole_genome_tile_clock",1662,"Validation","Lasso","Fin_clip_caudal","r2_0.05","min5",1000,10.4310957531676,0.514432701067908
"Tile","whole_genome_tile_clock",1663,"Train","Lasso","Fin_clip_caudal","r2_0.05","nofilter",1000,0.16648418182802,0.999615243540284
"Tile","whole_genome_tile_clock",1663,"Validation","Lasso","Fin_clip_caudal","r2_0.05","nofilter",1000,6.45102023667242,0.595437837392512
"Tile","whole_genome_tile_clock",1664,"Train","Lasso","Fin_clip_caudal","r2_0.05","min10",100,0.157858658515816,0.99976520309872
"Tile","whole_genome_tile_clock",1664,"Validation","Lasso","Fin_clip_caudal","r2_0.05","min10",100,2.54760546924781,0.702216432867867
"Tile","whole_genome_tile_clock",1665,"Train","Lasso","Fin_clip_caudal","r2_0.05","min20",100,1.31175633594943,0.977540385964318
"Tile","whole_genome_tile_clock",1665,"Validation","Lasso","Fin_clip_caudal","r2_0.05","min20",100,4.93224412720461,0.495826457383534
"Tile","whole_genome_tile_clock",1666,"Train","Lasso","Fin_clip_caudal","r2_0.05","min5",100,0.17175671132667,0.999683811895055
"Tile","whole_genome_tile_clock",1666,"Validation","Lasso","Fin_clip_caudal","r2_0.05","min5",100,9.20583918332317,0.569089945831993
"Tile","whole_genome_tile_clock",1667,"Train","Lasso","Fin_clip_caudal","r2_0.05","nofilter",100,3.19468374981595,0.835892309014032
"Tile","whole_genome_tile_clock",1667,"Validation","Lasso","Fin_clip_caudal","r2_0.05","nofilter",100,8.61735616122355,0.528453435784164
"Tile","whole_genome_tile_clock",1668,"Train","Lasso","Fin_clip_caudal","r2_0.05","min10",2000,2.68376406697036,0.803957501168405
"Tile","whole_genome_tile_clock",1668,"Validation","Lasso","Fin_clip_caudal","r2_0.05","min10",2000,8.25845911328412,0.571746023207888
"Tile","whole_genome_tile_clock",1669,"Train","Lasso","Fin_clip_caudal","r2_0.05","min20",2000,1.04124205711356,0.948101597609277
"Tile","whole_genome_tile_clock",1669,"Validation","Lasso","Fin_clip_caudal","r2_0.05","min20",2000,8.26761600225911,0.474170078181136
"Tile","whole_genome_tile_clock",1670,"Train","Lasso","Fin_clip_caudal","r2_0.05","min5",2000,4.90865033632463,0.323995987661504
"Tile","whole_genome_tile_clock",1670,"Validation","Lasso","Fin_clip_caudal","r2_0.05","min5",2000,7.50068364816421,0.62715152953556
"Tile","whole_genome_tile_clock",1671,"Train","Lasso","Fin_clip_caudal","r2_0.05","nofilter",2000,0.554013916447766,0.993131594798296
"Tile","whole_genome_tile_clock",1671,"Validation","Lasso","Fin_clip_caudal","r2_0.05","nofilter",2000,7.69266073487415,0.613947874401611
"Tile","whole_genome_tile_clock",1672,"Train","Lasso","Fin_clip_caudal","r2_0.05","min10",25000,0.166779917925184,0.999590280630615
"Tile","whole_genome_tile_clock",1672,"Validation","Lasso","Fin_clip_caudal","r2_0.05","min10",25000,7.73834810294472,0.727794136622939
"Tile","whole_genome_tile_clock",1673,"Train","Lasso","Fin_clip_caudal","r2_0.05","min20",25000,3.59204394052346,0.667564962263767
"Tile","whole_genome_tile_clock",1673,"Validation","Lasso","Fin_clip_caudal","r2_0.05","min20",25000,6.32761402803953,0.51800121237263
"Tile","whole_genome_tile_clock",1674,"Train","Lasso","Fin_clip_caudal","r2_0.05","min5",25000,0.157360844156144,0.999624963358163
"Tile","whole_genome_tile_clock",1674,"Validation","Lasso","Fin_clip_caudal","r2_0.05","min5",25000,7.47985557729876,0.473944621455604
"Tile","whole_genome_tile_clock",1675,"Train","Lasso","Fin_clip_caudal","r2_0.05","nofilter",25000,0.167632358880791,0.999525378197354
"Tile","whole_genome_tile_clock",1675,"Validation","Lasso","Fin_clip_caudal","r2_0.05","nofilter",25000,9.52512488113761,0.576640027633674
"Tile","whole_genome_tile_clock",1676,"Train","Lasso","Fin_clip_caudal","r2_0.05","min10",5000,0.436957183320641,0.997288208612978
"Tile","whole_genome_tile_clock",1676,"Validation","Lasso","Fin_clip_caudal","r2_0.05","min10",5000,9.1077662301235,0.653100425874317
"Tile","whole_genome_tile_clock",1677,"Train","Lasso","Fin_clip_caudal","r2_0.05","min20",5000,0.160169695114937,0.999611270358493
"Tile","whole_genome_tile_clock",1677,"Validation","Lasso","Fin_clip_caudal","r2_0.05","min20",5000,9.82341060204611,0.71811274678412
"Tile","whole_genome_tile_clock",1678,"Train","Lasso","Fin_clip_caudal","r2_0.05","min5",5000,1.75680567696398,0.958325942684645
"Tile","whole_genome_tile_clock",1678,"Validation","Lasso","Fin_clip_caudal","r2_0.05","min5",5000,4.64763047582654,0.68643861225426
"Tile","whole_genome_tile_clock",1679,"Train","Lasso","Fin_clip_caudal","r2_0.05","nofilter",5000,2.40733543367961,0.90814882747333
"Tile","whole_genome_tile_clock",1679,"Validation","Lasso","Fin_clip_caudal","r2_0.05","nofilter",5000,4.68820740116109,0.687108461096696
"Tile","whole_genome_tile_clock",1680,"Train","Lasso","Fin_clip_caudal","r2_0.05","min10",500,0.474394551384748,0.997581533669823
"Tile","whole_genome_tile_clock",1680,"Validation","Lasso","Fin_clip_caudal","r2_0.05","min10",500,8.45020495435961,0.551795057001086
"Tile","whole_genome_tile_clock",1681,"Train","Lasso","Fin_clip_caudal","r2_0.05","min20",500,0.372575217012714,0.998670148498212
"Tile","whole_genome_tile_clock",1681,"Validation","Lasso","Fin_clip_caudal","r2_0.05","min20",500,6.31730889455983,0.467298962159562
"Tile","whole_genome_tile_clock",1682,"Train","Lasso","Fin_clip_caudal","r2_0.05","min5",500,1.51693334499997,0.966881124105558
"Tile","whole_genome_tile_clock",1682,"Validation","Lasso","Fin_clip_caudal","r2_0.05","min5",500,3.89776727560712,0.669998744050721
"Tile","whole_genome_tile_clock",1683,"Train","Lasso","Fin_clip_caudal","r2_0.05","nofilter",500,1.87352863147081,0.960707989385695
"Tile","whole_genome_tile_clock",1683,"Validation","Lasso","Fin_clip_caudal","r2_0.05","nofilter",500,3.83366352334124,0.574427485162641
"Tile","whole_genome_tile_clock",1684,"Train","Lasso","Fin_clip_caudal","r2_0.05","min10",50,0.484173198182826,0.996723608283101
"Tile","whole_genome_tile_clock",1684,"Validation","Lasso","Fin_clip_caudal","r2_0.05","min10",50,7.41061302265968,0.558511708255516
"Tile","whole_genome_tile_clock",1685,"Train","Lasso","Fin_clip_caudal","r2_0.05","min20",50,4.25622404897734,0.551318136693435
"Tile","whole_genome_tile_clock",1685,"Validation","Lasso","Fin_clip_caudal","r2_0.05","min20",50,5.9539500669157,0.84558524998693
"Tile","whole_genome_tile_clock",1686,"Train","Lasso","Fin_clip_caudal","r2_0.05","min5",50,0.174750436736813,0.999754286728857
"Tile","whole_genome_tile_clock",1686,"Validation","Lasso","Fin_clip_caudal","r2_0.05","min5",50,8.05037682925941,0.539397004047062
"Tile","whole_genome_tile_clock",1687,"Train","Lasso","Fin_clip_caudal","r2_0.05","nofilter",50,0.440486945360837,0.997654291354673
"Tile","whole_genome_tile_clock",1687,"Validation","Lasso","Fin_clip_caudal","r2_0.05","nofilter",50,4.51382332341586,0.812833835038911
"Tile","whole_genome_tile_clock",1688,"Train","Lasso","Fin_clip_caudal","r2_0.1","min10",1000,2.14817713211438,0.905808895826424
"Tile","whole_genome_tile_clock",1688,"Validation","Lasso","Fin_clip_caudal","r2_0.1","min10",1000,9.94448661598577,0.543287064837147
"Tile","whole_genome_tile_clock",1689,"Train","Lasso","Fin_clip_caudal","r2_0.1","min20",1000,2.72844846928833,0.77917542776662
"Tile","whole_genome_tile_clock",1689,"Validation","Lasso","Fin_clip_caudal","r2_0.1","min20",1000,6.74931598524247,0.558134649243879
"Tile","whole_genome_tile_clock",1690,"Train","Lasso","Fin_clip_caudal","r2_0.1","min5",1000,0.743457186045596,0.992397581314119
"Tile","whole_genome_tile_clock",1690,"Validation","Lasso","Fin_clip_caudal","r2_0.1","min5",1000,8.51721738399669,0.608915747080112
"Tile","whole_genome_tile_clock",1691,"Train","Lasso","Fin_clip_caudal","r2_0.1","nofilter",1000,0.978666417713996,0.98483954909357
"Tile","whole_genome_tile_clock",1691,"Validation","Lasso","Fin_clip_caudal","r2_0.1","nofilter",1000,9.46231427581768,0.592105529261739
"Tile","whole_genome_tile_clock",1692,"Train","Lasso","Fin_clip_caudal","r2_0.1","min10",100,0.168254910378882,0.999719024639348
"Tile","whole_genome_tile_clock",1692,"Validation","Lasso","Fin_clip_caudal","r2_0.1","min10",100,6.9331402521163,0.578303850686153
"Tile","whole_genome_tile_clock",1693,"Train","Lasso","Fin_clip_caudal","r2_0.1","min20",100,0.170675444163458,0.999764931676679
"Tile","whole_genome_tile_clock",1693,"Validation","Lasso","Fin_clip_caudal","r2_0.1","min20",100,4.76285695136487,0.463895884694717
"Tile","whole_genome_tile_clock",1694,"Train","Lasso","Fin_clip_caudal","r2_0.1","min5",100,0.839918362178233,0.990534794339049
"Tile","whole_genome_tile_clock",1694,"Validation","Lasso","Fin_clip_caudal","r2_0.1","min5",100,8.1224223312035,0.615242435693538
"Tile","whole_genome_tile_clock",1695,"Train","Lasso","Fin_clip_caudal","r2_0.1","nofilter",100,0.307313043358966,0.999011782423791
"Tile","whole_genome_tile_clock",1695,"Validation","Lasso","Fin_clip_caudal","r2_0.1","nofilter",100,9.38407779205318,0.569212583148459
"Tile","whole_genome_tile_clock",1696,"Train","Lasso","Fin_clip_caudal","r2_0.1","min10",2000,0.165467210371317,0.99967434947994
"Tile","whole_genome_tile_clock",1696,"Validation","Lasso","Fin_clip_caudal","r2_0.1","min10",2000,11.4497009711639,0.517494699245962
"Tile","whole_genome_tile_clock",1697,"Train","Lasso","Fin_clip_caudal","r2_0.1","min20",2000,0.296283816311318,0.99797958351245
"Tile","whole_genome_tile_clock",1697,"Validation","Lasso","Fin_clip_caudal","r2_0.1","min20",2000,8.05724366261086,0.795895520253981
"Tile","whole_genome_tile_clock",1698,"Train","Lasso","Fin_clip_caudal","r2_0.1","min5",2000,0.166098824684676,0.999593696962781
"Tile","whole_genome_tile_clock",1698,"Validation","Lasso","Fin_clip_caudal","r2_0.1","min5",2000,9.24669711964233,0.630492084602341
"Tile","whole_genome_tile_clock",1699,"Train","Lasso","Fin_clip_caudal","r2_0.1","nofilter",2000,3.57504150012184,0.768418861235157
"Tile","whole_genome_tile_clock",1699,"Validation","Lasso","Fin_clip_caudal","r2_0.1","nofilter",2000,6.62666165110562,0.647532840938549
"Tile","whole_genome_tile_clock",1700,"Train","Lasso","Fin_clip_caudal","r2_0.1","min10",25000,0.85267310239553,0.981877777361945
"Tile","whole_genome_tile_clock",1700,"Validation","Lasso","Fin_clip_caudal","r2_0.1","min10",25000,6.85323373459144,0.69018386270784
"Tile","whole_genome_tile_clock",1701,"Train","Lasso","Fin_clip_caudal","r2_0.1","min20",25000,4.52937299172364,0.437336396328346
"Tile","whole_genome_tile_clock",1701,"Validation","Lasso","Fin_clip_caudal","r2_0.1","min20",25000,4.12525345663127,0.550758363292131
"Tile","whole_genome_tile_clock",1702,"Train","Lasso","Fin_clip_caudal","r2_0.1","min5",25000,0.525103812680209,0.992584005132875
"Tile","whole_genome_tile_clock",1702,"Validation","Lasso","Fin_clip_caudal","r2_0.1","min5",25000,10.0581928241941,0.730434947007472
"Tile","whole_genome_tile_clock",1703,"Train","Lasso","Fin_clip_caudal","r2_0.1","nofilter",25000,3.13587040890194,0.746381591176827
"Tile","whole_genome_tile_clock",1703,"Validation","Lasso","Fin_clip_caudal","r2_0.1","nofilter",25000,8.9644016566562,0.584958716708488
"Tile","whole_genome_tile_clock",1704,"Train","Lasso","Fin_clip_caudal","r2_0.1","min10",5000,3.67233794089519,0.701072800161792
"Tile","whole_genome_tile_clock",1704,"Validation","Lasso","Fin_clip_caudal","r2_0.1","min10",5000,10.5565412794638,0.53383529388298
"Tile","whole_genome_tile_clock",1705,"Train","Lasso","Fin_clip_caudal","r2_0.1","min20",5000,2.66739016391115,0.885578207596124
"Tile","whole_genome_tile_clock",1705,"Validation","Lasso","Fin_clip_caudal","r2_0.1","min20",5000,10.6759462888794,0.863064924613588
"Tile","whole_genome_tile_clock",1706,"Train","Lasso","Fin_clip_caudal","r2_0.1","min5",5000,1.28866039733812,0.967826223156185
"Tile","whole_genome_tile_clock",1706,"Validation","Lasso","Fin_clip_caudal","r2_0.1","min5",5000,3.50547893329849,0.612858965338629
"Tile","whole_genome_tile_clock",1707,"Train","Lasso","Fin_clip_caudal","r2_0.1","nofilter",5000,0.986288393514152,0.983608468420205
"Tile","whole_genome_tile_clock",1707,"Validation","Lasso","Fin_clip_caudal","r2_0.1","nofilter",5000,8.06742044137114,0.868437378177788
"Tile","whole_genome_tile_clock",1708,"Train","Lasso","Fin_clip_caudal","r2_0.1","min10",500,2.60404604931632,0.84733406670898
"Tile","whole_genome_tile_clock",1708,"Validation","Lasso","Fin_clip_caudal","r2_0.1","min10",500,8.02355561105808,0.807999848713478
"Tile","whole_genome_tile_clock",1709,"Train","Lasso","Fin_clip_caudal","r2_0.1","min20",500,3.99898188396842,0.648013608999493
"Tile","whole_genome_tile_clock",1709,"Validation","Lasso","Fin_clip_caudal","r2_0.1","min20",500,7.66224454253747,0.665662375334452
"Tile","whole_genome_tile_clock",1710,"Train","Lasso","Fin_clip_caudal","r2_0.1","min5",500,1.10434767873567,0.966241398237621
"Tile","whole_genome_tile_clock",1710,"Validation","Lasso","Fin_clip_caudal","r2_0.1","min5",500,4.30749246086289,0.43750570966462
"Tile","whole_genome_tile_clock",1711,"Train","Lasso","Fin_clip_caudal","r2_0.1","nofilter",500,1.16676528044483,0.96732496198633
"Tile","whole_genome_tile_clock",1711,"Validation","Lasso","Fin_clip_caudal","r2_0.1","nofilter",500,3.81485011253387,0.71897852591409
"Tile","whole_genome_tile_clock",1712,"Train","Lasso","Fin_clip_caudal","r2_0.1","min10",50,0.159997039752832,0.999790731684956
"Tile","whole_genome_tile_clock",1712,"Validation","Lasso","Fin_clip_caudal","r2_0.1","min10",50,8.01955181160075,0.399780959297078
"Tile","whole_genome_tile_clock",1713,"Train","Lasso","Fin_clip_caudal","r2_0.1","min20",50,2.67499454973907,0.872071715813215
"Tile","whole_genome_tile_clock",1713,"Validation","Lasso","Fin_clip_caudal","r2_0.1","min20",50,4.78792324621992,0.536156862341994
"Tile","whole_genome_tile_clock",1714,"Train","Lasso","Fin_clip_caudal","r2_0.1","min5",50,0.331250585819664,0.999194147732055
"Tile","whole_genome_tile_clock",1714,"Validation","Lasso","Fin_clip_caudal","r2_0.1","min5",50,5.09276710176144,0.70036427236387
"Tile","whole_genome_tile_clock",1715,"Train","Lasso","Fin_clip_caudal","r2_0.1","nofilter",50,0.396630097835289,0.997768153215035
"Tile","whole_genome_tile_clock",1715,"Validation","Lasso","Fin_clip_caudal","r2_0.1","nofilter",50,7.97249789896016,0.710724387916018
"Tile","whole_genome_tile_clock",1716,"Train","Lasso","Fin_clip_caudal","r2_0.2","min10",1000,0.517279437688488,0.994608101110186
"Tile","whole_genome_tile_clock",1716,"Validation","Lasso","Fin_clip_caudal","r2_0.2","min10",1000,8.31631813428849,0.619713882954534
"Tile","whole_genome_tile_clock",1717,"Train","Lasso","Fin_clip_caudal","r2_0.2","min20",1000,0.156653792851925,0.999433582289964
"Tile","whole_genome_tile_clock",1717,"Validation","Lasso","Fin_clip_caudal","r2_0.2","min20",1000,9.24466677244137,0.754220053518767
"Tile","whole_genome_tile_clock",1718,"Train","Lasso","Fin_clip_caudal","r2_0.2","min5",1000,1.49579702285527,0.959751113550995
"Tile","whole_genome_tile_clock",1718,"Validation","Lasso","Fin_clip_caudal","r2_0.2","min5",1000,6.79305683422797,0.680530894441242
"Tile","whole_genome_tile_clock",1719,"Train","Lasso","Fin_clip_caudal","r2_0.2","nofilter",1000,0.851489635921259,0.989158267038913
"Tile","whole_genome_tile_clock",1719,"Validation","Lasso","Fin_clip_caudal","r2_0.2","nofilter",1000,8.21905297375649,0.600685781529072
"Tile","whole_genome_tile_clock",1720,"Train","Lasso","Fin_clip_caudal","r2_0.2","min10",100,2.00462338056335,0.935393928742761
"Tile","whole_genome_tile_clock",1720,"Validation","Lasso","Fin_clip_caudal","r2_0.2","min10",100,7.10648239776624,0.594067411583488
"Tile","whole_genome_tile_clock",1721,"Train","Lasso","Fin_clip_caudal","r2_0.2","min20",100,1.17127194887354,0.970403814297304
"Tile","whole_genome_tile_clock",1721,"Validation","Lasso","Fin_clip_caudal","r2_0.2","min20",100,12.5421412783259,0.656610409979541
"Tile","whole_genome_tile_clock",1722,"Train","Lasso","Fin_clip_caudal","r2_0.2","min5",100,0.16485884646078,0.999665772720108
"Tile","whole_genome_tile_clock",1722,"Validation","Lasso","Fin_clip_caudal","r2_0.2","min5",100,4.31593771232001,0.492435712266978
"Tile","whole_genome_tile_clock",1723,"Train","Lasso","Fin_clip_caudal","r2_0.2","nofilter",100,0.167500456206815,0.999640861587988
"Tile","whole_genome_tile_clock",1723,"Validation","Lasso","Fin_clip_caudal","r2_0.2","nofilter",100,10.7207999968948,0.691889897530582
"Tile","whole_genome_tile_clock",1724,"Train","Lasso","Fin_clip_caudal","r2_0.2","min10",2000,2.14359697343024,0.894692762506558
"Tile","whole_genome_tile_clock",1724,"Validation","Lasso","Fin_clip_caudal","r2_0.2","min10",2000,7.33133414060268,0.614751429341643
"Tile","whole_genome_tile_clock",1725,"Train","Lasso","Fin_clip_caudal","r2_0.2","min20",2000,1.04832721329238,0.968826367579013
"Tile","whole_genome_tile_clock",1725,"Validation","Lasso","Fin_clip_caudal","r2_0.2","min20",2000,8.08384027498327,0.756554741640573
"Tile","whole_genome_tile_clock",1726,"Train","Lasso","Fin_clip_caudal","r2_0.2","min5",2000,0.432894518544863,0.996473046298063
"Tile","whole_genome_tile_clock",1726,"Validation","Lasso","Fin_clip_caudal","r2_0.2","min5",2000,7.98939174266161,0.748835266215243
"Tile","whole_genome_tile_clock",1727,"Train","Lasso","Fin_clip_caudal","r2_0.2","nofilter",2000,1.06563282505269,0.975405399161044
"Tile","whole_genome_tile_clock",1727,"Validation","Lasso","Fin_clip_caudal","r2_0.2","nofilter",2000,9.62129853556213,0.633937576827248
"Tile","whole_genome_tile_clock",1728,"Train","Lasso","Fin_clip_caudal","r2_0.2","min10",25000,1.53745754685594,0.933293411622191
"Tile","whole_genome_tile_clock",1728,"Validation","Lasso","Fin_clip_caudal","r2_0.2","min10",25000,11.6218242053242,0.618522027352273
"Tile","whole_genome_tile_clock",1729,"Train","Lasso","Fin_clip_caudal","r2_0.2","min20",25000,2.29874394083005,0.849050512106323
"Tile","whole_genome_tile_clock",1729,"Validation","Lasso","Fin_clip_caudal","r2_0.2","min20",25000,7.5795201166288,0.538346070256943
"Tile","whole_genome_tile_clock",1730,"Train","Lasso","Fin_clip_caudal","r2_0.2","min5",25000,2.41156326511634,0.777141572530177
"Tile","whole_genome_tile_clock",1730,"Validation","Lasso","Fin_clip_caudal","r2_0.2","min5",25000,10.1182003147279,0.570218014245057
"Tile","whole_genome_tile_clock",1731,"Train","Lasso","Fin_clip_caudal","r2_0.2","nofilter",25000,2.36023085424712,0.783747684427595
"Tile","whole_genome_tile_clock",1731,"Validation","Lasso","Fin_clip_caudal","r2_0.2","nofilter",25000,10.0410633541945,0.550178783149075
"Tile","whole_genome_tile_clock",1732,"Train","Lasso","Fin_clip_caudal","r2_0.2","min10",5000,0.169616456930108,0.99951930978069
"Tile","whole_genome_tile_clock",1732,"Validation","Lasso","Fin_clip_caudal","r2_0.2","min10",5000,9.602111599908,0.597095925160322
"Tile","whole_genome_tile_clock",1733,"Train","Lasso","Fin_clip_caudal","r2_0.2","min20",5000,1.32682716666398,0.966773889394582
"Tile","whole_genome_tile_clock",1733,"Validation","Lasso","Fin_clip_caudal","r2_0.2","min20",5000,7.22058164988019,0.642399145960831
"Tile","whole_genome_tile_clock",1734,"Train","Lasso","Fin_clip_caudal","r2_0.2","min5",5000,0.170200403242386,0.999492991216133
"Tile","whole_genome_tile_clock",1734,"Validation","Lasso","Fin_clip_caudal","r2_0.2","min5",5000,7.46746829671372,0.572407642076981
"Tile","whole_genome_tile_clock",1735,"Train","Lasso","Fin_clip_caudal","r2_0.2","nofilter",5000,0.161647037031671,0.999584095940937
"Tile","whole_genome_tile_clock",1735,"Validation","Lasso","Fin_clip_caudal","r2_0.2","nofilter",5000,9.57349995155138,0.577221508031162
"Tile","whole_genome_tile_clock",1736,"Train","Lasso","Fin_clip_caudal","r2_0.2","min10",500,0.73988517564177,0.989193822441884
"Tile","whole_genome_tile_clock",1736,"Validation","Lasso","Fin_clip_caudal","r2_0.2","min10",500,3.30486333407272,0.557753149280197
"Tile","whole_genome_tile_clock",1737,"Train","Lasso","Fin_clip_caudal","r2_0.2","min20",500,0.802308654852954,0.989490351736723
"Tile","whole_genome_tile_clock",1737,"Validation","Lasso","Fin_clip_caudal","r2_0.2","min20",500,3.34821992527059,0.776210181918128
"Tile","whole_genome_tile_clock",1738,"Train","Lasso","Fin_clip_caudal","r2_0.2","min5",500,1.42463293909714,0.969664426506418
"Tile","whole_genome_tile_clock",1738,"Validation","Lasso","Fin_clip_caudal","r2_0.2","min5",500,9.32159865064622,0.529926294982253
"Tile","whole_genome_tile_clock",1739,"Train","Lasso","Fin_clip_caudal","r2_0.2","nofilter",500,1.26448970578976,0.969875835673859
"Tile","whole_genome_tile_clock",1739,"Validation","Lasso","Fin_clip_caudal","r2_0.2","nofilter",500,8.02122365941505,0.563650384968449
"Tile","whole_genome_tile_clock",1740,"Train","Lasso","Fin_clip_caudal","r2_0.2","min10",50,0.162295661005397,0.999629249800467
"Tile","whole_genome_tile_clock",1740,"Validation","Lasso","Fin_clip_caudal","r2_0.2","min10",50,9.28431385788262,0.635877335424202
"Tile","whole_genome_tile_clock",1741,"Train","Lasso","Fin_clip_caudal","r2_0.2","min20",50,1.08965846285919,0.976255572687196
"Tile","whole_genome_tile_clock",1741,"Validation","Lasso","Fin_clip_caudal","r2_0.2","min20",50,8.11404081102041,0.536612124337824
"Tile","whole_genome_tile_clock",1742,"Train","Lasso","Fin_clip_caudal","r2_0.2","min5",50,0.164189927770344,0.999578514628273
"Tile","whole_genome_tile_clock",1742,"Validation","Lasso","Fin_clip_caudal","r2_0.2","min5",50,8.97433997532414,0.63623885284633
"Tile","whole_genome_tile_clock",1743,"Train","Lasso","Fin_clip_caudal","r2_0.2","nofilter",50,1.62214502348017,0.955719706776427
"Tile","whole_genome_tile_clock",1743,"Validation","Lasso","Fin_clip_caudal","r2_0.2","nofilter",50,6.44801819813374,0.654190486334932
"Tile","whole_genome_tile_clock",1744,"Train","Lasso","Fin_clip_caudal","r2_0.3","min10",1000,3.46887069416258,0.693245074259044
"Tile","whole_genome_tile_clock",1744,"Validation","Lasso","Fin_clip_caudal","r2_0.3","min10",1000,3.66641681099353,0.682851382708043
"Tile","whole_genome_tile_clock",1745,"Train","Lasso","Fin_clip_caudal","r2_0.3","min20",1000,0.190872718395195,0.998675969127791
"Tile","whole_genome_tile_clock",1745,"Validation","Lasso","Fin_clip_caudal","r2_0.3","min20",1000,9.72831994263971,0.616663058497423
"Tile","whole_genome_tile_clock",1746,"Train","Lasso","Fin_clip_caudal","r2_0.3","min5",1000,1.94142761970498,0.926299535469926
"Tile","whole_genome_tile_clock",1746,"Validation","Lasso","Fin_clip_caudal","r2_0.3","min5",1000,8.25097276639864,0.650008524588107
"Tile","whole_genome_tile_clock",1747,"Train","Lasso","Fin_clip_caudal","r2_0.3","nofilter",1000,2.22310678987433,0.878276944380333
"Tile","whole_genome_tile_clock",1747,"Validation","Lasso","Fin_clip_caudal","r2_0.3","nofilter",1000,6.93217754653091,0.633963073077504
"Tile","whole_genome_tile_clock",1748,"Train","Lasso","Fin_clip_caudal","r2_0.3","min10",100,2.32104615275738,0.883484374197716
"Tile","whole_genome_tile_clock",1748,"Validation","Lasso","Fin_clip_caudal","r2_0.3","min10",100,7.46138588842351,0.591056889195477
"Tile","whole_genome_tile_clock",1749,"Train","Lasso","Fin_clip_caudal","r2_0.3","min20",100,4.73454805835184,0.385694674820117
"Tile","whole_genome_tile_clock",1749,"Validation","Lasso","Fin_clip_caudal","r2_0.3","min20",100,5.93469672969752,0.437209055500205
"Tile","whole_genome_tile_clock",1750,"Train","Lasso","Fin_clip_caudal","r2_0.3","min5",100,0.180383656514282,0.999533769825531
"Tile","whole_genome_tile_clock",1750,"Validation","Lasso","Fin_clip_caudal","r2_0.3","min5",100,10.2112357603615,0.597323076098735
"Tile","whole_genome_tile_clock",1751,"Train","Lasso","Fin_clip_caudal","r2_0.3","nofilter",100,1.62238003804951,0.958593972408102
"Tile","whole_genome_tile_clock",1751,"Validation","Lasso","Fin_clip_caudal","r2_0.3","nofilter",100,8.54019441336179,0.811783446801172
"Tile","whole_genome_tile_clock",1752,"Train","Lasso","Fin_clip_caudal","r2_0.3","min10",2000,2.62313086981174,0.827020266619665
"Tile","whole_genome_tile_clock",1752,"Validation","Lasso","Fin_clip_caudal","r2_0.3","min10",2000,9.60281592706927,0.61521211752206
"Tile","whole_genome_tile_clock",1753,"Train","Lasso","Fin_clip_caudal","r2_0.3","min20",2000,0.493981504572783,0.994686575075646
"Tile","whole_genome_tile_clock",1753,"Validation","Lasso","Fin_clip_caudal","r2_0.3","min20",2000,9.22645329056007,0.616956181689406
"Tile","whole_genome_tile_clock",1754,"Train","Lasso","Fin_clip_caudal","r2_0.3","min5",2000,2.46579319467531,0.875371034538877
"Tile","whole_genome_tile_clock",1754,"Validation","Lasso","Fin_clip_caudal","r2_0.3","min5",2000,9.84819721147778,0.813540325024276
"Tile","whole_genome_tile_clock",1755,"Train","Lasso","Fin_clip_caudal","r2_0.3","nofilter",2000,1.95535220596421,0.932576664759533
"Tile","whole_genome_tile_clock",1755,"Validation","Lasso","Fin_clip_caudal","r2_0.3","nofilter",2000,3.98329529383699,0.574508389637271
"Tile","whole_genome_tile_clock",1756,"Train","Lasso","Fin_clip_caudal","r2_0.3","min10",25000,3.1078557119832,0.661201603552341
"Tile","whole_genome_tile_clock",1756,"Validation","Lasso","Fin_clip_caudal","r2_0.3","min10",25000,7.86375317091999,0.630875801337612
"Tile","whole_genome_tile_clock",1757,"Train","Lasso","Fin_clip_caudal","r2_0.3","min20",25000,3.73211622969068,0.532368648957371
"Tile","whole_genome_tile_clock",1757,"Validation","Lasso","Fin_clip_caudal","r2_0.3","min20",25000,6.47140813147393,0.627108436363525
"Tile","whole_genome_tile_clock",1758,"Train","Lasso","Fin_clip_caudal","r2_0.3","min5",25000,3.40647528478336,0.574432621013799
"Tile","whole_genome_tile_clock",1758,"Validation","Lasso","Fin_clip_caudal","r2_0.3","min5",25000,4.69279934724184,0.782506255576236
"Tile","whole_genome_tile_clock",1759,"Train","Lasso","Fin_clip_caudal","r2_0.3","nofilter",25000,3.84767917514923,0.47972581338797
"Tile","whole_genome_tile_clock",1759,"Validation","Lasso","Fin_clip_caudal","r2_0.3","nofilter",25000,6.73749818102746,0.464749571571628
"Tile","whole_genome_tile_clock",1760,"Train","Lasso","Fin_clip_caudal","r2_0.3","min10",5000,2.85014485199233,0.719880559308101
"Tile","whole_genome_tile_clock",1760,"Validation","Lasso","Fin_clip_caudal","r2_0.3","min10",5000,8.63141251256982,0.477368051942964
"Tile","whole_genome_tile_clock",1761,"Train","Lasso","Fin_clip_caudal","r2_0.3","min20",5000,1.08808802922733,0.963283624901698
"Tile","whole_genome_tile_clock",1761,"Validation","Lasso","Fin_clip_caudal","r2_0.3","min20",5000,8.14190535090786,0.547625476703459
"Tile","whole_genome_tile_clock",1762,"Train","Lasso","Fin_clip_caudal","r2_0.3","min5",5000,2.78254950084998,0.746528339440043
"Tile","whole_genome_tile_clock",1762,"Validation","Lasso","Fin_clip_caudal","r2_0.3","min5",5000,7.41670160927763,0.683443171759371
"Tile","whole_genome_tile_clock",1763,"Train","Lasso","Fin_clip_caudal","r2_0.3","nofilter",5000,4.33066731379006,0.442482224835257
"Tile","whole_genome_tile_clock",1763,"Validation","Lasso","Fin_clip_caudal","r2_0.3","nofilter",5000,4.82855513451461,0.751026004619979
"Tile","whole_genome_tile_clock",1764,"Train","Lasso","Fin_clip_caudal","r2_0.3","min10",500,1.12965489515216,0.972930748929587
"Tile","whole_genome_tile_clock",1764,"Validation","Lasso","Fin_clip_caudal","r2_0.3","min10",500,3.40404824261978,0.639517388270957
"Tile","whole_genome_tile_clock",1765,"Train","Lasso","Fin_clip_caudal","r2_0.3","min20",500,2.43222210229211,0.860699790828074
"Tile","whole_genome_tile_clock",1765,"Validation","Lasso","Fin_clip_caudal","r2_0.3","min20",500,7.21899463259059,0.701863529342461
"Tile","whole_genome_tile_clock",1766,"Train","Lasso","Fin_clip_caudal","r2_0.3","min5",500,2.02820718385317,0.923179757067979
"Tile","whole_genome_tile_clock",1766,"Validation","Lasso","Fin_clip_caudal","r2_0.3","min5",500,10.4364574453187,0.859528828502082
"Tile","whole_genome_tile_clock",1767,"Train","Lasso","Fin_clip_caudal","r2_0.3","nofilter",500,1.29421512539013,0.976302854287351
"Tile","whole_genome_tile_clock",1767,"Validation","Lasso","Fin_clip_caudal","r2_0.3","nofilter",500,7.62018359328277,0.723919430641015
"Tile","whole_genome_tile_clock",1768,"Train","Lasso","Fin_clip_caudal","r2_0.3","min10",50,3.10903154045929,0.812723051606012
"Tile","whole_genome_tile_clock",1768,"Validation","Lasso","Fin_clip_caudal","r2_0.3","min10",50,11.0316671042954,0.658948077553639
"Tile","whole_genome_tile_clock",1769,"Train","Lasso","Fin_clip_caudal","r2_0.3","min20",50,0.729466370568446,0.988775521194567
"Tile","whole_genome_tile_clock",1769,"Validation","Lasso","Fin_clip_caudal","r2_0.3","min20",50,8.54432351527377,0.622414190542511
"Tile","whole_genome_tile_clock",1770,"Train","Lasso","Fin_clip_caudal","r2_0.3","min5",50,2.48090849454186,0.880637809566786
"Tile","whole_genome_tile_clock",1770,"Validation","Lasso","Fin_clip_caudal","r2_0.3","min5",50,8.02668903923153,0.528571003888046
"Tile","whole_genome_tile_clock",1771,"Train","Lasso","Fin_clip_caudal","r2_0.3","nofilter",50,0.158896962764945,0.999629607359107
"Tile","whole_genome_tile_clock",1771,"Validation","Lasso","Fin_clip_caudal","r2_0.3","nofilter",50,9.2222007483932,0.531610702421354
"Tile","whole_genome_tile_clock",1772,"Train","Lasso","Intestines","r2_0.05","min10",1000,0.16737862177861,0.999697190022159
"Tile","whole_genome_tile_clock",1772,"Validation","Lasso","Intestines","r2_0.05","min10",1000,4.91501331377818,0.577371089314333
"Tile","whole_genome_tile_clock",1773,"Train","Lasso","Intestines","r2_0.05","min20",1000,2.59376549797059,0.693410189333631
"Tile","whole_genome_tile_clock",1773,"Validation","Lasso","Intestines","r2_0.05","min20",1000,4.33375271690597,0.42755824959342
"Tile","whole_genome_tile_clock",1774,"Train","Lasso","Intestines","r2_0.05","min5",1000,0.351082047190661,0.999116679883266
"Tile","whole_genome_tile_clock",1774,"Validation","Lasso","Intestines","r2_0.05","min5",1000,4.24418680234028,0.554781721786049
"Tile","whole_genome_tile_clock",1775,"Train","Lasso","Intestines","r2_0.05","nofilter",1000,0.173967273904505,0.999730841944655
"Tile","whole_genome_tile_clock",1775,"Validation","Lasso","Intestines","r2_0.05","nofilter",1000,2.71891975862109,0.704034394226344
"Tile","whole_genome_tile_clock",1776,"Train","Lasso","Intestines","r2_0.05","min10",100,2.48129232121024,0.915758580872846
"Tile","whole_genome_tile_clock",1776,"Validation","Lasso","Intestines","r2_0.05","min10",100,3.54229308104728,0.534277599413973
"Tile","whole_genome_tile_clock",1777,"Train","Lasso","Intestines","r2_0.05","min20",100,5.22336249571321,0.292358286875515
"Tile","whole_genome_tile_clock",1777,"Validation","Lasso","Intestines","r2_0.05","min20",100,4.81757446329566,0.553366802511261
"Tile","whole_genome_tile_clock",1778,"Train","Lasso","Intestines","r2_0.05","min5",100,4.84518669684134,0.626746424335118
"Tile","whole_genome_tile_clock",1778,"Validation","Lasso","Intestines","r2_0.05","min5",100,5.38968304794129,0.475828326731961
"Tile","whole_genome_tile_clock",1779,"Train","Lasso","Intestines","r2_0.05","nofilter",100,3.0153460640163,0.893934252151918
"Tile","whole_genome_tile_clock",1779,"Validation","Lasso","Intestines","r2_0.05","nofilter",100,6.66633274336368,0.327442719033676
"Tile","whole_genome_tile_clock",1780,"Train","Lasso","Intestines","r2_0.05","min10",2000,5.40868530636526,0.104037511467414
"Tile","whole_genome_tile_clock",1780,"Validation","Lasso","Intestines","r2_0.05","min10",2000,5.45586384990824,0.72549880991991
"Tile","whole_genome_tile_clock",1781,"Train","Lasso","Intestines","r2_0.05","min20",2000,1.69238627887906,0.753521386020529
"Tile","whole_genome_tile_clock",1781,"Validation","Lasso","Intestines","r2_0.05","min20",2000,6.55513734663235,0.574214078210814
"Tile","whole_genome_tile_clock",1782,"Train","Lasso","Intestines","r2_0.05","min5",2000,4.65050457021874,0.442244691092536
"Tile","whole_genome_tile_clock",1782,"Validation","Lasso","Intestines","r2_0.05","min5",2000,6.22796078909501,0.783872093564447
"Tile","whole_genome_tile_clock",1783,"Train","Lasso","Intestines","r2_0.05","nofilter",2000,5.19418121673975,0.216955237867514
"Tile","whole_genome_tile_clock",1783,"Validation","Lasso","Intestines","r2_0.05","nofilter",2000,4.21143089228966,0.475063982632118
"Tile","whole_genome_tile_clock",1784,"Train","Lasso","Intestines","r2_0.05","min10",25000,5.17572751808717,0.361978529178934
"Tile","whole_genome_tile_clock",1784,"Validation","Lasso","Intestines","r2_0.05","min10",25000,8.74507597332154,0.566139464913859
"Tile","whole_genome_tile_clock",1785,"Train","Lasso","Intestines","r2_0.05","min20",25000,2.96907235800327,0.737637390626616
"Tile","whole_genome_tile_clock",1785,"Validation","Lasso","Intestines","r2_0.05","min20",25000,8.08818399389515,0.77437216067144
"Tile","whole_genome_tile_clock",1786,"Train","Lasso","Intestines","r2_0.05","min5",25000,2.18213080079222,0.920668834481375
"Tile","whole_genome_tile_clock",1786,"Validation","Lasso","Intestines","r2_0.05","min5",25000,5.69509866674157,0.513724676885508
"Tile","whole_genome_tile_clock",1787,"Train","Lasso","Intestines","r2_0.05","nofilter",25000,2.12217981977445,0.910396777745426
"Tile","whole_genome_tile_clock",1787,"Validation","Lasso","Intestines","r2_0.05","nofilter",25000,7.69089137299925,0.599573998304275
"Tile","whole_genome_tile_clock",1788,"Train","Lasso","Intestines","r2_0.05","min10",5000,5.40868530636526,0.113562780109376
"Tile","whole_genome_tile_clock",1788,"Validation","Lasso","Intestines","r2_0.05","min10",5000,4.70162575376256,0.378643507461912
"Tile","whole_genome_tile_clock",1789,"Train","Lasso","Intestines","r2_0.05","min20",5000,1.39331972596765,0.90089745513393
"Tile","whole_genome_tile_clock",1789,"Validation","Lasso","Intestines","r2_0.05","min20",5000,20.9553905204719,0.690404366237372
"Tile","whole_genome_tile_clock",1790,"Train","Lasso","Intestines","r2_0.05","min5",5000,5.40868530636526,0.143689035077858
"Tile","whole_genome_tile_clock",1790,"Validation","Lasso","Intestines","r2_0.05","min5",5000,6.5964554411215,0.427672080302976
"Tile","whole_genome_tile_clock",1791,"Train","Lasso","Intestines","r2_0.05","nofilter",5000,0.17550692858824,0.999788114913763
"Tile","whole_genome_tile_clock",1791,"Validation","Lasso","Intestines","r2_0.05","nofilter",5000,9.13105083051202,0.624430774176385
"Tile","whole_genome_tile_clock",1792,"Train","Lasso","Intestines","r2_0.05","min10",500,2.2056039195199,0.930407457063252
"Tile","whole_genome_tile_clock",1792,"Validation","Lasso","Intestines","r2_0.05","min10",500,3.83073376674817,0.630853112124064
"Tile","whole_genome_tile_clock",1793,"Train","Lasso","Intestines","r2_0.05","min20",500,5.36308592822992,0.274873270259016
"Tile","whole_genome_tile_clock",1793,"Validation","Lasso","Intestines","r2_0.05","min20",500,6.2623401549271,0.522613782452
"Tile","whole_genome_tile_clock",1794,"Train","Lasso","Intestines","r2_0.05","min5",500,1.7394866375165,0.965910110223669
"Tile","whole_genome_tile_clock",1794,"Validation","Lasso","Intestines","r2_0.05","min5",500,8.06207432115062,0.659649959681698
"Tile","whole_genome_tile_clock",1795,"Train","Lasso","Intestines","r2_0.05","nofilter",500,4.71258203638834,0.600710069634206
"Tile","whole_genome_tile_clock",1795,"Validation","Lasso","Intestines","r2_0.05","nofilter",500,10.7302397021476,0.551246136528332
"Tile","whole_genome_tile_clock",1796,"Train","Lasso","Intestines","r2_0.05","min10",50,5.02259097030139,0.395201655138899
"Tile","whole_genome_tile_clock",1796,"Validation","Lasso","Intestines","r2_0.05","min10",50,5.91858634954514,0.678877282460287
"Tile","whole_genome_tile_clock",1797,"Train","Lasso","Intestines","r2_0.05","min20",50,4.74291643111705,0.498229030744471
"Tile","whole_genome_tile_clock",1797,"Validation","Lasso","Intestines","r2_0.05","min20",50,5.71009146445199,0.496653060904714
"Tile","whole_genome_tile_clock",1798,"Train","Lasso","Intestines","r2_0.05","min5",50,0.761989474641431,0.993660536377568
"Tile","whole_genome_tile_clock",1798,"Validation","Lasso","Intestines","r2_0.05","min5",50,8.6138523347556,0.470799439360306
"Tile","whole_genome_tile_clock",1799,"Train","Lasso","Intestines","r2_0.05","nofilter",50,0.171445878336981,0.999673840503037
"Tile","whole_genome_tile_clock",1799,"Validation","Lasso","Intestines","r2_0.05","nofilter",50,5.04941742969807,0.614421514658078
"Tile","whole_genome_tile_clock",1800,"Train","Lasso","Intestines","r2_0.1","min10",1000,2.68691221353493,0.88667697816646
"Tile","whole_genome_tile_clock",1800,"Validation","Lasso","Intestines","r2_0.1","min10",1000,3.4249905023595,0.642208468071454
"Tile","whole_genome_tile_clock",1801,"Train","Lasso","Intestines","r2_0.1","min20",1000,4.61891972945245,0.395300646599372
"Tile","whole_genome_tile_clock",1801,"Validation","Lasso","Intestines","r2_0.1","min20",1000,5.81233140627137,0.571474748732559
"Tile","whole_genome_tile_clock",1802,"Train","Lasso","Intestines","r2_0.1","min5",1000,2.97478142616273,0.779685888013206
"Tile","whole_genome_tile_clock",1802,"Validation","Lasso","Intestines","r2_0.1","min5",1000,7.74502965219262,0.53076573271836
"Tile","whole_genome_tile_clock",1803,"Train","Lasso","Intestines","r2_0.1","nofilter",1000,2.25176163984653,0.887411853801676
"Tile","whole_genome_tile_clock",1803,"Validation","Lasso","Intestines","r2_0.1","nofilter",1000,3.18733382703634,0.703254013602473
"Tile","whole_genome_tile_clock",1804,"Train","Lasso","Intestines","r2_0.1","min10",100,2.32356189248943,0.866015313107117
"Tile","whole_genome_tile_clock",1804,"Validation","Lasso","Intestines","r2_0.1","min10",100,8.58125415331382,0.511053409918065
"Tile","whole_genome_tile_clock",1805,"Train","Lasso","Intestines","r2_0.1","min20",100,5.38694101213338,0.302495658801229
"Tile","whole_genome_tile_clock",1805,"Validation","Lasso","Intestines","r2_0.1","min20",100,7.04394877367755,0.766444563045148
"Tile","whole_genome_tile_clock",1806,"Train","Lasso","Intestines","r2_0.1","min5",100,0.178381543699022,0.99973814668889
"Tile","whole_genome_tile_clock",1806,"Validation","Lasso","Intestines","r2_0.1","min5",100,6.60927268551685,0.510557444090545
"Tile","whole_genome_tile_clock",1807,"Train","Lasso","Intestines","r2_0.1","nofilter",100,0.169403430931288,0.999568402105482
"Tile","whole_genome_tile_clock",1807,"Validation","Lasso","Intestines","r2_0.1","nofilter",100,7.61766805075702,0.669050242460748
"Tile","whole_genome_tile_clock",1808,"Train","Lasso","Intestines","r2_0.1","min10",2000,0.149866553883675,0.999433169537276
"Tile","whole_genome_tile_clock",1808,"Validation","Lasso","Intestines","r2_0.1","min10",2000,8.19226997564541,0.738178128190954
"Tile","whole_genome_tile_clock",1809,"Train","Lasso","Intestines","r2_0.1","min20",2000,4.16886536715855,0.582824548614055
"Tile","whole_genome_tile_clock",1809,"Validation","Lasso","Intestines","r2_0.1","min20",2000,6.05936085927433,0.580648434011023
"Tile","whole_genome_tile_clock",1810,"Train","Lasso","Intestines","r2_0.1","min5",2000,0.172748209905468,0.999562133049935
"Tile","whole_genome_tile_clock",1810,"Validation","Lasso","Intestines","r2_0.1","min5",2000,7.37393747441476,0.636141694251249
"Tile","whole_genome_tile_clock",1811,"Train","Lasso","Intestines","r2_0.1","nofilter",2000,1.32539830656551,0.979158883349548
"Tile","whole_genome_tile_clock",1811,"Validation","Lasso","Intestines","r2_0.1","nofilter",2000,8.09410318714352,0.618270450076174
"Tile","whole_genome_tile_clock",1812,"Train","Lasso","Intestines","r2_0.1","min10",25000,3.52551484900922,0.610749924740866
"Tile","whole_genome_tile_clock",1812,"Validation","Lasso","Intestines","r2_0.1","min10",25000,7.20551983288799,0.821412880409467
"Tile","whole_genome_tile_clock",1813,"Train","Lasso","Intestines","r2_0.1","min20",25000,4.3413152480077,0.619213675383962
"Tile","whole_genome_tile_clock",1813,"Validation","Lasso","Intestines","r2_0.1","min20",25000,8.16784873775672,0.561309718232439
"Tile","whole_genome_tile_clock",1814,"Train","Lasso","Intestines","r2_0.1","min5",25000,0.612154449722589,0.991530478854295
"Tile","whole_genome_tile_clock",1814,"Validation","Lasso","Intestines","r2_0.1","min5",25000,7.36132763714198,0.661671980358199
"Tile","whole_genome_tile_clock",1815,"Train","Lasso","Intestines","r2_0.1","nofilter",25000,4.09323090115868,0.651699852444291
"Tile","whole_genome_tile_clock",1815,"Validation","Lasso","Intestines","r2_0.1","nofilter",25000,7.0272238248374,0.494732205004317
"Tile","whole_genome_tile_clock",1816,"Train","Lasso","Intestines","r2_0.1","min10",5000,1.41552549762331,0.966345369994227
"Tile","whole_genome_tile_clock",1816,"Validation","Lasso","Intestines","r2_0.1","min10",5000,8.51143219534382,0.59573162445859
"Tile","whole_genome_tile_clock",1817,"Train","Lasso","Intestines","r2_0.1","min20",5000,4.36812596092036,0.543146444982945
"Tile","whole_genome_tile_clock",1817,"Validation","Lasso","Intestines","r2_0.1","min20",5000,3.61997670008798,0.683306944177309
"Tile","whole_genome_tile_clock",1818,"Train","Lasso","Intestines","r2_0.1","min5",5000,0.399769122479218,0.997964884351832
"Tile","whole_genome_tile_clock",1818,"Validation","Lasso","Intestines","r2_0.1","min5",5000,9.52679847578815,0.646889572507424
"Tile","whole_genome_tile_clock",1819,"Train","Lasso","Intestines","r2_0.1","nofilter",5000,0.180466686639593,0.999658260442855
"Tile","whole_genome_tile_clock",1819,"Validation","Lasso","Intestines","r2_0.1","nofilter",5000,3.83710888737637,0.565433844960183
"Tile","whole_genome_tile_clock",1820,"Train","Lasso","Intestines","r2_0.1","min10",500,2.42626764917027,0.87867308567177
"Tile","whole_genome_tile_clock",1820,"Validation","Lasso","Intestines","r2_0.1","min10",500,3.39452750958077,0.676953326289383
"Tile","whole_genome_tile_clock",1821,"Train","Lasso","Intestines","r2_0.1","min20",500,2.6897822578103,0.749303096101351
"Tile","whole_genome_tile_clock",1821,"Validation","Lasso","Intestines","r2_0.1","min20",500,6.74718600472692,0.455380381446087
"Tile","whole_genome_tile_clock",1822,"Train","Lasso","Intestines","r2_0.1","min5",500,0.554519554063219,0.988708135593545
"Tile","whole_genome_tile_clock",1822,"Validation","Lasso","Intestines","r2_0.1","min5",500,8.20203729012249,0.455581297889229
"Tile","whole_genome_tile_clock",1823,"Train","Lasso","Intestines","r2_0.1","nofilter",500,4.20035813321219,0.594366663568801
"Tile","whole_genome_tile_clock",1823,"Validation","Lasso","Intestines","r2_0.1","nofilter",500,7.0036203401238,0.52253342798013
"Tile","whole_genome_tile_clock",1824,"Train","Lasso","Intestines","r2_0.1","min10",50,0.205503741733196,0.997161305855654
"Tile","whole_genome_tile_clock",1824,"Validation","Lasso","Intestines","r2_0.1","min10",50,3.94594869839587,0.446092018806346
"Tile","whole_genome_tile_clock",1825,"Train","Lasso","Intestines","r2_0.1","min20",50,5.40868530636526,0.176867653980548
"Tile","whole_genome_tile_clock",1825,"Validation","Lasso","Intestines","r2_0.1","min20",50,7.70505782754683,0.603755985861292
"Tile","whole_genome_tile_clock",1826,"Train","Lasso","Intestines","r2_0.1","min5",50,0.17073117026649,0.99973429220299
"Tile","whole_genome_tile_clock",1826,"Validation","Lasso","Intestines","r2_0.1","min5",50,4.41636196034234,0.407127147186847
"Tile","whole_genome_tile_clock",1827,"Train","Lasso","Intestines","r2_0.1","nofilter",50,0.175090330947145,0.999656564398131
"Tile","whole_genome_tile_clock",1827,"Validation","Lasso","Intestines","r2_0.1","nofilter",50,8.92599725881776,0.590942465784412
"Tile","whole_genome_tile_clock",1828,"Train","Lasso","Intestines","r2_0.2","min10",1000,5.40868530636526,0.0519536800384818
"Tile","whole_genome_tile_clock",1828,"Validation","Lasso","Intestines","r2_0.2","min10",1000,4.26358687903714,0.538700297976564
"Tile","whole_genome_tile_clock",1829,"Train","Lasso","Intestines","r2_0.2","min20",1000,2.71574896817484,0.726615193667651
"Tile","whole_genome_tile_clock",1829,"Validation","Lasso","Intestines","r2_0.2","min20",1000,5.20641659832114,0.567380010952259
"Tile","whole_genome_tile_clock",1830,"Train","Lasso","Intestines","r2_0.2","min5",1000,0.628850689642119,0.993280324961783
"Tile","whole_genome_tile_clock",1830,"Validation","Lasso","Intestines","r2_0.2","min5",1000,9.8573438927956,0.551232202063434
"Tile","whole_genome_tile_clock",1831,"Train","Lasso","Intestines","r2_0.2","nofilter",1000,1.06581530921183,0.98325253772128
"Tile","whole_genome_tile_clock",1831,"Validation","Lasso","Intestines","r2_0.2","nofilter",1000,7.0113855119353,0.590930955172595
"Tile","whole_genome_tile_clock",1832,"Train","Lasso","Intestines","r2_0.2","min10",100,0.73602237434851,0.974685217059167
"Tile","whole_genome_tile_clock",1832,"Validation","Lasso","Intestines","r2_0.2","min10",100,4.51070765464717,0.367481091717815
"Tile","whole_genome_tile_clock",1833,"Train","Lasso","Intestines","r2_0.2","min20",100,1.6930634619309,0.798072347181646
"Tile","whole_genome_tile_clock",1833,"Validation","Lasso","Intestines","r2_0.2","min20",100,6.16716975166934,0.620843626271781
"Tile","whole_genome_tile_clock",1834,"Train","Lasso","Intestines","r2_0.2","min5",100,0.691103562983837,0.993317010669552
"Tile","whole_genome_tile_clock",1834,"Validation","Lasso","Intestines","r2_0.2","min5",100,7.69503231308366,0.619977246907986
"Tile","whole_genome_tile_clock",1835,"Train","Lasso","Intestines","r2_0.2","nofilter",100,0.180202456802752,0.999571703360321
"Tile","whole_genome_tile_clock",1835,"Validation","Lasso","Intestines","r2_0.2","nofilter",100,3.82632140647151,0.55775719631451
"Tile","whole_genome_tile_clock",1836,"Train","Lasso","Intestines","r2_0.2","min10",2000,4.1941374407666,0.639851413613924
"Tile","whole_genome_tile_clock",1836,"Validation","Lasso","Intestines","r2_0.2","min10",2000,2.706066127301,0.701291857424419
"Tile","whole_genome_tile_clock",1837,"Train","Lasso","Intestines","r2_0.2","min20",2000,2.5761670102444,0.818447557368642
"Tile","whole_genome_tile_clock",1837,"Validation","Lasso","Intestines","r2_0.2","min20",2000,4.0762078457366,0.536115662678329
"Tile","whole_genome_tile_clock",1838,"Train","Lasso","Intestines","r2_0.2","min5",2000,0.412915963527781,0.994842104303029
"Tile","whole_genome_tile_clock",1838,"Validation","Lasso","Intestines","r2_0.2","min5",2000,7.65079676928598,0.615164756785115
"Tile","whole_genome_tile_clock",1839,"Train","Lasso","Intestines","r2_0.2","nofilter",2000,0.170198468369306,0.999522796958085
"Tile","whole_genome_tile_clock",1839,"Validation","Lasso","Intestines","r2_0.2","nofilter",2000,8.77722705378508,0.466146702314688
"Tile","whole_genome_tile_clock",1840,"Train","Lasso","Intestines","r2_0.2","min10",25000,2.56925235480413,0.757272655374244
"Tile","whole_genome_tile_clock",1840,"Validation","Lasso","Intestines","r2_0.2","min10",25000,5.80572422566649,0.636927841645528
"Tile","whole_genome_tile_clock",1841,"Train","Lasso","Intestines","r2_0.2","min20",25000,3.60849900704944,0.615516603728572
"Tile","whole_genome_tile_clock",1841,"Validation","Lasso","Intestines","r2_0.2","min20",25000,7.0861276317377,0.567669919115207
"Tile","whole_genome_tile_clock",1842,"Train","Lasso","Intestines","r2_0.2","min5",25000,1.56960070611158,0.925601828383633
"Tile","whole_genome_tile_clock",1842,"Validation","Lasso","Intestines","r2_0.2","min5",25000,3.21567278529154,0.596941308843758
"Tile","whole_genome_tile_clock",1843,"Train","Lasso","Intestines","r2_0.2","nofilter",25000,1.56960070611158,0.925601828383633
"Tile","whole_genome_tile_clock",1843,"Validation","Lasso","Intestines","r2_0.2","nofilter",25000,3.21567278529154,0.596941308843758
"Tile","whole_genome_tile_clock",1844,"Train","Lasso","Intestines","r2_0.2","min10",5000,1.5623228343427,0.94782820645196
"Tile","whole_genome_tile_clock",1844,"Validation","Lasso","Intestines","r2_0.2","min10",5000,4.91727908197906,0.484419526640266
"Tile","whole_genome_tile_clock",1845,"Train","Lasso","Intestines","r2_0.2","min20",5000,1.24354101026698,0.800977195481766
"Tile","whole_genome_tile_clock",1845,"Validation","Lasso","Intestines","r2_0.2","min20",5000,4.16329442051136,0.540553477312848
"Tile","whole_genome_tile_clock",1846,"Train","Lasso","Intestines","r2_0.2","min5",5000,0.709668908724344,0.991040844313753
"Tile","whole_genome_tile_clock",1846,"Validation","Lasso","Intestines","r2_0.2","min5",5000,4.00108741863967,0.454732929901262
"Tile","whole_genome_tile_clock",1847,"Train","Lasso","Intestines","r2_0.2","nofilter",5000,0.668159826834768,0.989835619941983
"Tile","whole_genome_tile_clock",1847,"Validation","Lasso","Intestines","r2_0.2","nofilter",5000,10.6053984173464,0.478617804563225
"Tile","whole_genome_tile_clock",1848,"Train","Lasso","Intestines","r2_0.2","min10",500,0.92021644701973,0.949495867559284
"Tile","whole_genome_tile_clock",1848,"Validation","Lasso","Intestines","r2_0.2","min10",500,4.17779740060192,0.472342089238588
"Tile","whole_genome_tile_clock",1849,"Train","Lasso","Intestines","r2_0.2","min20",500,2.69186620665105,0.818268293755139
"Tile","whole_genome_tile_clock",1849,"Validation","Lasso","Intestines","r2_0.2","min20",500,5.57927854365736,0.48609495855334
"Tile","whole_genome_tile_clock",1850,"Train","Lasso","Intestines","r2_0.2","min5",500,1.0416214657646,0.980097602691859
"Tile","whole_genome_tile_clock",1850,"Validation","Lasso","Intestines","r2_0.2","min5",500,7.39658109829624,0.521284527500988
"Tile","whole_genome_tile_clock",1851,"Train","Lasso","Intestines","r2_0.2","nofilter",500,0.178655616729476,0.999500876903115
"Tile","whole_genome_tile_clock",1851,"Validation","Lasso","Intestines","r2_0.2","nofilter",500,5.53734992665761,0.421617445005103
"Tile","whole_genome_tile_clock",1852,"Train","Lasso","Intestines","r2_0.2","min10",50,2.75423358422694,0.851796664004667
"Tile","whole_genome_tile_clock",1852,"Validation","Lasso","Intestines","r2_0.2","min10",50,7.60843166459854,0.629595131389782
"Tile","whole_genome_tile_clock",1853,"Train","Lasso","Intestines","r2_0.2","min20",50,1.91186313067069,0.847401224794693
"Tile","whole_genome_tile_clock",1853,"Validation","Lasso","Intestines","r2_0.2","min20",50,10.1944958877781,0.464948029796205
"Tile","whole_genome_tile_clock",1854,"Train","Lasso","Intestines","r2_0.2","min5",50,0.166414847571437,0.999508917211556
"Tile","whole_genome_tile_clock",1854,"Validation","Lasso","Intestines","r2_0.2","min5",50,10.3830025268941,0.537951726245696
"Tile","whole_genome_tile_clock",1855,"Train","Lasso","Intestines","r2_0.2","nofilter",50,1.37275459983129,0.969867825006863
"Tile","whole_genome_tile_clock",1855,"Validation","Lasso","Intestines","r2_0.2","nofilter",50,9.34362675908342,0.487885947776044
"Tile","whole_genome_tile_clock",1856,"Train","Lasso","Intestines","r2_0.3","min10",1000,1.24788137666553,0.942051817871941
"Tile","whole_genome_tile_clock",1856,"Validation","Lasso","Intestines","r2_0.3","min10",1000,3.7929929132376,0.471193180615669
"Tile","whole_genome_tile_clock",1857,"Train","Lasso","Intestines","r2_0.3","min20",1000,1.17164202395919,0.931759093393279
"Tile","whole_genome_tile_clock",1857,"Validation","Lasso","Intestines","r2_0.3","min20",1000,5.02148796733339,0.517067964206833
"Tile","whole_genome_tile_clock",1858,"Train","Lasso","Intestines","r2_0.3","min5",1000,0.259983991367969,0.998183161596018
"Tile","whole_genome_tile_clock",1858,"Validation","Lasso","Intestines","r2_0.3","min5",1000,7.57727864460161,0.601759130859871
"Tile","whole_genome_tile_clock",1859,"Train","Lasso","Intestines","r2_0.3","nofilter",1000,0.357546271410737,0.993609531935138
"Tile","whole_genome_tile_clock",1859,"Validation","Lasso","Intestines","r2_0.3","nofilter",1000,3.70458832772559,0.541481309619554
"Tile","whole_genome_tile_clock",1860,"Train","Lasso","Intestines","r2_0.3","min10",100,1.69702533484233,0.91647142222403
"Tile","whole_genome_tile_clock",1860,"Validation","Lasso","Intestines","r2_0.3","min10",100,10.4307466956624,0.421501347492418
"Tile","whole_genome_tile_clock",1861,"Train","Lasso","Intestines","r2_0.3","min20",100,2.61657305513415,0.729338379281055
"Tile","whole_genome_tile_clock",1861,"Validation","Lasso","Intestines","r2_0.3","min20",100,7.84995785474613,0.516073827303188
"Tile","whole_genome_tile_clock",1862,"Train","Lasso","Intestines","r2_0.3","min5",100,1.30403505765341,0.97368182206533
"Tile","whole_genome_tile_clock",1862,"Validation","Lasso","Intestines","r2_0.3","min5",100,7.81965290937358,0.465738961596328
"Tile","whole_genome_tile_clock",1863,"Train","Lasso","Intestines","r2_0.3","nofilter",100,0.317281113191317,0.997875382189704
"Tile","whole_genome_tile_clock",1863,"Validation","Lasso","Intestines","r2_0.3","nofilter",100,8.0409980789631,0.55214241392321
"Tile","whole_genome_tile_clock",1864,"Train","Lasso","Intestines","r2_0.3","min10",2000,2.33819241889302,0.822822202925517
"Tile","whole_genome_tile_clock",1864,"Validation","Lasso","Intestines","r2_0.3","min10",2000,3.569045251581,0.526902769774155
"Tile","whole_genome_tile_clock",1865,"Train","Lasso","Intestines","r2_0.3","min20",2000,3.48467505272841,0.634691513670213
"Tile","whole_genome_tile_clock",1865,"Validation","Lasso","Intestines","r2_0.3","min20",2000,9.02830637365286,0.452776582794449
"Tile","whole_genome_tile_clock",1866,"Train","Lasso","Intestines","r2_0.3","min5",2000,0.313102412367408,0.997947060056846
"Tile","whole_genome_tile_clock",1866,"Validation","Lasso","Intestines","r2_0.3","min5",2000,4.01947883503409,0.504671775076199
"Tile","whole_genome_tile_clock",1867,"Train","Lasso","Intestines","r2_0.3","nofilter",2000,2.69754839216798,0.840913488555392
"Tile","whole_genome_tile_clock",1867,"Validation","Lasso","Intestines","r2_0.3","nofilter",2000,8.19334712974899,0.539781951739493
"Tile","whole_genome_tile_clock",1868,"Train","Lasso","Intestines","r2_0.3","min10",25000,3.0901194305056,0.764117794384944
"Tile","whole_genome_tile_clock",1868,"Validation","Lasso","Intestines","r2_0.3","min10",25000,6.19224542510379,0.549370987286055
"Tile","whole_genome_tile_clock",1869,"Train","Lasso","Intestines","r2_0.3","min20",25000,3.80790540966983,0.624005769050134
"Tile","whole_genome_tile_clock",1869,"Validation","Lasso","Intestines","r2_0.3","min20",25000,4.5232208562735,0.392862799301292
"Tile","whole_genome_tile_clock",1870,"Train","Lasso","Intestines","r2_0.3","min5",25000,4.87754705621096,0.364578547764391
"Tile","whole_genome_tile_clock",1870,"Validation","Lasso","Intestines","r2_0.3","min5",25000,6.17198105892039,0.502117584910079
"Tile","whole_genome_tile_clock",1871,"Train","Lasso","Intestines","r2_0.3","nofilter",25000,5.15427958761234,0.251766583083134
"Tile","whole_genome_tile_clock",1871,"Validation","Lasso","Intestines","r2_0.3","nofilter",25000,5.91942386226881,0.631975282940748
"Tile","whole_genome_tile_clock",1872,"Train","Lasso","Intestines","r2_0.3","min10",5000,2.31503110117468,0.834950697285504
"Tile","whole_genome_tile_clock",1872,"Validation","Lasso","Intestines","r2_0.3","min10",5000,3.79115510428639,0.426984456297858
"Tile","whole_genome_tile_clock",1873,"Train","Lasso","Intestines","r2_0.3","min20",5000,4.17904850296076,0.556343600237527
"Tile","whole_genome_tile_clock",1873,"Validation","Lasso","Intestines","r2_0.3","min20",5000,6.8815147816932,0.672908779133889
"Tile","whole_genome_tile_clock",1874,"Train","Lasso","Intestines","r2_0.3","min5",5000,4.16192792545286,0.627347950991433
"Tile","whole_genome_tile_clock",1874,"Validation","Lasso","Intestines","r2_0.3","min5",5000,6.90936981654627,0.599569593523499
"Tile","whole_genome_tile_clock",1875,"Train","Lasso","Intestines","r2_0.3","nofilter",5000,2.22977161999698,0.835897817110344
"Tile","whole_genome_tile_clock",1875,"Validation","Lasso","Intestines","r2_0.3","nofilter",5000,3.78477920878826,0.595830213404045
"Tile","whole_genome_tile_clock",1876,"Train","Lasso","Intestines","r2_0.3","min10",500,2.49326826126938,0.800556707596297
"Tile","whole_genome_tile_clock",1876,"Validation","Lasso","Intestines","r2_0.3","min10",500,6.83038996872066,0.467103084265676
"Tile","whole_genome_tile_clock",1877,"Train","Lasso","Intestines","r2_0.3","min20",500,2.15133656850544,0.728993178177711
"Tile","whole_genome_tile_clock",1877,"Validation","Lasso","Intestines","r2_0.3","min20",500,6.21628328520653,0.39814939671547
"Tile","whole_genome_tile_clock",1878,"Train","Lasso","Intestines","r2_0.3","min5",500,2.3081746623615,0.898438739663822
"Tile","whole_genome_tile_clock",1878,"Validation","Lasso","Intestines","r2_0.3","min5",500,3.39281074238187,0.595072617808328
"Tile","whole_genome_tile_clock",1879,"Train","Lasso","Intestines","r2_0.3","nofilter",500,1.24994551646656,0.977025957384207
"Tile","whole_genome_tile_clock",1879,"Validation","Lasso","Intestines","r2_0.3","nofilter",500,9.59907550773137,0.502302104141299
"Tile","whole_genome_tile_clock",1880,"Train","Lasso","Intestines","r2_0.3","min10",50,1.61084302055246,0.940330518850387
"Tile","whole_genome_tile_clock",1880,"Validation","Lasso","Intestines","r2_0.3","min10",50,8.33405108180049,0.681131139728956
"Tile","whole_genome_tile_clock",1881,"Train","Lasso","Intestines","r2_0.3","min20",50,3.42676405228712,0.660688997296256
"Tile","whole_genome_tile_clock",1881,"Validation","Lasso","Intestines","r2_0.3","min20",50,4.68492439857042,0.636046016323723
"Tile","whole_genome_tile_clock",1882,"Train","Lasso","Intestines","r2_0.3","min5",50,0.236391157758651,0.999172490798385
"Tile","whole_genome_tile_clock",1882,"Validation","Lasso","Intestines","r2_0.3","min5",50,8.45608090383281,0.495870672896843
"Tile","whole_genome_tile_clock",1883,"Train","Lasso","Intestines","r2_0.3","nofilter",50,1.00805417975512,0.9832702825613
"Tile","whole_genome_tile_clock",1883,"Validation","Lasso","Intestines","r2_0.3","nofilter",50,3.84340669458778,0.384674003239207
"Cluster","Cluster",1,"Train","Elastic_net","All_organs","0.05","min10",100,3.41025243762337,0.679703361652211
"Cluster","Cluster",1,"Validation","Elastic_net","All_organs","0.05","min10",100,4.817626114345,0.254099345070008
"Cluster","Cluster",2,"Train","Elastic_net","All_organs","0.05","min20",100,2.73842857775167,0.784659915284497
"Cluster","Cluster",2,"Validation","Elastic_net","All_organs","0.05","min20",100,4.7053616040252,0.287996968019242
"Cluster","Cluster",3,"Train","Elastic_net","All_organs","0.05","min5",100,0.278054885517724,0.998988848779058
"Cluster","Cluster",3,"Validation","Elastic_net","All_organs","0.05","min5",100,8.75938616183378,0.352085422906379
"Cluster","Cluster",4,"Train","Elastic_net","All_organs","0.05","nofilter",100,1.09569520727633,0.983237526039844
"Cluster","Cluster",4,"Validation","Elastic_net","All_organs","0.05","nofilter",100,4.02054699678238,0.329009608069737
"Cluster","Cluster",5,"Train","Elastic_net","All_organs","0.1","min10",100,3.03016432713338,0.728971733295785
"Cluster","Cluster",5,"Validation","Elastic_net","All_organs","0.1","min10",100,5.99307424753449,0.291197275765811
"Cluster","Cluster",6,"Train","Elastic_net","All_organs","0.1","min20",100,5.00271219573225,0.195858760831335
"Cluster","Cluster",6,"Validation","Elastic_net","All_organs","0.1","min20",100,4.72206485136589,0.28100685997976
"Cluster","Cluster",7,"Train","Elastic_net","All_organs","0.1","min5",100,2.45975100173753,0.85301956802343
"Cluster","Cluster",7,"Validation","Elastic_net","All_organs","0.1","min5",100,4.79461958718387,0.349132724484827
"Cluster","Cluster",8,"Train","Elastic_net","All_organs","0.1","nofilter",100,1.96589609026731,0.926975098130779
"Cluster","Cluster",8,"Validation","Elastic_net","All_organs","0.1","nofilter",100,4.60144462475095,0.29963104144576
"Cluster","Cluster",9,"Train","Elastic_net","All_organs","0.2","min10",100,3.54805783391064,0.634864966582123
"Cluster","Cluster",9,"Validation","Elastic_net","All_organs","0.2","min10",100,6.51425387812831,0.173641152147666
"Cluster","Cluster",10,"Train","Elastic_net","All_organs","0.2","min20",100,5.00271219573225,0.195858760831335
"Cluster","Cluster",10,"Validation","Elastic_net","All_organs","0.2","min20",100,4.72206485136589,0.28100685997976
"Cluster","Cluster",11,"Train","Elastic_net","All_organs","0.2","min5",100,3.28004418926913,0.73399967064921
"Cluster","Cluster",11,"Validation","Elastic_net","All_organs","0.2","min5",100,6.02287329741519,0.172318267422892
"Cluster","Cluster",12,"Train","Elastic_net","All_organs","0.2","nofilter",100,5.01038736688866,0.239683142856784
"Cluster","Cluster",12,"Validation","Elastic_net","All_organs","0.2","nofilter",100,5.36182110309425,0.287005682056407
"Cluster","Cluster",13,"Train","Elastic_net","All_organs","0.3","min10",100,3.54805783391064,0.634864966582123
"Cluster","Cluster",13,"Validation","Elastic_net","All_organs","0.3","min10",100,6.51425387812831,0.173641152147666
"Cluster","Cluster",14,"Train","Elastic_net","All_organs","0.3","min20",100,5.00271219573225,0.195858760831335
"Cluster","Cluster",14,"Validation","Elastic_net","All_organs","0.3","min20",100,4.72206485136589,0.28100685997976
"Cluster","Cluster",15,"Train","Elastic_net","All_organs","0.3","min5",100,3.28004418926913,0.73399967064921
"Cluster","Cluster",15,"Validation","Elastic_net","All_organs","0.3","min5",100,6.02287329741519,0.172318267422892
"Cluster","Cluster",16,"Train","Elastic_net","All_organs","0.3","nofilter",100,5.01038736688866,0.239683142856784
"Cluster","Cluster",16,"Validation","Elastic_net","All_organs","0.3","nofilter",100,5.36182110309425,0.287005682056407
"Cluster","Cluster",17,"Train","Elastic_net","All_organs","nofilter","min10",100,3.36192216415728,0.804005196241956
"Cluster","Cluster",17,"Validation","Elastic_net","All_organs","nofilter","min10",100,4.73822931425461,0.331188682060102
"Cluster","Cluster",18,"Train","Elastic_net","All_organs","nofilter","min20",100,0.143877622651299,0.999626950230337
"Cluster","Cluster",18,"Validation","Elastic_net","All_organs","nofilter","min20",100,5.31758721836575,0.515221471272772
"Cluster","Cluster",19,"Train","Elastic_net","All_organs","nofilter","min5",100,4.36626597623272,0.684040806857741
"Cluster","Cluster",19,"Validation","Elastic_net","All_organs","nofilter","min5",100,4.15884827160066,0.228611334153746
"Cluster","Cluster",20,"Train","Elastic_net","All_organs","nofilter","nofilter",100,4.40278126871007,0.608880347144271
"Cluster","Cluster",20,"Validation","Elastic_net","All_organs","nofilter","nofilter",100,4.55940102691535,0.244389767670031
"Cluster","Cluster",21,"Train","Elastic_net","All_organs","0.05","min10",1000,2.30663861937332,0.897045638806841
"Cluster","Cluster",21,"Validation","Elastic_net","All_organs","0.05","min10",1000,7.66481212275208,0.211706051404633
"Cluster","Cluster",22,"Train","Elastic_net","All_organs","0.05","min20",1000,3.71559510892673,0.60836479264257
"Cluster","Cluster",22,"Validation","Elastic_net","All_organs","0.05","min20",1000,4.49163763438344,0.215188087507063
"Cluster","Cluster",23,"Train","Elastic_net","All_organs","0.05","min5",1000,0.152087882012183,0.999766563702052
"Cluster","Cluster",23,"Validation","Elastic_net","All_organs","0.05","min5",1000,4.91428653390311,0.269711270287986
"Cluster","Cluster",24,"Train","Elastic_net","All_organs","0.05","nofilter",1000,0.156818457353038,0.999722716296606
"Cluster","Cluster",24,"Validation","Elastic_net","All_organs","0.05","nofilter",1000,4.34166680056648,0.218289180326501
"Cluster","Cluster",25,"Train","Elastic_net","All_organs","0.1","min10",1000,3.23258020724271,0.829240909450478
"Cluster","Cluster",25,"Validation","Elastic_net","All_organs","0.1","min10",1000,6.08133089886952,0.305185041716064
"Cluster","Cluster",26,"Train","Elastic_net","All_organs","0.1","min20",1000,5.15230168525,0.0849532390264332
"Cluster","Cluster",26,"Validation","Elastic_net","All_organs","0.1","min20",1000,5.8187227951363,0.0186524587168132
"Cluster","Cluster",27,"Train","Elastic_net","All_organs","0.1","min5",1000,2.72210610596374,0.898312757149653
"Cluster","Cluster",27,"Validation","Elastic_net","All_organs","0.1","min5",1000,4.12671322056819,0.455709158866895
"Cluster","Cluster",28,"Train","Elastic_net","All_organs","0.1","nofilter",1000,0.150558423521208,0.999802997758604
"Cluster","Cluster",28,"Validation","Elastic_net","All_organs","0.1","nofilter",1000,7.3353321142968,0.257500055710679
"Cluster","Cluster",29,"Train","Elastic_net","All_organs","0.2","min10",1000,4.79241616135683,0.271314069295931
"Cluster","Cluster",29,"Validation","Elastic_net","All_organs","0.2","min10",1000,4.85018328367314,0.22340868676506
"Cluster","Cluster",30,"Train","Elastic_net","All_organs","0.2","min20",1000,5.13036062371169,0.0727196486686616
"Cluster","Cluster",30,"Validation","Elastic_net","All_organs","0.2","min20",1000,5.86843220464309,0.141508743178307
"Cluster","Cluster",31,"Train","Elastic_net","All_organs","0.2","min5",1000,1.76034088034972,0.959791099817001
"Cluster","Cluster",31,"Validation","Elastic_net","All_organs","0.2","min5",1000,4.07322222715021,0.509342655193664
"Cluster","Cluster",32,"Train","Elastic_net","All_organs","0.2","nofilter",1000,4.09193913969627,0.718192070814102
"Cluster","Cluster",32,"Validation","Elastic_net","All_organs","0.2","nofilter",1000,4.66928866567661,0.28090905920169
"Cluster","Cluster",33,"Train","Elastic_net","All_organs","0.3","min10",1000,4.79241616135683,0.271314069295931
"Cluster","Cluster",33,"Validation","Elastic_net","All_organs","0.3","min10",1000,4.85018328367314,0.22340868676506
"Cluster","Cluster",34,"Train","Elastic_net","All_organs","0.3","min20",1000,5.13036062371169,0.0727196486686616
"Cluster","Cluster",34,"Validation","Elastic_net","All_organs","0.3","min20",1000,5.86843220464309,0.141508743178307
"Cluster","Cluster",35,"Train","Elastic_net","All_organs","0.3","min5",1000,1.76034088034972,0.959791099817001
"Cluster","Cluster",35,"Validation","Elastic_net","All_organs","0.3","min5",1000,4.07322222715021,0.509342655193664
"Cluster","Cluster",36,"Train","Elastic_net","All_organs","0.3","nofilter",1000,4.09193913969627,0.718192070814102
"Cluster","Cluster",36,"Validation","Elastic_net","All_organs","0.3","nofilter",1000,4.66928866567661,0.28090905920169
"Cluster","Cluster",37,"Train","Elastic_net","All_organs","nofilter","min10",1000,3.95908169208528,0.713156568466466
"Cluster","Cluster",37,"Validation","Elastic_net","All_organs","nofilter","min10",1000,4.64108537952912,0.359939542810248
"Cluster","Cluster",38,"Train","Elastic_net","All_organs","nofilter","min20",1000,1.76297850541097,0.956220283363843
"Cluster","Cluster",38,"Validation","Elastic_net","All_organs","nofilter","min20",1000,6.61602145281245,0.291524454349317
"Cluster","Cluster",39,"Train","Elastic_net","All_organs","nofilter","min5",1000,0.409172365774475,0.999020905743998
"Cluster","Cluster",39,"Validation","Elastic_net","All_organs","nofilter","min5",1000,5.91165317538546,0.346909023845627
"Cluster","Cluster",40,"Train","Elastic_net","All_organs","nofilter","nofilter",1000,0.158559859721341,0.999845757382144
"Cluster","Cluster",40,"Validation","Elastic_net","All_organs","nofilter","nofilter",1000,4.12950919265851,0.346336257989783
"Cluster","Cluster",41,"Train","Elastic_net","All_organs","0.05","min10",1500,1.02645756023066,0.983260577488149
"Cluster","Cluster",41,"Validation","Elastic_net","All_organs","0.05","min10",1500,7.65924934328202,0.462385059427653
"Cluster","Cluster",42,"Train","Elastic_net","All_organs","0.05","min20",1500,2.18304317348865,0.853477823903461
"Cluster","Cluster",42,"Validation","Elastic_net","All_organs","0.05","min20",1500,6.89955438233887,0.203419944153769
"Cluster","Cluster",43,"Train","Elastic_net","All_organs","0.05","min5",1500,0.255897545365376,0.999406711458738
"Cluster","Cluster",43,"Validation","Elastic_net","All_organs","0.05","min5",1500,4.92948060508814,0.279287569966365
"Cluster","Cluster",44,"Train","Elastic_net","All_organs","0.05","nofilter",1500,0.16018627289923,0.999709008212885
"Cluster","Cluster",44,"Validation","Elastic_net","All_organs","0.05","nofilter",1500,4.7352902811962,0.215298441758126
"Cluster","Cluster",45,"Train","Elastic_net","All_organs","0.1","min10",1500,4.81413610939169,0.228509482364305
"Cluster","Cluster",45,"Validation","Elastic_net","All_organs","0.1","min10",1500,4.63345703621313,0.410072448095074
"Cluster","Cluster",46,"Train","Elastic_net","All_organs","0.1","min20",1500,4.93440856339349,0.241677411299494
"Cluster","Cluster",46,"Validation","Elastic_net","All_organs","0.1","min20",1500,5.34989161336713,0.139282967402663
"Cluster","Cluster",47,"Train","Elastic_net","All_organs","0.1","min5",1500,0.152672296088992,0.999787359716436
"Cluster","Cluster",47,"Validation","Elastic_net","All_organs","0.1","min5",1500,4.16958178475213,0.310169879425475
"Cluster","Cluster",48,"Train","Elastic_net","All_organs","0.1","nofilter",1500,0.993198488985648,0.989241522492289
"Cluster","Cluster",48,"Validation","Elastic_net","All_organs","0.1","nofilter",1500,4.81643431989113,0.327785634347159
"Cluster","Cluster",49,"Train","Elastic_net","All_organs","0.2","min10",1500,5.1981646805461,0.114109150275022
"Cluster","Cluster",49,"Validation","Elastic_net","All_organs","0.2","min10",1500,5.45892196927499,0.267004926833781
"Cluster","Cluster",50,"Train","Elastic_net","All_organs","0.2","min20",1500,5.17841602784829,0.0736453313428949
"Cluster","Cluster",50,"Validation","Elastic_net","All_organs","0.2","min20",1500,5.67931114241257,0.17843596435761
"Cluster","Cluster",51,"Train","Elastic_net","All_organs","0.2","min5",1500,1.87913799540635,0.968559862074577
"Cluster","Cluster",51,"Validation","Elastic_net","All_organs","0.2","min5",1500,4.24550402013994,0.236419958853068
"Cluster","Cluster",52,"Train","Elastic_net","All_organs","0.2","nofilter",1500,4.88558371149971,0.334109982321103
"Cluster","Cluster",52,"Validation","Elastic_net","All_organs","0.2","nofilter",1500,4.50611312932756,0.41776010062267
"Cluster","Cluster",53,"Train","Elastic_net","All_organs","0.3","min10",1500,5.1981646805461,0.114109150275022
"Cluster","Cluster",53,"Validation","Elastic_net","All_organs","0.3","min10",1500,5.45892196927499,0.267004926833781
"Cluster","Cluster",54,"Train","Elastic_net","All_organs","0.3","min20",1500,5.17841602784829,0.0736453313428949
"Cluster","Cluster",54,"Validation","Elastic_net","All_organs","0.3","min20",1500,5.67931114241257,0.17843596435761
"Cluster","Cluster",55,"Train","Elastic_net","All_organs","0.3","min5",1500,1.87913799540635,0.968559862074577
"Cluster","Cluster",55,"Validation","Elastic_net","All_organs","0.3","min5",1500,4.24550402013994,0.236419958853068
"Cluster","Cluster",56,"Train","Elastic_net","All_organs","0.3","nofilter",1500,4.88558371149971,0.334109982321103
"Cluster","Cluster",56,"Validation","Elastic_net","All_organs","0.3","nofilter",1500,4.50611312932756,0.41776010062267
"Cluster","Cluster",57,"Train","Elastic_net","All_organs","nofilter","min10",1500,1.63717571160647,0.972433357198347
"Cluster","Cluster",57,"Validation","Elastic_net","All_organs","nofilter","min10",1500,4.61607672029089,0.339818849023536
"Cluster","Cluster",58,"Train","Elastic_net","All_organs","nofilter","min20",1500,3.21596951086339,0.824707221388332
"Cluster","Cluster",58,"Validation","Elastic_net","All_organs","nofilter","min20",1500,7.05988306723292,0.284195290401059
"Cluster","Cluster",59,"Train","Elastic_net","All_organs","nofilter","min5",1500,4.51704307134393,0.602473900455008
"Cluster","Cluster",59,"Validation","Elastic_net","All_organs","nofilter","min5",1500,7.32150699575969,0.346732589358779
"Cluster","Cluster",60,"Train","Elastic_net","All_organs","nofilter","nofilter",1500,1.99468857830396,0.963953903247811
"Cluster","Cluster",60,"Validation","Elastic_net","All_organs","nofilter","nofilter",1500,4.4734453780077,0.294503841265022
"Cluster","Cluster",61,"Train","Elastic_net","All_organs","0.05","min10",2000,1.3390141452971,0.967819215627425
"Cluster","Cluster",61,"Validation","Elastic_net","All_organs","0.05","min10",2000,4.46594439441641,0.36969159835326
"Cluster","Cluster",62,"Train","Elastic_net","All_organs","0.05","min20",2000,3.47084177750219,0.641757782834353
"Cluster","Cluster",62,"Validation","Elastic_net","All_organs","0.05","min20",2000,4.89791873473468,0.288574598453688
"Cluster","Cluster",63,"Train","Elastic_net","All_organs","0.05","min5",2000,3.39231329038696,0.850642866890764
"Cluster","Cluster",63,"Validation","Elastic_net","All_organs","0.05","min5",2000,4.50464012270108,0.239333358570566
"Cluster","Cluster",64,"Train","Elastic_net","All_organs","0.05","nofilter",2000,1.8814035393988,0.967451152916174
"Cluster","Cluster",64,"Validation","Elastic_net","All_organs","0.05","nofilter",2000,4.2151804563147,0.362973619828952
"Cluster","Cluster",65,"Train","Elastic_net","All_organs","0.1","min10",2000,1.67950604121108,0.95758211568063
"Cluster","Cluster",65,"Validation","Elastic_net","All_organs","0.1","min10",2000,5.9482150686384,0.302302784094592
"Cluster","Cluster",66,"Train","Elastic_net","All_organs","0.1","min20",2000,5.0734191306938,0.0951532550922068
"Cluster","Cluster",66,"Validation","Elastic_net","All_organs","0.1","min20",2000,5.37221449140249,0.175385080148823
"Cluster","Cluster",67,"Train","Elastic_net","All_organs","0.1","min5",2000,1.53006561602201,0.977608185956948
"Cluster","Cluster",67,"Validation","Elastic_net","All_organs","0.1","min5",2000,6.81902911952953,0.360880925058262
"Cluster","Cluster",68,"Train","Elastic_net","All_organs","0.1","nofilter",2000,5.03867132979395,0.216406587086291
"Cluster","Cluster",68,"Validation","Elastic_net","All_organs","0.1","nofilter",2000,4.17866614605008,0.482333433373906
"Cluster","Cluster",69,"Train","Elastic_net","All_organs","0.2","min10",2000,4.92487658446207,0.416693286557802
"Cluster","Cluster",69,"Validation","Elastic_net","All_organs","0.2","min10",2000,6.01108842958681,0.243882478048707
"Cluster","Cluster",70,"Train","Elastic_net","All_organs","0.2","min20",2000,5.0734191306938,0.0951532550922068
"Cluster","Cluster",70,"Validation","Elastic_net","All_organs","0.2","min20",2000,5.37221449140249,0.175385080148823
"Cluster","Cluster",71,"Train","Elastic_net","All_organs","0.2","min5",2000,0.592111203573715,0.997107069851815
"Cluster","Cluster",71,"Validation","Elastic_net","All_organs","0.2","min5",2000,4.56279301543385,0.422010315236395
"Cluster","Cluster",72,"Train","Elastic_net","All_organs","0.2","nofilter",2000,4.31737252272533,0.629869437784242
"Cluster","Cluster",72,"Validation","Elastic_net","All_organs","0.2","nofilter",2000,5.26280544238504,0.378815089151278
"Cluster","Cluster",73,"Train","Elastic_net","All_organs","0.3","min10",2000,4.92487658446207,0.416693286557802
"Cluster","Cluster",73,"Validation","Elastic_net","All_organs","0.3","min10",2000,6.01108842958681,0.243882478048707
"Cluster","Cluster",74,"Train","Elastic_net","All_organs","0.3","min20",2000,5.0734191306938,0.0951532550922068
"Cluster","Cluster",74,"Validation","Elastic_net","All_organs","0.3","min20",2000,5.37221449140249,0.175385080148823
"Cluster","Cluster",75,"Train","Elastic_net","All_organs","0.3","min5",2000,0.592111203573715,0.997107069851815
"Cluster","Cluster",75,"Validation","Elastic_net","All_organs","0.3","min5",2000,4.56279301543385,0.422010315236395
"Cluster","Cluster",76,"Train","Elastic_net","All_organs","0.3","nofilter",2000,4.31737252272533,0.629869437784242
"Cluster","Cluster",76,"Validation","Elastic_net","All_organs","0.3","nofilter",2000,5.26280544238504,0.378815089151278
"Cluster","Cluster",77,"Train","Elastic_net","All_organs","nofilter","min10",2000,2.88221298997844,0.917922821384748
"Cluster","Cluster",77,"Validation","Elastic_net","All_organs","nofilter","min10",2000,4.68634619217276,0.50249359948638
"Cluster","Cluster",78,"Train","Elastic_net","All_organs","nofilter","min20",2000,4.10290307581797,0.698991123445702
"Cluster","Cluster",78,"Validation","Elastic_net","All_organs","nofilter","min20",2000,5.28948018766373,0.364249722409154
"Cluster","Cluster",79,"Train","Elastic_net","All_organs","nofilter","min5",2000,0.159613801319552,0.999834022127466
"Cluster","Cluster",79,"Validation","Elastic_net","All_organs","nofilter","min5",2000,7.74719317539639,0.308262609149399
"Cluster","Cluster",80,"Train","Elastic_net","All_organs","nofilter","nofilter",2000,0.156333934219981,0.999852201961004
"Cluster","Cluster",80,"Validation","Elastic_net","All_organs","nofilter","nofilter",2000,4.55692478246939,0.294137736030052
"Cluster","Cluster",81,"Train","Elastic_net","All_organs","0.05","min10",22500,1.26252642447506,0.982466723407361
"Cluster","Cluster",81,"Validation","Elastic_net","All_organs","0.05","min10",22500,4.29946560178945,0.432697105460156
"Cluster","Cluster",82,"Train","Elastic_net","All_organs","0.05","min20",22500,3.70444670051573,0.720975637033113
"Cluster","Cluster",82,"Validation","Elastic_net","All_organs","0.05","min20",22500,4.95738511261377,0.236717910901493
"Cluster","Cluster",83,"Train","Elastic_net","All_organs","0.05","min5",22500,0.156065836680918,0.99981128038324
"Cluster","Cluster",83,"Validation","Elastic_net","All_organs","0.05","min5",22500,4.55301055683248,0.361796227925888
"Cluster","Cluster",84,"Train","Elastic_net","All_organs","0.05","nofilter",22500,0.159336319757854,0.999808619076979
"Cluster","Cluster",84,"Validation","Elastic_net","All_organs","0.05","nofilter",22500,4.23728484534401,0.336600920641995
"Cluster","Cluster",85,"Train","Elastic_net","All_organs","0.1","min10",22500,4.40981217488117,0.584813396052896
"Cluster","Cluster",85,"Validation","Elastic_net","All_organs","0.1","min10",22500,5.80815538435882,0.346872643238758
"Cluster","Cluster",86,"Train","Elastic_net","All_organs","0.1","min20",22500,3.54814604460469,0.747758185452028
"Cluster","Cluster",86,"Validation","Elastic_net","All_organs","0.1","min20",22500,5.92628513148758,0.126907717347842
"Cluster","Cluster",87,"Train","Elastic_net","All_organs","0.1","min5",22500,1.31531177731088,0.98682997425271
"Cluster","Cluster",87,"Validation","Elastic_net","All_organs","0.1","min5",22500,4.66734403538359,0.292744720105373
"Cluster","Cluster",88,"Train","Elastic_net","All_organs","0.1","nofilter",22500,0.158841519250877,0.99982378201041
"Cluster","Cluster",88,"Validation","Elastic_net","All_organs","0.1","nofilter",22500,7.53500459577557,0.25765127744671
"Cluster","Cluster",89,"Train","Elastic_net","All_organs","0.2","min10",22500,4.48655963385525,0.517513666158873
"Cluster","Cluster",89,"Validation","Elastic_net","All_organs","0.2","min10",22500,5.11099460234015,0.224861704793846
"Cluster","Cluster",90,"Train","Elastic_net","All_organs","0.2","min20",22500,3.54814604460469,0.747758185452028
"Cluster","Cluster",90,"Validation","Elastic_net","All_organs","0.2","min20",22500,5.92628513148758,0.126907717347842
"Cluster","Cluster",91,"Train","Elastic_net","All_organs","0.2","min5",22500,0.631741523171664,0.997345909518354
"Cluster","Cluster",91,"Validation","Elastic_net","All_organs","0.2","min5",22500,4.99856397800918,0.354730896172018
"Cluster","Cluster",92,"Train","Elastic_net","All_organs","0.2","nofilter",22500,1.94080923665901,0.966030210513727
"Cluster","Cluster",92,"Validation","Elastic_net","All_organs","0.2","nofilter",22500,5.25149529040094,0.423908835256959
"Cluster","Cluster",93,"Train","Elastic_net","All_organs","0.3","min10",22500,4.48655963385525,0.517513666158873
"Cluster","Cluster",93,"Validation","Elastic_net","All_organs","0.3","min10",22500,5.11099460234015,0.224861704793846
"Cluster","Cluster",94,"Train","Elastic_net","All_organs","0.3","min20",22500,3.54814604460469,0.747758185452028
"Cluster","Cluster",94,"Validation","Elastic_net","All_organs","0.3","min20",22500,5.92628513148758,0.126907717347842
"Cluster","Cluster",95,"Train","Elastic_net","All_organs","0.3","min5",22500,0.161366200392426,0.999828806206595
"Cluster","Cluster",95,"Validation","Elastic_net","All_organs","0.3","min5",22500,4.66993939348373,0.281999679378491
"Cluster","Cluster",96,"Train","Elastic_net","All_organs","0.3","nofilter",22500,3.32598385730511,0.875723685615297
"Cluster","Cluster",96,"Validation","Elastic_net","All_organs","0.3","nofilter",22500,5.34271014736141,0.343655717845833
"Cluster","Cluster",97,"Train","Elastic_net","All_organs","nofilter","min10",22500,2.62557080846451,0.926492323964719
"Cluster","Cluster",97,"Validation","Elastic_net","All_organs","nofilter","min10",22500,4.38773374444302,0.373671768635386
"Cluster","Cluster",98,"Train","Elastic_net","All_organs","nofilter","min20",22500,4.40325956073404,0.593698046956481
"Cluster","Cluster",98,"Validation","Elastic_net","All_organs","nofilter","min20",22500,5.3963030445186,0.586354224270618
"Cluster","Cluster",99,"Train","Elastic_net","All_organs","nofilter","min5",22500,0.16212231080484,0.999832097638589
"Cluster","Cluster",99,"Validation","Elastic_net","All_organs","nofilter","min5",22500,6.94731476764766,0.281848320034758
"Cluster","Cluster",100,"Train","Elastic_net","All_organs","0.05","min10",3000,2.96600263985696,0.86263130032214
"Cluster","Cluster",100,"Validation","Elastic_net","All_organs","0.05","min10",3000,4.60620387219523,0.335880439728646
"Cluster","Cluster",101,"Train","Elastic_net","All_organs","0.05","min20",3000,4.06044981673307,0.49916551985482
"Cluster","Cluster",101,"Validation","Elastic_net","All_organs","0.05","min20",3000,5.15963149545382,0.30098426152196
"Cluster","Cluster",102,"Train","Elastic_net","All_organs","0.05","min5",3000,0.165907080219266,0.999805706002098
"Cluster","Cluster",102,"Validation","Elastic_net","All_organs","0.05","min5",3000,6.93359190669544,0.223686058262439
"Cluster","Cluster",103,"Train","Elastic_net","All_organs","0.05","nofilter",3000,0.165633286047771,0.999789711595053
"Cluster","Cluster",103,"Validation","Elastic_net","All_organs","0.05","nofilter",3000,4.4967494287874,0.345438122182554
"Cluster","Cluster",104,"Train","Elastic_net","All_organs","0.1","min10",3000,3.55454322007156,0.72177503797305
"Cluster","Cluster",104,"Validation","Elastic_net","All_organs","0.1","min10",3000,4.22066433574309,0.560348447763228
"Cluster","Cluster",105,"Train","Elastic_net","All_organs","0.1","min20",3000,5.00104055866861,0.196473405545739
"Cluster","Cluster",105,"Validation","Elastic_net","All_organs","0.1","min20",3000,6.71058286173161,0.180795269183717
"Cluster","Cluster",106,"Train","Elastic_net","All_organs","0.1","min5",3000,0.240943997662841,0.999465741743266
"Cluster","Cluster",106,"Validation","Elastic_net","All_organs","0.1","min5",3000,7.68633514065754,0.365947869596051
"Cluster","Cluster",107,"Train","Elastic_net","All_organs","0.1","nofilter",3000,1.76378745775779,0.969672550947366
"Cluster","Cluster",107,"Validation","Elastic_net","All_organs","0.1","nofilter",3000,6.23150788714748,0.27562072829931
"Cluster","Cluster",108,"Train","Elastic_net","All_organs","0.2","min10",3000,1.26227617159267,0.979464900126236
"Cluster","Cluster",108,"Validation","Elastic_net","All_organs","0.2","min10",3000,6.02380966578208,0.203194836388256
"Cluster","Cluster",109,"Train","Elastic_net","All_organs","0.2","min20",3000,5.00104055866861,0.196473405545739
"Cluster","Cluster",109,"Validation","Elastic_net","All_organs","0.2","min20",3000,6.71058286173161,0.180795269183717
"Cluster","Cluster",110,"Train","Elastic_net","All_organs","0.2","min5",3000,0.159814032353098,0.999834261146982
"Cluster","Cluster",110,"Validation","Elastic_net","All_organs","0.2","min5",3000,5.11716393319188,0.299782857474714
"Cluster","Cluster",111,"Train","Elastic_net","All_organs","0.2","nofilter",3000,5.15733488793537,0.194832302098554
"Cluster","Cluster",111,"Validation","Elastic_net","All_organs","0.2","nofilter",3000,4.58139356356198,0.30695822418747
"Cluster","Cluster",112,"Train","Elastic_net","All_organs","0.3","min10",3000,1.26227617159267,0.979464900126236
"Cluster","Cluster",112,"Validation","Elastic_net","All_organs","0.3","min10",3000,6.02380966578208,0.203194836388256
"Cluster","Cluster",113,"Train","Elastic_net","All_organs","0.3","min20",3000,5.00104055866861,0.196473405545739
"Cluster","Cluster",113,"Validation","Elastic_net","All_organs","0.3","min20",3000,6.71058286173161,0.180795269183717
"Cluster","Cluster",114,"Train","Elastic_net","All_organs","0.3","min5",3000,0.159814032353098,0.999834261146982
"Cluster","Cluster",114,"Validation","Elastic_net","All_organs","0.3","min5",3000,5.11716393319188,0.299782857474714
"Cluster","Cluster",115,"Train","Elastic_net","All_organs","0.3","nofilter",3000,5.15733488793537,0.194832302098554
"Cluster","Cluster",115,"Validation","Elastic_net","All_organs","0.3","nofilter",3000,4.58139356356198,0.30695822418747
"Cluster","Cluster",116,"Train","Elastic_net","All_organs","nofilter","min10",3000,2.57807998325137,0.915693515337013
"Cluster","Cluster",116,"Validation","Elastic_net","All_organs","nofilter","min10",3000,6.67341726177718,0.326523759910123
"Cluster","Cluster",117,"Train","Elastic_net","All_organs","nofilter","min20",3000,1.58660627785279,0.96642361461166
"Cluster","Cluster",117,"Validation","Elastic_net","All_organs","nofilter","min20",3000,6.42364639273887,0.251721625495939
"Cluster","Cluster",118,"Train","Elastic_net","All_organs","nofilter","min5",3000,0.154852511501095,0.999860590109542
"Cluster","Cluster",118,"Validation","Elastic_net","All_organs","nofilter","min5",3000,4.62692422423272,0.301666364308342
"Cluster","Cluster",119,"Train","Elastic_net","All_organs","nofilter","nofilter",3000,0.603470583178937,0.99796067498454
"Cluster","Cluster",119,"Validation","Elastic_net","All_organs","nofilter","nofilter",3000,4.05852125387122,0.414340857767206
"Cluster","Cluster",120,"Train","Elastic_net","All_organs","0.05","min10",50,1.89250376162226,0.900373083081693
"Cluster","Cluster",120,"Validation","Elastic_net","All_organs","0.05","min10",50,7.66068299044733,0.511645779907235
"Cluster","Cluster",121,"Train","Elastic_net","All_organs","0.05","min20",50,3.64497746524603,0.540915879042437
"Cluster","Cluster",121,"Validation","Elastic_net","All_organs","0.05","min20",50,5.17243026629651,0.419240530125826
"Cluster","Cluster",122,"Train","Elastic_net","All_organs","0.05","min5",50,1.06398248234256,0.978232394182475
"Cluster","Cluster",122,"Validation","Elastic_net","All_organs","0.05","min5",50,3.94510553938525,0.425029426847406
"Cluster","Cluster",123,"Train","Elastic_net","All_organs","0.05","nofilter",50,1.4546086303246,0.955756649163581
"Cluster","Cluster",123,"Validation","Elastic_net","All_organs","0.05","nofilter",50,6.94116257352402,0.20671605888995
"Cluster","Cluster",124,"Train","Elastic_net","All_organs","0.1","min10",50,3.22354473435409,0.608444832094935
"Cluster","Cluster",124,"Validation","Elastic_net","All_organs","0.1","min10",50,6.37734414978165,0.292235333275396
"Cluster","Cluster",125,"Train","Elastic_net","All_organs","0.1","min20",50,5.0199700960346,0.092844296760791
"Cluster","Cluster",125,"Validation","Elastic_net","All_organs","0.1","min20",50,5.64567471244951,0.0662616323448258
"Cluster","Cluster",126,"Train","Elastic_net","All_organs","0.1","min5",50,3.94279973754531,0.504176739750123
"Cluster","Cluster",126,"Validation","Elastic_net","All_organs","0.1","min5",50,4.83950927447701,0.252298304267293
"Cluster","Cluster",127,"Train","Elastic_net","All_organs","0.1","nofilter",50,3.58129519649692,0.602191919043502
"Cluster","Cluster",127,"Validation","Elastic_net","All_organs","0.1","nofilter",50,4.38594679316151,0.28695840735452
"Cluster","Cluster",128,"Train","Elastic_net","All_organs","0.2","min10",50,3.59833749967229,0.556596743448268
"Cluster","Cluster",128,"Validation","Elastic_net","All_organs","0.2","min10",50,5.33753297981978,0.305998867369257
"Cluster","Cluster",129,"Train","Elastic_net","All_organs","0.2","min20",50,5.0199700960346,0.092844296760791
"Cluster","Cluster",129,"Validation","Elastic_net","All_organs","0.2","min20",50,5.64567471244951,0.0662616323448258
"Cluster","Cluster",130,"Train","Elastic_net","All_organs","0.2","min5",50,4.90602174091539,0.303540516085942
"Cluster","Cluster",130,"Validation","Elastic_net","All_organs","0.2","min5",50,6.51372717442432,0.237765383937699
"Cluster","Cluster",131,"Train","Elastic_net","All_organs","0.2","nofilter",50,5.09917018877085,0.106847493922044
"Cluster","Cluster",131,"Validation","Elastic_net","All_organs","0.2","nofilter",50,6.04439263705788,0.209226340099487
"Cluster","Cluster",132,"Train","Elastic_net","All_organs","0.3","min10",50,3.59833749967229,0.556596743448268
"Cluster","Cluster",132,"Validation","Elastic_net","All_organs","0.3","min10",50,5.33753297981978,0.305998867369257
"Cluster","Cluster",133,"Train","Elastic_net","All_organs","0.3","min20",50,5.0199700960346,0.092844296760791
"Cluster","Cluster",133,"Validation","Elastic_net","All_organs","0.3","min20",50,5.64567471244951,0.0662616323448258
"Cluster","Cluster",134,"Train","Elastic_net","All_organs","0.3","min5",50,4.90602174091539,0.303540516085942
"Cluster","Cluster",134,"Validation","Elastic_net","All_organs","0.3","min5",50,6.51372717442432,0.237765383937699
"Cluster","Cluster",135,"Train","Elastic_net","All_organs","0.3","nofilter",50,5.09917018877085,0.106847493922044
"Cluster","Cluster",135,"Validation","Elastic_net","All_organs","0.3","nofilter",50,6.04439263705788,0.209226340099487
"Cluster","Cluster",136,"Train","Elastic_net","All_organs","nofilter","min10",50,1.01107341327936,0.990249808047315
"Cluster","Cluster",136,"Validation","Elastic_net","All_organs","nofilter","min10",50,4.33253612495801,0.399575086873961
"Cluster","Cluster",137,"Train","Elastic_net","All_organs","nofilter","min20",50,0.148526069265212,0.999617620689379
"Cluster","Cluster",137,"Validation","Elastic_net","All_organs","nofilter","min20",50,5.10771506704969,0.374449065825946
"Cluster","Cluster",138,"Train","Elastic_net","All_organs","nofilter","min5",50,4.18993815720389,0.702624377227958
"Cluster","Cluster",138,"Validation","Elastic_net","All_organs","nofilter","min5",50,7.35628396207725,0.161852018239113
"Cluster","Cluster",139,"Train","Elastic_net","All_organs","nofilter","nofilter",50,2.63771853694891,0.931342267117157
"Cluster","Cluster",139,"Validation","Elastic_net","All_organs","nofilter","nofilter",50,6.23288640353393,0.354325195390437
"Cluster","Cluster",140,"Train","Elastic_net","All_organs","0.05","min10",500,3.24845317628688,0.793769420232399
"Cluster","Cluster",140,"Validation","Elastic_net","All_organs","0.05","min10",500,5.00164010203225,0.357596678000633
"Cluster","Cluster",141,"Train","Elastic_net","All_organs","0.05","min20",500,3.94686050862029,0.593053028330096
"Cluster","Cluster",141,"Validation","Elastic_net","All_organs","0.05","min20",500,6.68979475355952,0.232328930492404
"Cluster","Cluster",142,"Train","Elastic_net","All_organs","0.05","min5",500,0.154498934487584,0.999777134674427
"Cluster","Cluster",142,"Validation","Elastic_net","All_organs","0.05","min5",500,3.8556572773827,0.375859400472046
"Cluster","Cluster",143,"Train","Elastic_net","All_organs","0.05","nofilter",500,0.155683748379011,0.999784950130691
"Cluster","Cluster",143,"Validation","Elastic_net","All_organs","0.05","nofilter",500,6.79074810352978,0.260900639776884
"Cluster","Cluster",144,"Train","Elastic_net","All_organs","0.1","min10",500,4.56911074211663,0.356667917927404
"Cluster","Cluster",144,"Validation","Elastic_net","All_organs","0.1","min10",500,5.09793600104345,0.321992506461094
"Cluster","Cluster",145,"Train","Elastic_net","All_organs","0.1","min20",500,4.86702194737242,0.247837370265533
"Cluster","Cluster",145,"Validation","Elastic_net","All_organs","0.1","min20",500,5.98852239682424,0.106021102553054
"Cluster","Cluster",146,"Train","Elastic_net","All_organs","0.1","min5",500,0.149081174370005,0.999794491459507
"Cluster","Cluster",146,"Validation","Elastic_net","All_organs","0.1","min5",500,4.22550205867175,0.418613886917923
"Cluster","Cluster",147,"Train","Elastic_net","All_organs","0.1","nofilter",500,3.47536321765605,0.796428126892139
"Cluster","Cluster",147,"Validation","Elastic_net","All_organs","0.1","nofilter",500,4.13954343301662,0.409044374976711
"Cluster","Cluster",148,"Train","Elastic_net","All_organs","0.2","min10",500,4.13253779120233,0.623116380279583
"Cluster","Cluster",148,"Validation","Elastic_net","All_organs","0.2","min10",500,5.26776692397497,0.122823122864608
"Cluster","Cluster",149,"Train","Elastic_net","All_organs","0.2","min20",500,4.86702194737242,0.247837370265533
"Cluster","Cluster",149,"Validation","Elastic_net","All_organs","0.2","min20",500,5.98852239682424,0.106021102553054
"Cluster","Cluster",150,"Train","Elastic_net","All_organs","0.2","min5",500,3.89198858390628,0.769156001066039
"Cluster","Cluster",150,"Validation","Elastic_net","All_organs","0.2","min5",500,5.16041356278318,0.407852090247158
"Cluster","Cluster",151,"Train","Elastic_net","All_organs","0.2","nofilter",500,4.68475329783386,0.536859761759081
"Cluster","Cluster",151,"Validation","Elastic_net","All_organs","0.2","nofilter",500,4.6834401649285,0.414275509188682
"Cluster","Cluster",152,"Train","Elastic_net","All_organs","0.3","min10",500,4.13253779120233,0.623116380279583
"Cluster","Cluster",152,"Validation","Elastic_net","All_organs","0.3","min10",500,5.26776692397497,0.122823122864608
"Cluster","Cluster",153,"Train","Elastic_net","All_organs","0.3","min20",500,4.86702194737242,0.247837370265533
"Cluster","Cluster",153,"Validation","Elastic_net","All_organs","0.3","min20",500,5.98852239682424,0.106021102553054
"Cluster","Cluster",154,"Train","Elastic_net","All_organs","0.3","min5",500,3.89198858390628,0.769156001066039
"Cluster","Cluster",154,"Validation","Elastic_net","All_organs","0.3","min5",500,5.16041356278318,0.407852090247158
"Cluster","Cluster",155,"Train","Elastic_net","All_organs","0.3","nofilter",500,4.68475329783386,0.536859761759081
"Cluster","Cluster",155,"Validation","Elastic_net","All_organs","0.3","nofilter",500,4.6834401649285,0.414275509188682
"Cluster","Cluster",156,"Train","Elastic_net","All_organs","nofilter","min10",500,1.02164457195617,0.988490021253208
"Cluster","Cluster",156,"Validation","Elastic_net","All_organs","nofilter","min10",500,4.6317994729306,0.511786475505509
"Cluster","Cluster",157,"Train","Elastic_net","All_organs","nofilter","min20",500,1.92093339019873,0.944580974269693
"Cluster","Cluster",157,"Validation","Elastic_net","All_organs","nofilter","min20",500,5.3585835162539,0.132174692166634
"Cluster","Cluster",158,"Train","Elastic_net","All_organs","nofilter","min5",500,0.948319770374611,0.993833334017329
"Cluster","Cluster",158,"Validation","Elastic_net","All_organs","nofilter","min5",500,6.99961205612068,0.291974525828001
"Cluster","Cluster",159,"Train","Elastic_net","All_organs","nofilter","nofilter",500,3.28309139103825,0.82826619973793
"Cluster","Cluster",159,"Validation","Elastic_net","All_organs","nofilter","nofilter",500,4.66408839526896,0.348665270889434
"Cluster","Cluster",160,"Train","Elastic_net","All_organs","0.05","min10",750,1.39685053555014,0.964642311281971
"Cluster","Cluster",160,"Validation","Elastic_net","All_organs","0.05","min10",750,4.44541875014622,0.27077081965572
"Cluster","Cluster",161,"Train","Elastic_net","All_organs","0.05","min20",750,3.94391174389883,0.569109340803654
"Cluster","Cluster",161,"Validation","Elastic_net","All_organs","0.05","min20",750,6.17727073427646,0.20625191097383
"Cluster","Cluster",162,"Train","Elastic_net","All_organs","0.05","min5",750,0.529620966354287,0.997346715582161
"Cluster","Cluster",162,"Validation","Elastic_net","All_organs","0.05","min5",750,4.70502379907692,0.425199219407048
"Cluster","Cluster",163,"Train","Elastic_net","All_organs","0.05","nofilter",750,0.589647822350694,0.996760915301549
"Cluster","Cluster",163,"Validation","Elastic_net","All_organs","0.05","nofilter",750,5.76853036873994,0.250248054316108
"Cluster","Cluster",164,"Train","Elastic_net","All_organs","0.1","min10",750,5.05176195195029,0.127991263135865
"Cluster","Cluster",164,"Validation","Elastic_net","All_organs","0.1","min10",750,5.97659079248756,0.289190559449031
"Cluster","Cluster",165,"Train","Elastic_net","All_organs","0.1","min20",750,5.15230168525,0.0849532390264332
"Cluster","Cluster",165,"Validation","Elastic_net","All_organs","0.1","min20",750,5.8187227951363,0.0186524587168132
"Cluster","Cluster",166,"Train","Elastic_net","All_organs","0.1","min5",750,1.04457672574531,0.989644221250084
"Cluster","Cluster",166,"Validation","Elastic_net","All_organs","0.1","min5",750,4.63587979698661,0.27269410353863
"Cluster","Cluster",167,"Train","Elastic_net","All_organs","0.1","nofilter",750,0.753288505724685,0.994852664645031
"Cluster","Cluster",167,"Validation","Elastic_net","All_organs","0.1","nofilter",750,4.0419755171335,0.306219728047719
"Cluster","Cluster",168,"Train","Elastic_net","All_organs","0.2","min10",750,4.72189028058912,0.356786190328881
"Cluster","Cluster",168,"Validation","Elastic_net","All_organs","0.2","min10",750,6.76154624479778,0.08703712534008
"Cluster","Cluster",169,"Train","Elastic_net","All_organs","0.2","min20",750,5.13036062371169,0.0727196486686616
"Cluster","Cluster",169,"Validation","Elastic_net","All_organs","0.2","min20",750,5.86843220464309,0.141508743178307
"Cluster","Cluster",170,"Train","Elastic_net","All_organs","0.2","min5",750,3.91942325354026,0.806729497179023
"Cluster","Cluster",170,"Validation","Elastic_net","All_organs","0.2","min5",750,5.24939511555486,0.282153474816135
"Cluster","Cluster",171,"Train","Elastic_net","All_organs","0.2","nofilter",750,3.08841127581727,0.888240500050732
"Cluster","Cluster",171,"Validation","Elastic_net","All_organs","0.2","nofilter",750,4.38598205131448,0.358486044144677
"Cluster","Cluster",172,"Train","Elastic_net","All_organs","0.3","min10",750,4.72189028058912,0.356786190328881
"Cluster","Cluster",172,"Validation","Elastic_net","All_organs","0.3","min10",750,6.76154624479778,0.08703712534008
"Cluster","Cluster",173,"Train","Elastic_net","All_organs","0.3","min20",750,5.13036062371169,0.0727196486686616
"Cluster","Cluster",173,"Validation","Elastic_net","All_organs","0.3","min20",750,5.86843220464309,0.141508743178307
"Cluster","Cluster",174,"Train","Elastic_net","All_organs","0.3","min5",750,3.91942325354026,0.806729497179023
"Cluster","Cluster",174,"Validation","Elastic_net","All_organs","0.3","min5",750,5.24939511555486,0.282153474816135
"Cluster","Cluster",175,"Train","Elastic_net","All_organs","0.3","nofilter",750,3.08841127581727,0.888240500050732
"Cluster","Cluster",175,"Validation","Elastic_net","All_organs","0.3","nofilter",750,4.38598205131448,0.358486044144677
"Cluster","Cluster",176,"Train","Elastic_net","All_organs","nofilter","min10",750,0.22161519718154,0.999466667550883
"Cluster","Cluster",176,"Validation","Elastic_net","All_organs","nofilter","min10",750,4.91780391908979,0.318014986905776
"Cluster","Cluster",177,"Train","Elastic_net","All_organs","nofilter","min20",750,0.930149571430801,0.989964862086964
"Cluster","Cluster",177,"Validation","Elastic_net","All_organs","nofilter","min20",750,4.76381519496945,0.304570890006313
"Cluster","Cluster",178,"Train","Elastic_net","All_organs","nofilter","min5",750,3.79831628679452,0.78746227575812
"Cluster","Cluster",178,"Validation","Elastic_net","All_organs","nofilter","min5",750,5.40341882975655,0.28411613253919
"Cluster","Cluster",179,"Train","Elastic_net","All_organs","nofilter","nofilter",750,4.02672636893496,0.778650032041784
"Cluster","Cluster",179,"Validation","Elastic_net","All_organs","nofilter","nofilter",750,4.65531926604722,0.313150306005597
"Cluster","Cluster",180,"Train","Elastic_net","Brain","0.05","min10",100,3.52789447421256,0.879398124269654
"Cluster","Cluster",180,"Validation","Elastic_net","Brain","0.05","min10",100,4.15357471415609,0.540632068015901
"Cluster","Cluster",181,"Train","Elastic_net","Brain","0.05","min20",100,0.160080643860687,0.999880361504346
"Cluster","Cluster",181,"Validation","Elastic_net","Brain","0.05","min20",100,3.9909007855304,0.413580811449822
"Cluster","Cluster",182,"Train","Elastic_net","Brain","0.05","min5",100,0.163299308688015,0.999897112869385
"Cluster","Cluster",182,"Validation","Elastic_net","Brain","0.05","min5",100,4.68289738822464,0.346914913272657
"Cluster","Cluster",183,"Train","Elastic_net","Brain","0.05","nofilter",100,1.90947309645724,0.977005003768126
"Cluster","Cluster",183,"Validation","Elastic_net","Brain","0.05","nofilter",100,3.65039116795381,0.654407443998213
"Cluster","Cluster",184,"Train","Elastic_net","Brain","0.1","min10",100,1.31594828602161,0.96949440153895
"Cluster","Cluster",184,"Validation","Elastic_net","Brain","0.1","min10",100,2.65419822014175,0.832110334655248
"Cluster","Cluster",185,"Train","Elastic_net","Brain","0.1","min20",100,0.146317543330387,0.999750465412464
"Cluster","Cluster",185,"Validation","Elastic_net","Brain","0.1","min20",100,3.98487089194965,0.709494203475669
"Cluster","Cluster",186,"Train","Elastic_net","Brain","0.1","min5",100,0.163339374546696,0.999844806323987
"Cluster","Cluster",186,"Validation","Elastic_net","Brain","0.1","min5",100,3.32912663596437,0.706586359473087
"Cluster","Cluster",187,"Train","Elastic_net","Brain","0.1","nofilter",100,0.167388855355392,0.999820566170661
"Cluster","Cluster",187,"Validation","Elastic_net","Brain","0.1","nofilter",100,4.71165062505251,0.819396832388199
"Cluster","Cluster",188,"Train","Elastic_net","Brain","0.2","min10",100,4.01463752796386,0.631938520217084
"Cluster","Cluster",188,"Validation","Elastic_net","Brain","0.2","min10",100,4.93527326127097,0.802552557888341
"Cluster","Cluster",189,"Train","Elastic_net","Brain","0.2","min20",100,3.62493597230841,0.630858165168825
"Cluster","Cluster",189,"Validation","Elastic_net","Brain","0.2","min20",100,5.04877086316267,0.571319288256536
"Cluster","Cluster",190,"Train","Elastic_net","Brain","0.2","min5",100,4.44540718268769,0.642033167955251
"Cluster","Cluster",190,"Validation","Elastic_net","Brain","0.2","min5",100,5.20637813260369,0.665815969442778
"Cluster","Cluster",191,"Train","Elastic_net","Brain","0.2","nofilter",100,4.90118985999841,0.379767253633364
"Cluster","Cluster",191,"Validation","Elastic_net","Brain","0.2","nofilter",100,5.10520494696711,0.623547182781069
"Cluster","Cluster",192,"Train","Elastic_net","Brain","0.3","min10",100,4.81514363940192,0.323057311265807
"Cluster","Cluster",192,"Validation","Elastic_net","Brain","0.3","min10",100,6.62251619342401,0.407257205601799
"Cluster","Cluster",193,"Train","Elastic_net","Brain","0.3","min20",100,5.18767643382006,0.0911096106951698
"Cluster","Cluster",193,"Validation","Elastic_net","Brain","0.3","min20",100,5.68790274132029,0.640594397264507
"Cluster","Cluster",194,"Train","Elastic_net","Brain","0.3","min5",100,5.18933692352904,0.167924548400707
"Cluster","Cluster",194,"Validation","Elastic_net","Brain","0.3","min5",100,5.02889104816842,0.450200561153391
"Cluster","Cluster",195,"Train","Elastic_net","Brain","0.3","nofilter",100,3.11428461626516,0.888603204986211
"Cluster","Cluster",195,"Validation","Elastic_net","Brain","0.3","nofilter",100,4.63674482141043,0.355887637185803
"Cluster","Cluster",196,"Train","Elastic_net","Brain","nofilter","min10",100,2.83137231791647,0.953449530616068
"Cluster","Cluster",196,"Validation","Elastic_net","Brain","nofilter","min10",100,6.33308665820071,0.375290628996869
"Cluster","Cluster",197,"Train","Elastic_net","Brain","nofilter","min20",100,2.03753535778546,0.978174968169707
"Cluster","Cluster",197,"Validation","Elastic_net","Brain","nofilter","min20",100,3.84824147922385,0.356721475019403
"Cluster","Cluster",198,"Train","Elastic_net","Brain","nofilter","min5",100,2.68956379712828,0.966362720924762
"Cluster","Cluster",198,"Validation","Elastic_net","Brain","nofilter","min5",100,6.19802892954776,0.285471058703988
"Cluster","Cluster",199,"Train","Elastic_net","Brain","nofilter","nofilter",100,3.01330409632144,0.968342537367818
"Cluster","Cluster",199,"Validation","Elastic_net","Brain","nofilter","nofilter",100,4.72248687080067,0.272986509533597
"Cluster","Cluster",200,"Train","Elastic_net","Brain","0.05","min10",1000,0.159697491187887,0.999852543941905
"Cluster","Cluster",200,"Validation","Elastic_net","Brain","0.05","min10",1000,7.50277804309408,0.48969294285749
"Cluster","Cluster",201,"Train","Elastic_net","Brain","0.05","min20",1000,0.694160193350996,0.996238271558249
"Cluster","Cluster",201,"Validation","Elastic_net","Brain","0.05","min20",1000,8.21289571562141,0.402539898077086
"Cluster","Cluster",202,"Train","Elastic_net","Brain","0.05","min5",1000,5.14196592186277,0.454639117918569
"Cluster","Cluster",202,"Validation","Elastic_net","Brain","0.05","min5",1000,3.76208162983604,0.531491653974484
"Cluster","Cluster",203,"Train","Elastic_net","Brain","0.05","nofilter",1000,5.13382504842343,0.425002830777211
"Cluster","Cluster",203,"Validation","Elastic_net","Brain","0.05","nofilter",1000,7.13493033999611,0.462380940125102
"Cluster","Cluster",204,"Train","Elastic_net","Brain","0.1","min10",1000,0.885558867472815,0.993918547142724
"Cluster","Cluster",204,"Validation","Elastic_net","Brain","0.1","min10",1000,2.58865601671834,0.605568476120072
"Cluster","Cluster",205,"Train","Elastic_net","Brain","0.1","min20",1000,1.05481987940947,0.985640195938597
"Cluster","Cluster",205,"Validation","Elastic_net","Brain","0.1","min20",1000,4.89156596780441,0.519898525356859
"Cluster","Cluster",206,"Train","Elastic_net","Brain","0.1","min5",1000,0.159867797938132,0.99988711233051
"Cluster","Cluster",206,"Validation","Elastic_net","Brain","0.1","min5",1000,3.70003969749716,0.429369725957922
"Cluster","Cluster",207,"Train","Elastic_net","Brain","0.1","nofilter",1000,0.159048730142152,0.999897796477091
"Cluster","Cluster",207,"Validation","Elastic_net","Brain","0.1","nofilter",1000,4.11116323056866,0.591688962091982
"Cluster","Cluster",208,"Train","Elastic_net","Brain","0.2","min10",1000,3.99987783425071,0.774027903512682
"Cluster","Cluster",208,"Validation","Elastic_net","Brain","0.2","min10",1000,5.2927512709713,0.740718072935509
"Cluster","Cluster",209,"Train","Elastic_net","Brain","0.2","min20",1000,4.30374639644562,0.606471463684007
"Cluster","Cluster",209,"Validation","Elastic_net","Brain","0.2","min20",1000,8.372272223878,0.42429582781269
"Cluster","Cluster",210,"Train","Elastic_net","Brain","0.2","min5",1000,2.13180269524185,0.968332091349766
"Cluster","Cluster",210,"Validation","Elastic_net","Brain","0.2","min5",1000,6.10550248008563,0.571842100450564
"Cluster","Cluster",211,"Train","Elastic_net","Brain","0.2","nofilter",1000,0.589615059153366,0.998008456359683
"Cluster","Cluster",211,"Validation","Elastic_net","Brain","0.2","nofilter",1000,2.47939479624388,0.884259393865958
"Cluster","Cluster",212,"Train","Elastic_net","Brain","0.3","min10",1000,3.48740419604351,0.817950709546001
"Cluster","Cluster",212,"Validation","Elastic_net","Brain","0.3","min10",1000,5.36231848388533,0.395007404927072
"Cluster","Cluster",213,"Train","Elastic_net","Brain","0.3","min20",1000,4.15730564277724,0.745574768689496
"Cluster","Cluster",213,"Validation","Elastic_net","Brain","0.3","min20",1000,6.68939853521965,0.247000774607641
"Cluster","Cluster",214,"Train","Elastic_net","Brain","0.3","min5",1000,0.156003809715606,0.999905832610588
"Cluster","Cluster",214,"Validation","Elastic_net","Brain","0.3","min5",1000,4.20656206605516,0.593140850627627
"Cluster","Cluster",215,"Train","Elastic_net","Brain","0.3","nofilter",1000,2.49891969051666,0.953286331817449
"Cluster","Cluster",215,"Validation","Elastic_net","Brain","0.3","nofilter",1000,6.3295327803845,0.468296634149721
"Cluster","Cluster",216,"Train","Elastic_net","Brain","nofilter","min10",1000,0.914305620875138,0.997996086490845
"Cluster","Cluster",216,"Validation","Elastic_net","Brain","nofilter","min10",1000,5.90450322806289,0.340903129800853
"Cluster","Cluster",217,"Train","Elastic_net","Brain","nofilter","min20",1000,4.95972556902212,0.60950003103398
"Cluster","Cluster",217,"Validation","Elastic_net","Brain","nofilter","min20",1000,8.00637424678601,0.45997935379961
"Cluster","Cluster",218,"Train","Elastic_net","Brain","nofilter","min5",1000,0.85203482069444,0.997893086173117
"Cluster","Cluster",218,"Validation","Elastic_net","Brain","nofilter","min5",1000,6.88932707114843,0.284808662158358
"Cluster","Cluster",219,"Train","Elastic_net","Brain","nofilter","nofilter",1000,0.165175622477932,0.999890092769005
"Cluster","Cluster",219,"Validation","Elastic_net","Brain","nofilter","nofilter",1000,5.93700020084463,0.21167223931029
"Cluster","Cluster",220,"Train","Elastic_net","Brain","0.05","min10",1500,0.165381276953712,0.999860346389752
"Cluster","Cluster",220,"Validation","Elastic_net","Brain","0.05","min10",1500,3.98969329870592,0.492971292417689
"Cluster","Cluster",221,"Train","Elastic_net","Brain","0.05","min20",1500,1.20787547783527,0.992942419116396
"Cluster","Cluster",221,"Validation","Elastic_net","Brain","0.05","min20",1500,6.16316637825361,0.309235979757691
"Cluster","Cluster",222,"Train","Elastic_net","Brain","0.05","min5",1500,0.157834437507599,0.999909432867646
"Cluster","Cluster",222,"Validation","Elastic_net","Brain","0.05","min5",1500,6.61167156404965,0.386444026596213
"Cluster","Cluster",223,"Train","Elastic_net","Brain","0.05","nofilter",1500,0.16627611390436,0.999890884667838
"Cluster","Cluster",223,"Validation","Elastic_net","Brain","0.05","nofilter",1500,6.73969790010938,0.483210750539333
"Cluster","Cluster",224,"Train","Elastic_net","Brain","0.1","min10",1500,2.82643063875779,0.911468196098828
"Cluster","Cluster",224,"Validation","Elastic_net","Brain","0.1","min10",1500,3.20902963720997,0.6421884126931
"Cluster","Cluster",225,"Train","Elastic_net","Brain","0.1","min20",1500,0.159196630564583,0.999779392498876
"Cluster","Cluster",225,"Validation","Elastic_net","Brain","0.1","min20",1500,4.59554257866201,0.409362054604142
"Cluster","Cluster",226,"Train","Elastic_net","Brain","0.1","min5",1500,1.23831198710879,0.988574215398824
"Cluster","Cluster",226,"Validation","Elastic_net","Brain","0.1","min5",1500,3.20740254058753,0.794769985990214
"Cluster","Cluster",227,"Train","Elastic_net","Brain","0.1","nofilter",1500,0.158947856488336,0.999891532132241
"Cluster","Cluster",227,"Validation","Elastic_net","Brain","0.1","nofilter",1500,2.74879918727852,0.705673391190575
"Cluster","Cluster",228,"Train","Elastic_net","Brain","0.2","min10",1500,0.164908784638292,0.999826113209608
"Cluster","Cluster",228,"Validation","Elastic_net","Brain","0.2","min10",1500,4.81025778817104,0.646277868667364
"Cluster","Cluster",229,"Train","Elastic_net","Brain","0.2","min20",1500,0.428870519835337,0.999061625323643
"Cluster","Cluster",229,"Validation","Elastic_net","Brain","0.2","min20",1500,4.88882712820114,0.333569238703721
"Cluster","Cluster",230,"Train","Elastic_net","Brain","0.2","min5",1500,0.177218755676712,0.999866201002715
"Cluster","Cluster",230,"Validation","Elastic_net","Brain","0.2","min5",1500,3.98622571836182,0.6573434547342
"Cluster","Cluster",231,"Train","Elastic_net","Brain","0.2","nofilter",1500,2.62018023335666,0.953046210196919
"Cluster","Cluster",231,"Validation","Elastic_net","Brain","0.2","nofilter",1500,3.49353003264077,0.678935325999278
"Cluster","Cluster",232,"Train","Elastic_net","Brain","0.3","min10",1500,2.80818811756456,0.937073521026495
"Cluster","Cluster",232,"Validation","Elastic_net","Brain","0.3","min10",1500,5.35303883094301,0.263381994874168
"Cluster","Cluster",233,"Train","Elastic_net","Brain","0.3","min20",1500,4.18261070515794,0.625347571971468
"Cluster","Cluster",233,"Validation","Elastic_net","Brain","0.3","min20",1500,7.14628979657704,0.376995105469111
"Cluster","Cluster",234,"Train","Elastic_net","Brain","0.3","min5",1500,1.74392287916438,0.984807925463831
"Cluster","Cluster",234,"Validation","Elastic_net","Brain","0.3","min5",1500,6.44732050686549,0.4405248391634
"Cluster","Cluster",235,"Train","Elastic_net","Brain","0.3","nofilter",1500,1.59817759619176,0.987232866603576
"Cluster","Cluster",235,"Validation","Elastic_net","Brain","0.3","nofilter",1500,3.77559068095457,0.610934864683376
"Cluster","Cluster",236,"Train","Elastic_net","Brain","nofilter","min10",1500,3.53839736302415,0.926733212639031
"Cluster","Cluster",236,"Validation","Elastic_net","Brain","nofilter","min10",1500,4.68629107873133,0.390444179136348
"Cluster","Cluster",237,"Train","Elastic_net","Brain","nofilter","min20",1500,0.162160633515194,0.999911728541503
"Cluster","Cluster",237,"Validation","Elastic_net","Brain","nofilter","min20",1500,7.09414537572776,0.22151941932757
"Cluster","Cluster",238,"Train","Elastic_net","Brain","nofilter","min5",1500,4.63004891398755,0.717094128012684
"Cluster","Cluster",238,"Validation","Elastic_net","Brain","nofilter","min5",1500,4.18497332769542,0.496910646748124
"Cluster","Cluster",239,"Train","Elastic_net","Brain","nofilter","nofilter",1500,0.332824954159322,0.999732583578201
"Cluster","Cluster",239,"Validation","Elastic_net","Brain","nofilter","nofilter",1500,3.52096981297194,0.417228237844029
"Cluster","Cluster",240,"Train","Elastic_net","Brain","0.05","min10",2000,0.165440214132204,0.99987355674233
"Cluster","Cluster",240,"Validation","Elastic_net","Brain","0.05","min10",2000,3.43190495494784,0.694199314769438
"Cluster","Cluster",241,"Train","Elastic_net","Brain","0.05","min20",2000,3.07985521418091,0.922063567032839
"Cluster","Cluster",241,"Validation","Elastic_net","Brain","0.05","min20",2000,5.38868970865182,0.445957528568344
"Cluster","Cluster",242,"Train","Elastic_net","Brain","0.05","min5",2000,4.97917526394153,0.486478396006511
"Cluster","Cluster",242,"Validation","Elastic_net","Brain","0.05","min5",2000,4.99183138778571,0.302102865264484
"Cluster","Cluster",243,"Train","Elastic_net","Brain","0.05","nofilter",2000,3.95793691071158,0.872629939907283
"Cluster","Cluster",243,"Validation","Elastic_net","Brain","0.05","nofilter",2000,3.90849188383475,0.62303983435767
"Cluster","Cluster",244,"Train","Elastic_net","Brain","0.1","min10",2000,0.388075034331818,0.998788919995475
"Cluster","Cluster",244,"Validation","Elastic_net","Brain","0.1","min10",2000,2.460421669237,0.858349917442876
"Cluster","Cluster",245,"Train","Elastic_net","Brain","0.1","min20",2000,0.161344889392977,0.999854447291383
"Cluster","Cluster",245,"Validation","Elastic_net","Brain","0.1","min20",2000,3.53258573117122,0.671649423513489
"Cluster","Cluster",246,"Train","Elastic_net","Brain","0.1","min5",2000,4.95636542865172,0.533170174425904
"Cluster","Cluster",246,"Validation","Elastic_net","Brain","0.1","min5",2000,2.41796415039786,0.781742482420228
"Cluster","Cluster",247,"Train","Elastic_net","Brain","0.1","nofilter",2000,0.16608947005239,0.999880013424606
"Cluster","Cluster",247,"Validation","Elastic_net","Brain","0.1","nofilter",2000,3.87893246802108,0.624560715809318
"Cluster","Cluster",248,"Train","Elastic_net","Brain","0.2","min10",2000,4.17946833617078,0.749712500176912
"Cluster","Cluster",248,"Validation","Elastic_net","Brain","0.2","min10",2000,5.28117716058594,0.341173488205909
"Cluster","Cluster",249,"Train","Elastic_net","Brain","0.2","min20",2000,0.428870519835337,0.999061625323643
"Cluster","Cluster",249,"Validation","Elastic_net","Brain","0.2","min20",2000,4.88882712820114,0.333569238703721
"Cluster","Cluster",250,"Train","Elastic_net","Brain","0.2","min5",2000,1.60957390308,0.98595723043039
"Cluster","Cluster",250,"Validation","Elastic_net","Brain","0.2","min5",2000,3.89392409264053,0.692379056908439
"Cluster","Cluster",251,"Train","Elastic_net","Brain","0.2","nofilter",2000,0.251786755854437,0.999759709358478
"Cluster","Cluster",251,"Validation","Elastic_net","Brain","0.2","nofilter",2000,3.10541048334299,0.708087674144761
"Cluster","Cluster",252,"Train","Elastic_net","Brain","0.3","min10",2000,1.43767530899934,0.987498911400838
"Cluster","Cluster",252,"Validation","Elastic_net","Brain","0.3","min10",2000,7.59627372841081,0.365855573730019
"Cluster","Cluster",253,"Train","Elastic_net","Brain","0.3","min20",2000,4.18261070515794,0.625347571971468
"Cluster","Cluster",253,"Validation","Elastic_net","Brain","0.3","min20",2000,7.14628979657704,0.376995105469111
"Cluster","Cluster",254,"Train","Elastic_net","Brain","0.3","min5",2000,0.887262653052462,0.996539221872256
"Cluster","Cluster",254,"Validation","Elastic_net","Brain","0.3","min5",2000,5.03989834916303,0.499643812065917
"Cluster","Cluster",255,"Train","Elastic_net","Brain","0.3","nofilter",2000,5.16819735528409,0.251867418540322
"Cluster","Cluster",255,"Validation","Elastic_net","Brain","0.3","nofilter",2000,5.33445822256444,0.469946350905701
"Cluster","Cluster",256,"Train","Elastic_net","Brain","nofilter","min10",2000,0.16557133275269,0.999905732973628
"Cluster","Cluster",256,"Validation","Elastic_net","Brain","nofilter","min10",2000,3.94309922797936,0.581114562636849
"Cluster","Cluster",257,"Train","Elastic_net","Brain","nofilter","min20",2000,0.162951303482337,0.999896799490989
"Cluster","Cluster",257,"Validation","Elastic_net","Brain","nofilter","min20",2000,6.72236852248662,0.659092393908277
"Cluster","Cluster",258,"Train","Elastic_net","Brain","nofilter","min5",2000,0.765330932745256,0.998053121583797
"Cluster","Cluster",258,"Validation","Elastic_net","Brain","nofilter","min5",2000,7.81339458922786,0.56739662363225
"Cluster","Cluster",259,"Train","Elastic_net","Brain","nofilter","nofilter",2000,0.691121910682158,0.998514502951036
"Cluster","Cluster",259,"Validation","Elastic_net","Brain","nofilter","nofilter",2000,3.85890082050885,0.487490538221032
"Cluster","Cluster",260,"Train","Elastic_net","Brain","0.05","min10",22500,0.155600920232735,0.999881418370293
"Cluster","Cluster",260,"Validation","Elastic_net","Brain","0.05","min10",22500,6.60196915592478,0.479957917269894
"Cluster","Cluster",261,"Train","Elastic_net","Brain","0.05","min20",22500,3.97229114514356,0.845836247037597
"Cluster","Cluster",261,"Validation","Elastic_net","Brain","0.05","min20",22500,6.04352107339197,0.548688022461602
"Cluster","Cluster",262,"Train","Elastic_net","Brain","0.05","min5",22500,0.978766342699474,0.996685745051016
"Cluster","Cluster",262,"Validation","Elastic_net","Brain","0.05","min5",22500,3.99824604258486,0.510777579836065
"Cluster","Cluster",263,"Train","Elastic_net","Brain","0.05","nofilter",22500,0.162935826465936,0.999911383949143
"Cluster","Cluster",263,"Validation","Elastic_net","Brain","0.05","nofilter",22500,7.13713472260606,0.440543284055153
"Cluster","Cluster",264,"Train","Elastic_net","Brain","0.1","min10",22500,0.16346495897093,0.99983604855013
"Cluster","Cluster",264,"Validation","Elastic_net","Brain","0.1","min10",22500,3.72725378682522,0.605767788511162
"Cluster","Cluster",265,"Train","Elastic_net","Brain","0.1","min20",22500,0.154861635669171,0.999860809011008
"Cluster","Cluster",265,"Validation","Elastic_net","Brain","0.1","min20",22500,6.95595325659286,0.50090130170127
"Cluster","Cluster",266,"Train","Elastic_net","Brain","0.1","min5",22500,0.161447658012319,0.999903577888282
"Cluster","Cluster",266,"Validation","Elastic_net","Brain","0.1","min5",22500,2.70634924771911,0.706677638589013
"Cluster","Cluster",267,"Train","Elastic_net","Brain","0.1","nofilter",22500,0.168001770428095,0.999914672217118
"Cluster","Cluster",267,"Validation","Elastic_net","Brain","0.1","nofilter",22500,7.95808681913752,0.500499533683988
"Cluster","Cluster",268,"Train","Elastic_net","Brain","0.2","min10",22500,0.295022795796824,0.99970003905985
"Cluster","Cluster",268,"Validation","Elastic_net","Brain","0.2","min10",22500,5.34626954562276,0.648570879138114
"Cluster","Cluster",269,"Train","Elastic_net","Brain","0.2","min20",22500,4.63882414477358,0.57418440898771
"Cluster","Cluster",269,"Validation","Elastic_net","Brain","0.2","min20",22500,4.58542248417257,0.528912516369179
"Cluster","Cluster",270,"Train","Elastic_net","Brain","0.2","min5",22500,3.58658129550874,0.885266797551343
"Cluster","Cluster",270,"Validation","Elastic_net","Brain","0.2","min5",22500,4.72441696757557,0.429875644779954
"Cluster","Cluster",271,"Train","Elastic_net","Brain","0.2","nofilter",22500,0.167881737715783,0.999912672800245
"Cluster","Cluster",271,"Validation","Elastic_net","Brain","0.2","nofilter",22500,4.16855652910691,0.858707150435539
"Cluster","Cluster",272,"Train","Elastic_net","Brain","0.3","min10",22500,5.16903180804707,0.341659131742216
"Cluster","Cluster",272,"Validation","Elastic_net","Brain","0.3","min10",22500,6.31933106720401,0.495585709006939
"Cluster","Cluster",273,"Train","Elastic_net","Brain","0.3","min20",22500,5.11926136031159,0.421757013672728
"Cluster","Cluster",273,"Validation","Elastic_net","Brain","0.3","min20",22500,4.16373968600602,0.770295115595681
"Cluster","Cluster",274,"Train","Elastic_net","Brain","0.3","min5",22500,4.87937478055001,0.67207918852029
"Cluster","Cluster",274,"Validation","Elastic_net","Brain","0.3","min5",22500,5.60850148270107,0.295416562090894
"Cluster","Cluster",275,"Train","Elastic_net","Brain","0.3","nofilter",22500,2.43500595699535,0.965412174346934
"Cluster","Cluster",275,"Validation","Elastic_net","Brain","0.3","nofilter",22500,3.48725391961526,0.758596539820708
"Cluster","Cluster",276,"Train","Elastic_net","Brain","nofilter","min10",22500,5.09066923772719,0.578331462794646
"Cluster","Cluster",276,"Validation","Elastic_net","Brain","nofilter","min10",22500,5.95830442978337,0.302620642958604
"Cluster","Cluster",277,"Train","Elastic_net","Brain","nofilter","min20",22500,0.159774559596618,0.999870786022946
"Cluster","Cluster",277,"Validation","Elastic_net","Brain","nofilter","min20",22500,7.14802097179276,0.294714242464523
"Cluster","Cluster",278,"Train","Elastic_net","Brain","nofilter","min5",22500,0.15750971540887,0.99992009205422
"Cluster","Cluster",278,"Validation","Elastic_net","Brain","nofilter","min5",22500,7.68652462002403,0.531103948628577
"Cluster","Cluster",279,"Train","Elastic_net","Brain","nofilter","nofilter",22500,4.78617781269526,0.765449632668714
"Cluster","Cluster",279,"Validation","Elastic_net","Brain","nofilter","nofilter",22500,5.09413905038519,0.431649266770388
"Cluster","Cluster",280,"Train","Elastic_net","Brain","0.05","min10",3000,0.166244068999815,0.999866148638883
"Cluster","Cluster",280,"Validation","Elastic_net","Brain","0.05","min10",3000,4.12385954609244,0.45080888123303
"Cluster","Cluster",281,"Train","Elastic_net","Brain","0.05","min20",3000,0.162356722803909,0.999900082391748
"Cluster","Cluster",281,"Validation","Elastic_net","Brain","0.05","min20",3000,4.66565092025276,0.377974823465459
"Cluster","Cluster",282,"Train","Elastic_net","Brain","0.05","min5",3000,0.166184001222868,0.999910875991388
"Cluster","Cluster",282,"Validation","Elastic_net","Brain","0.05","min5",3000,6.74247608446999,0.445646035692921
"Cluster","Cluster",283,"Train","Elastic_net","Brain","0.05","nofilter",3000,0.290964832056582,0.999607114041528
"Cluster","Cluster",283,"Validation","Elastic_net","Brain","0.05","nofilter",3000,7.00957387397399,0.317476575055166
"Cluster","Cluster",284,"Train","Elastic_net","Brain","0.1","min10",3000,0.156367025631086,0.999868890626961
"Cluster","Cluster",284,"Validation","Elastic_net","Brain","0.1","min10",3000,3.52375985098014,0.877992297030843
"Cluster","Cluster",285,"Train","Elastic_net","Brain","0.1","min20",3000,0.154957665428597,0.999827415131792
"Cluster","Cluster",285,"Validation","Elastic_net","Brain","0.1","min20",3000,3.31175928557915,0.645602568488409
"Cluster","Cluster",286,"Train","Elastic_net","Brain","0.1","min5",3000,0.156839611111215,0.999871988405848
"Cluster","Cluster",286,"Validation","Elastic_net","Brain","0.1","min5",3000,5.26417349407055,0.405014373509372
"Cluster","Cluster",287,"Train","Elastic_net","Brain","0.1","nofilter",3000,0.742416761998312,0.997383698654021
"Cluster","Cluster",287,"Validation","Elastic_net","Brain","0.1","nofilter",3000,3.04693452462453,0.791999677540716
"Cluster","Cluster",288,"Train","Elastic_net","Brain","0.2","min10",3000,3.52091534998732,0.819975716673399
"Cluster","Cluster",288,"Validation","Elastic_net","Brain","0.2","min10",3000,5.33999686470874,0.205835115522348
"Cluster","Cluster",289,"Train","Elastic_net","Brain","0.2","min20",3000,3.69904803786913,0.746377115589166
"Cluster","Cluster",289,"Validation","Elastic_net","Brain","0.2","min20",3000,5.07665890058857,0.560867044729165
"Cluster","Cluster",290,"Train","Elastic_net","Brain","0.2","min5",3000,3.9300578110661,0.817247478547521
"Cluster","Cluster",290,"Validation","Elastic_net","Brain","0.2","min5",3000,4.57134577074901,0.484883273693178
"Cluster","Cluster",291,"Train","Elastic_net","Brain","0.2","nofilter",3000,1.51604002078674,0.986851710678276
"Cluster","Cluster",291,"Validation","Elastic_net","Brain","0.2","nofilter",3000,3.84529289141877,0.822101749890209
"Cluster","Cluster",292,"Train","Elastic_net","Brain","0.3","min10",3000,4.40583203549293,0.734210128403724
"Cluster","Cluster",292,"Validation","Elastic_net","Brain","0.3","min10",3000,7.10375211859076,0.283813809175448
"Cluster","Cluster",293,"Train","Elastic_net","Brain","0.3","min20",3000,2.39764575699434,0.946299543641713
"Cluster","Cluster",293,"Validation","Elastic_net","Brain","0.3","min20",3000,6.9046816909582,0.534569620276484
"Cluster","Cluster",294,"Train","Elastic_net","Brain","0.3","min5",3000,5.14923039642368,0.333864855418197
"Cluster","Cluster",294,"Validation","Elastic_net","Brain","0.3","min5",3000,5.22811170897745,0.656058124082762
"Cluster","Cluster",295,"Train","Elastic_net","Brain","0.3","nofilter",3000,1.11355544144647,0.993256274159683
"Cluster","Cluster",295,"Validation","Elastic_net","Brain","0.3","nofilter",3000,5.19297168944188,0.515255833271109
"Cluster","Cluster",296,"Train","Elastic_net","Brain","nofilter","min10",3000,2.93049649478466,0.949187174740963
"Cluster","Cluster",296,"Validation","Elastic_net","Brain","nofilter","min10",3000,5.48703493999053,0.420604024663328
"Cluster","Cluster",297,"Train","Elastic_net","Brain","nofilter","min20",3000,4.83267447496024,0.567743175903743
"Cluster","Cluster",297,"Validation","Elastic_net","Brain","nofilter","min20",3000,4.57262837946421,0.385045881844881
"Cluster","Cluster",298,"Train","Elastic_net","Brain","nofilter","min5",3000,4.81801410554277,0.737590908357036
"Cluster","Cluster",298,"Validation","Elastic_net","Brain","nofilter","min5",3000,5.26209972398487,0.22312316289295
"Cluster","Cluster",299,"Train","Elastic_net","Brain","nofilter","nofilter",3000,4.90861198059045,0.65037672200255
"Cluster","Cluster",299,"Validation","Elastic_net","Brain","nofilter","nofilter",3000,7.2782277808002,0.565368863589013
"Cluster","Cluster",300,"Train","Elastic_net","Brain","0.05","min10",50,0.289117602862033,0.999407004756933
"Cluster","Cluster",300,"Validation","Elastic_net","Brain","0.05","min10",50,6.92134270377757,0.745397119510386
"Cluster","Cluster",301,"Train","Elastic_net","Brain","0.05","min20",50,0.151579763872189,0.999872863306158
"Cluster","Cluster",301,"Validation","Elastic_net","Brain","0.05","min20",50,6.85686502652703,0.435309063079991
"Cluster","Cluster",302,"Train","Elastic_net","Brain","0.05","min5",50,1.78577187005362,0.966455939953226
"Cluster","Cluster",302,"Validation","Elastic_net","Brain","0.05","min5",50,3.80028560136972,0.555088027686393
"Cluster","Cluster",303,"Train","Elastic_net","Brain","0.05","nofilter",50,0.169888893823775,0.999880485619093
"Cluster","Cluster",303,"Validation","Elastic_net","Brain","0.05","nofilter",50,3.09061715481364,0.639054160164793
"Cluster","Cluster",304,"Train","Elastic_net","Brain","0.1","min10",50,1.80572330906106,0.932674790716857
"Cluster","Cluster",304,"Validation","Elastic_net","Brain","0.1","min10",50,2.57143553866817,0.859767567347397
"Cluster","Cluster",305,"Train","Elastic_net","Brain","0.1","min20",50,0.138403703365865,0.999620881906892
"Cluster","Cluster",305,"Validation","Elastic_net","Brain","0.1","min20",50,2.81930974153723,0.757773566437481
"Cluster","Cluster",306,"Train","Elastic_net","Brain","0.1","min5",50,0.155266556918697,0.999768101455717
"Cluster","Cluster",306,"Validation","Elastic_net","Brain","0.1","min5",50,3.58437604074626,0.695086628944688
"Cluster","Cluster",307,"Train","Elastic_net","Brain","0.1","nofilter",50,1.74035289519424,0.952733724615166
"Cluster","Cluster",307,"Validation","Elastic_net","Brain","0.1","nofilter",50,1.91114737491816,0.874417434014431
"Cluster","Cluster",308,"Train","Elastic_net","Brain","0.2","min10",50,4.19847266838195,0.316821578460321
"Cluster","Cluster",308,"Validation","Elastic_net","Brain","0.2","min10",50,6.29695113293154,0.386717880379542
"Cluster","Cluster",309,"Train","Elastic_net","Brain","0.2","min20",50,3.11715090740683,0.626678215203554
"Cluster","Cluster",309,"Validation","Elastic_net","Brain","0.2","min20",50,4.28786455802582,0.502787746757452
"Cluster","Cluster",310,"Train","Elastic_net","Brain","0.2","min5",50,4.96571459358956,0.255001642197951
"Cluster","Cluster",310,"Validation","Elastic_net","Brain","0.2","min5",50,5.54923181851415,0.285845012134615
"Cluster","Cluster",311,"Train","Elastic_net","Brain","0.2","nofilter",50,5.20189085306899,0.160354443857413
"Cluster","Cluster",311,"Validation","Elastic_net","Brain","0.2","nofilter",50,5.86924943808307,0.157732804987658
"Cluster","Cluster",312,"Train","Elastic_net","Brain","0.3","min10",50,4.19847266838195,0.316821578460321
"Cluster","Cluster",312,"Validation","Elastic_net","Brain","0.3","min10",50,6.29695113293154,0.386717880379542
"Cluster","Cluster",313,"Train","Elastic_net","Brain","0.3","min20",50,3.85799879067968,0.541171310977211
"Cluster","Cluster",313,"Validation","Elastic_net","Brain","0.3","min20",50,5.86352241324267,0.600199427496504
"Cluster","Cluster",314,"Train","Elastic_net","Brain","0.3","min5",50,4.96571459358956,0.255001642197951
"Cluster","Cluster",314,"Validation","Elastic_net","Brain","0.3","min5",50,5.54923181851415,0.285845012134615
"Cluster","Cluster",315,"Train","Elastic_net","Brain","0.3","nofilter",50,5.20189085306899,0.160354443857413
"Cluster","Cluster",315,"Validation","Elastic_net","Brain","0.3","nofilter",50,5.86924943808307,0.157732804987658
"Cluster","Cluster",316,"Train","Elastic_net","Brain","nofilter","min10",50,0.160815073400757,0.999927610090973
"Cluster","Cluster",316,"Validation","Elastic_net","Brain","nofilter","min10",50,7.08730716831869,0.492613074196313
"Cluster","Cluster",317,"Train","Elastic_net","Brain","nofilter","min20",50,4.9731958331046,0.537084364649396
"Cluster","Cluster",317,"Validation","Elastic_net","Brain","nofilter","min20",50,5.79780802849728,0.508898046309429
"Cluster","Cluster",318,"Train","Elastic_net","Brain","nofilter","min5",50,3.37463483964795,0.932356364977708
"Cluster","Cluster",318,"Validation","Elastic_net","Brain","nofilter","min5",50,6.24846834905907,0.262366705114115
"Cluster","Cluster",319,"Train","Elastic_net","Brain","nofilter","nofilter",50,3.72516436482607,0.908675285752063
"Cluster","Cluster",319,"Validation","Elastic_net","Brain","nofilter","nofilter",50,5.44702357594483,0.243373902405772
"Cluster","Cluster",320,"Train","Elastic_net","Brain","0.05","min10",500,0.163713125200489,0.999898206059682
"Cluster","Cluster",320,"Validation","Elastic_net","Brain","0.05","min10",500,4.58822730164149,0.646554060871749
"Cluster","Cluster",321,"Train","Elastic_net","Brain","0.05","min20",500,4.92619591367736,0.565654922757264
"Cluster","Cluster",321,"Validation","Elastic_net","Brain","0.05","min20",500,4.15693063911274,0.464132670324796
"Cluster","Cluster",322,"Train","Elastic_net","Brain","0.05","min5",500,0.158011794336283,0.999927311882064
"Cluster","Cluster",322,"Validation","Elastic_net","Brain","0.05","min5",500,4.68321896101126,0.334362416760243
"Cluster","Cluster",323,"Train","Elastic_net","Brain","0.05","nofilter",500,0.388408679270967,0.99945328752017
"Cluster","Cluster",323,"Validation","Elastic_net","Brain","0.05","nofilter",500,6.50419702044541,0.415141120348928
"Cluster","Cluster",324,"Train","Elastic_net","Brain","0.1","min10",500,0.198323456037149,0.999747513870954
"Cluster","Cluster",324,"Validation","Elastic_net","Brain","0.1","min10",500,2.47606022253363,0.834613226265647
"Cluster","Cluster",325,"Train","Elastic_net","Brain","0.1","min20",500,3.84261165852577,0.676011486157746
"Cluster","Cluster",325,"Validation","Elastic_net","Brain","0.1","min20",500,4.24080216210245,0.7541755078261
"Cluster","Cluster",326,"Train","Elastic_net","Brain","0.1","min5",500,0.154162891702469,0.999933395938827
"Cluster","Cluster",326,"Validation","Elastic_net","Brain","0.1","min5",500,3.12112923759085,0.722417439645678
"Cluster","Cluster",327,"Train","Elastic_net","Brain","0.1","nofilter",500,0.16840417833127,0.99989053869768
"Cluster","Cluster",327,"Validation","Elastic_net","Brain","0.1","nofilter",500,3.87069300054062,0.480218046024726
"Cluster","Cluster",328,"Train","Elastic_net","Brain","0.2","min10",500,0.32363218906942,0.998454874457848
"Cluster","Cluster",328,"Validation","Elastic_net","Brain","0.2","min10",500,4.98585692349263,0.596736093419957
"Cluster","Cluster",329,"Train","Elastic_net","Brain","0.2","min20",500,4.73777396070323,0.364472461073549
"Cluster","Cluster",329,"Validation","Elastic_net","Brain","0.2","min20",500,5.01959738059723,0.609527435625438
"Cluster","Cluster",330,"Train","Elastic_net","Brain","0.2","min5",500,3.92591847193868,0.745714159336166
"Cluster","Cluster",330,"Validation","Elastic_net","Brain","0.2","min5",500,6.47910450313702,0.489632543851631
"Cluster","Cluster",331,"Train","Elastic_net","Brain","0.2","nofilter",500,4.26059751502994,0.723952199393827
"Cluster","Cluster",331,"Validation","Elastic_net","Brain","0.2","nofilter",500,5.65485581438351,0.285565706087764
"Cluster","Cluster",332,"Train","Elastic_net","Brain","0.3","min10",500,4.28118840831906,0.599564009000414
"Cluster","Cluster",332,"Validation","Elastic_net","Brain","0.3","min10",500,5.39370355439305,0.0489312862793929
"Cluster","Cluster",333,"Train","Elastic_net","Brain","0.3","min20",500,4.3845433687791,0.569405193333067
"Cluster","Cluster",333,"Validation","Elastic_net","Brain","0.3","min20",500,6.71628258643116,0.156155331054836
"Cluster","Cluster",334,"Train","Elastic_net","Brain","0.3","min5",500,4.46694970239588,0.612871994238704
"Cluster","Cluster",334,"Validation","Elastic_net","Brain","0.3","min5",500,4.61903998881153,0.371214676480825
"Cluster","Cluster",335,"Train","Elastic_net","Brain","0.3","nofilter",500,0.159549411909628,0.999880523331516
"Cluster","Cluster",335,"Validation","Elastic_net","Brain","0.3","nofilter",500,4.53705889942241,0.453692199705495
"Cluster","Cluster",336,"Train","Elastic_net","Brain","nofilter","min10",500,4.59238180344632,0.676647666386548
"Cluster","Cluster",336,"Validation","Elastic_net","Brain","nofilter","min10",500,2.86886745551765,0.808643351439919
"Cluster","Cluster",337,"Train","Elastic_net","Brain","nofilter","min20",500,1.78661459934972,0.987812322634092
"Cluster","Cluster",337,"Validation","Elastic_net","Brain","nofilter","min20",500,5.36708632657183,0.353357756071348
"Cluster","Cluster",338,"Train","Elastic_net","Brain","nofilter","min5",500,2.27115215076537,0.969888954193624
"Cluster","Cluster",338,"Validation","Elastic_net","Brain","nofilter","min5",500,4.52981685438336,0.575464515773009
"Cluster","Cluster",339,"Train","Elastic_net","Brain","nofilter","nofilter",500,4.14676695101488,0.900380848433123
"Cluster","Cluster",339,"Validation","Elastic_net","Brain","nofilter","nofilter",500,4.9802175789717,0.268019682353231
"Cluster","Cluster",340,"Train","Elastic_net","Brain","0.05","min10",750,1.26451927804329,0.991303882437403
"Cluster","Cluster",340,"Validation","Elastic_net","Brain","0.05","min10",750,3.31689437975052,0.606482249391379
"Cluster","Cluster",341,"Train","Elastic_net","Brain","0.05","min20",750,0.142034391295558,0.999858582481827
"Cluster","Cluster",341,"Validation","Elastic_net","Brain","0.05","min20",750,8.68613127367507,0.596887780781396
"Cluster","Cluster",342,"Train","Elastic_net","Brain","0.05","min5",750,0.168883002106689,0.999936218532213
"Cluster","Cluster",342,"Validation","Elastic_net","Brain","0.05","min5",750,4.63024113141805,0.593119648746556
"Cluster","Cluster",343,"Train","Elastic_net","Brain","0.05","nofilter",750,4.5474677125362,0.755545439080038
"Cluster","Cluster",343,"Validation","Elastic_net","Brain","0.05","nofilter",750,4.83572705092918,0.244357338908603
"Cluster","Cluster",344,"Train","Elastic_net","Brain","0.1","min10",750,0.359239295813802,0.998634106292888
"Cluster","Cluster",344,"Validation","Elastic_net","Brain","0.1","min10",750,7.05309315804982,0.681530975559811
"Cluster","Cluster",345,"Train","Elastic_net","Brain","0.1","min20",750,0.153840158578886,0.999716939775013
"Cluster","Cluster",345,"Validation","Elastic_net","Brain","0.1","min20",750,3.87916820846569,0.63069594860189
"Cluster","Cluster",346,"Train","Elastic_net","Brain","0.1","min5",750,0.158233893672053,0.999874143203048
"Cluster","Cluster",346,"Validation","Elastic_net","Brain","0.1","min5",750,3.67052035239671,0.69858067801196
"Cluster","Cluster",347,"Train","Elastic_net","Brain","0.1","nofilter",750,0.16310393537593,0.99989851981222
"Cluster","Cluster",347,"Validation","Elastic_net","Brain","0.1","nofilter",750,3.99518824401365,0.508969768396503
"Cluster","Cluster",348,"Train","Elastic_net","Brain","0.2","min10",750,2.93212958715389,0.897100563804514
"Cluster","Cluster",348,"Validation","Elastic_net","Brain","0.2","min10",750,4.94749958072502,0.673206578750821
"Cluster","Cluster",349,"Train","Elastic_net","Brain","0.2","min20",750,1.36506465963922,0.986073123480666
"Cluster","Cluster",349,"Validation","Elastic_net","Brain","0.2","min20",750,8.21804947495854,0.552857817503464
"Cluster","Cluster",350,"Train","Elastic_net","Brain","0.2","min5",750,0.167144538078189,0.999893304219451
"Cluster","Cluster",350,"Validation","Elastic_net","Brain","0.2","min5",750,7.34236861240004,0.517058603994303
"Cluster","Cluster",351,"Train","Elastic_net","Brain","0.2","nofilter",750,1.50924409566471,0.98659439869608
"Cluster","Cluster",351,"Validation","Elastic_net","Brain","0.2","nofilter",750,5.7449580155039,0.307086533671884
"Cluster","Cluster",352,"Train","Elastic_net","Brain","0.3","min10",750,4.98902414164767,0.501121533588812
"Cluster","Cluster",352,"Validation","Elastic_net","Brain","0.3","min10",750,5.16193934477511,0.526383415696114
"Cluster","Cluster",353,"Train","Elastic_net","Brain","0.3","min20",750,2.54762526893826,0.927348642343203
"Cluster","Cluster",353,"Validation","Elastic_net","Brain","0.3","min20",750,8.51635797053374,0.345215214029563
"Cluster","Cluster",354,"Train","Elastic_net","Brain","0.3","min5",750,0.992685328261377,0.993832788617685
"Cluster","Cluster",354,"Validation","Elastic_net","Brain","0.3","min5",750,8.31685392050255,0.557027567158613
"Cluster","Cluster",355,"Train","Elastic_net","Brain","0.3","nofilter",750,0.15568707584819,0.999836479577393
"Cluster","Cluster",355,"Validation","Elastic_net","Brain","0.3","nofilter",750,6.11130994662194,0.481765305148747
"Cluster","Cluster",356,"Train","Elastic_net","Brain","nofilter","min10",750,0.168836488433468,0.999863542299106
"Cluster","Cluster",356,"Validation","Elastic_net","Brain","nofilter","min10",750,6.98820268821468,0.446186831177159
"Cluster","Cluster",357,"Train","Elastic_net","Brain","nofilter","min20",750,5.09048637247707,0.568535520727216
"Cluster","Cluster",357,"Validation","Elastic_net","Brain","nofilter","min20",750,6.7528246516254,0.598751655665688
"Cluster","Cluster",358,"Train","Elastic_net","Brain","nofilter","min5",750,4.6104346328256,0.733189548949911
"Cluster","Cluster",358,"Validation","Elastic_net","Brain","nofilter","min5",750,4.49734794100637,0.303711914620001
"Cluster","Cluster",359,"Train","Elastic_net","Brain","nofilter","nofilter",750,3.50972969583016,0.939775173468833
"Cluster","Cluster",359,"Validation","Elastic_net","Brain","nofilter","nofilter",750,4.56146034763979,0.393515591881046
"Cluster","Cluster",360,"Train","Elastic_net","Fin_clip_caudal","0.05","min10",100,0.149634311037532,0.999859943397141
"Cluster","Cluster",360,"Validation","Elastic_net","Fin_clip_caudal","0.05","min10",100,3.6968564902494,0.608181906591321
"Cluster","Cluster",361,"Train","Elastic_net","Fin_clip_caudal","0.05","min20",100,3.4274630771438,0.835665237673367
"Cluster","Cluster",361,"Validation","Elastic_net","Fin_clip_caudal","0.05","min20",100,6.46330842568439,0.733332845441051
"Cluster","Cluster",362,"Train","Elastic_net","Fin_clip_caudal","0.05","min5",100,0.156181895516768,0.999780264917296
"Cluster","Cluster",362,"Validation","Elastic_net","Fin_clip_caudal","0.05","min5",100,7.66764317117456,0.474284489054567
"Cluster","Cluster",363,"Train","Elastic_net","Fin_clip_caudal","0.05","nofilter",100,0.153133665127929,0.999889754843293
"Cluster","Cluster",363,"Validation","Elastic_net","Fin_clip_caudal","0.05","nofilter",100,3.93758388428502,0.612091726893088
"Cluster","Cluster",364,"Train","Elastic_net","Fin_clip_caudal","0.1","min10",100,0.34811306460642,0.998781568330291
"Cluster","Cluster",364,"Validation","Elastic_net","Fin_clip_caudal","0.1","min10",100,3.40277532809578,0.659663637800641
"Cluster","Cluster",365,"Train","Elastic_net","Fin_clip_caudal","0.1","min20",100,0.150876206444364,0.999641091404034
"Cluster","Cluster",365,"Validation","Elastic_net","Fin_clip_caudal","0.1","min20",100,8.94649563129616,0.601386512550168
"Cluster","Cluster",366,"Train","Elastic_net","Fin_clip_caudal","0.1","min5",100,0.154793512735563,0.999854277367463
"Cluster","Cluster",366,"Validation","Elastic_net","Fin_clip_caudal","0.1","min5",100,3.27479593025363,0.637305650611462
"Cluster","Cluster",367,"Train","Elastic_net","Fin_clip_caudal","0.1","nofilter",100,0.821278694166597,0.995297277606685
"Cluster","Cluster",367,"Validation","Elastic_net","Fin_clip_caudal","0.1","nofilter",100,4.90958270540595,0.370605068403513
"Cluster","Cluster",368,"Train","Elastic_net","Fin_clip_caudal","0.2","min10",100,1.30322111315834,0.953113080967653
"Cluster","Cluster",368,"Validation","Elastic_net","Fin_clip_caudal","0.2","min10",100,9.46595436438185,0.561552764747135
"Cluster","Cluster",369,"Train","Elastic_net","Fin_clip_caudal","0.2","min20",100,3.66941209783132,0.535203905614779
"Cluster","Cluster",369,"Validation","Elastic_net","Fin_clip_caudal","0.2","min20",100,8.53203932669085,0.64680240768953
"Cluster","Cluster",370,"Train","Elastic_net","Fin_clip_caudal","0.2","min5",100,0.622537479206607,0.994190715723388
"Cluster","Cluster",370,"Validation","Elastic_net","Fin_clip_caudal","0.2","min5",100,8.13441172186952,0.557999710351678
"Cluster","Cluster",371,"Train","Elastic_net","Fin_clip_caudal","0.2","nofilter",100,0.146120590269011,0.999703667738599
"Cluster","Cluster",371,"Validation","Elastic_net","Fin_clip_caudal","0.2","nofilter",100,4.41034061153674,0.448109900378496
"Cluster","Cluster",372,"Train","Elastic_net","Fin_clip_caudal","0.3","min10",100,2.35707834148097,0.906793226038893
"Cluster","Cluster",372,"Validation","Elastic_net","Fin_clip_caudal","0.3","min10",100,7.29234919572241,0.372145790325712
"Cluster","Cluster",373,"Train","Elastic_net","Fin_clip_caudal","0.3","min20",100,3.09284002917457,0.605977781103292
"Cluster","Cluster",373,"Validation","Elastic_net","Fin_clip_caudal","0.3","min20",100,7.45050748302089,0.715318281911287
"Cluster","Cluster",374,"Train","Elastic_net","Fin_clip_caudal","0.3","min5",100,2.68390259630629,0.851830326307257
"Cluster","Cluster",374,"Validation","Elastic_net","Fin_clip_caudal","0.3","min5",100,4.33173099660746,0.547703058001091
"Cluster","Cluster",375,"Train","Elastic_net","Fin_clip_caudal","0.3","nofilter",100,0.163869699922054,0.999709733246373
"Cluster","Cluster",375,"Validation","Elastic_net","Fin_clip_caudal","0.3","nofilter",100,6.53642694937657,0.481665897183162
"Cluster","Cluster",376,"Train","Elastic_net","Fin_clip_caudal","nofilter","min10",100,0.307518071309421,0.999549626462024
"Cluster","Cluster",376,"Validation","Elastic_net","Fin_clip_caudal","nofilter","min10",100,8.41461308359948,0.603654654572959
"Cluster","Cluster",377,"Train","Elastic_net","Fin_clip_caudal","nofilter","min20",100,5.00138270714992,0.430697611449963
"Cluster","Cluster",377,"Validation","Elastic_net","Fin_clip_caudal","nofilter","min20",100,8.79132646827717,0.74402526963668
"Cluster","Cluster",378,"Train","Elastic_net","Fin_clip_caudal","nofilter","min5",100,0.246117441815524,0.999728750825176
"Cluster","Cluster",378,"Validation","Elastic_net","Fin_clip_caudal","nofilter","min5",100,7.92122243076688,0.63525035577038
"Cluster","Cluster",379,"Train","Elastic_net","Fin_clip_caudal","nofilter","nofilter",100,0.280476851329039,0.999667733626978
"Cluster","Cluster",379,"Validation","Elastic_net","Fin_clip_caudal","nofilter","nofilter",100,7.31301819966442,0.633513180299815
"Cluster","Cluster",380,"Train","Elastic_net","Fin_clip_caudal","0.05","min10",1000,1.75308292968459,0.972191366226347
"Cluster","Cluster",380,"Validation","Elastic_net","Fin_clip_caudal","0.05","min10",1000,8.57549019645875,0.641565331224883
"Cluster","Cluster",381,"Train","Elastic_net","Fin_clip_caudal","0.05","min20",1000,0.564713266685509,0.997020458678852
"Cluster","Cluster",381,"Validation","Elastic_net","Fin_clip_caudal","0.05","min20",1000,8.65748611450689,0.362142281363857
"Cluster","Cluster",382,"Train","Elastic_net","Fin_clip_caudal","0.05","min5",1000,0.156307674700892,0.999912958430015
"Cluster","Cluster",382,"Validation","Elastic_net","Fin_clip_caudal","0.05","min5",1000,8.63065028913474,0.531270300557379
"Cluster","Cluster",383,"Train","Elastic_net","Fin_clip_caudal","0.05","nofilter",1000,0.154369203090251,0.999906201429115
"Cluster","Cluster",383,"Validation","Elastic_net","Fin_clip_caudal","0.05","nofilter",1000,7.43007679065833,0.468870320528946
"Cluster","Cluster",384,"Train","Elastic_net","Fin_clip_caudal","0.1","min10",1000,1.1948041724039,0.991619871273512
"Cluster","Cluster",384,"Validation","Elastic_net","Fin_clip_caudal","0.1","min10",1000,7.82000276816812,0.746122967097513
"Cluster","Cluster",385,"Train","Elastic_net","Fin_clip_caudal","0.1","min20",1000,1.41215150067073,0.967971339201263
"Cluster","Cluster",385,"Validation","Elastic_net","Fin_clip_caudal","0.1","min20",1000,5.92469497515633,0.697480366991502
"Cluster","Cluster",386,"Train","Elastic_net","Fin_clip_caudal","0.1","min5",1000,0.145724619405948,0.999836690426995
"Cluster","Cluster",386,"Validation","Elastic_net","Fin_clip_caudal","0.1","min5",1000,8.74118052278511,0.683352866677594
"Cluster","Cluster",387,"Train","Elastic_net","Fin_clip_caudal","0.1","nofilter",1000,0.617578876194321,0.99704935194813
"Cluster","Cluster",387,"Validation","Elastic_net","Fin_clip_caudal","0.1","nofilter",1000,3.71024704117835,0.520086036297397
"Cluster","Cluster",388,"Train","Elastic_net","Fin_clip_caudal","0.2","min10",1000,3.23644917186797,0.880766081887619
"Cluster","Cluster",388,"Validation","Elastic_net","Fin_clip_caudal","0.2","min10",1000,4.35521286297088,0.549786094078545
"Cluster","Cluster",389,"Train","Elastic_net","Fin_clip_caudal","0.2","min20",1000,3.22469374070689,0.661910913555332
"Cluster","Cluster",389,"Validation","Elastic_net","Fin_clip_caudal","0.2","min20",1000,4.14110937379478,0.456323738244465
"Cluster","Cluster",390,"Train","Elastic_net","Fin_clip_caudal","0.2","min5",1000,1.06054522040504,0.991486731035538
"Cluster","Cluster",390,"Validation","Elastic_net","Fin_clip_caudal","0.2","min5",1000,3.61862776269715,0.580905186797372
"Cluster","Cluster",391,"Train","Elastic_net","Fin_clip_caudal","0.2","nofilter",1000,0.582785901460307,0.997196598512688
"Cluster","Cluster",391,"Validation","Elastic_net","Fin_clip_caudal","0.2","nofilter",1000,4.11846563165341,0.542539514794478
"Cluster","Cluster",392,"Train","Elastic_net","Fin_clip_caudal","0.3","min10",1000,0.147454948092412,0.999850746901492
"Cluster","Cluster",392,"Validation","Elastic_net","Fin_clip_caudal","0.3","min10",1000,9.26867039325136,0.629766173384386
"Cluster","Cluster",393,"Train","Elastic_net","Fin_clip_caudal","0.3","min20",1000,3.7890943184717,0.564868176547643
"Cluster","Cluster",393,"Validation","Elastic_net","Fin_clip_caudal","0.3","min20",1000,7.02818236258183,0.558922768875421
"Cluster","Cluster",394,"Train","Elastic_net","Fin_clip_caudal","0.3","min5",1000,2.00300447169594,0.968364648893065
"Cluster","Cluster",394,"Validation","Elastic_net","Fin_clip_caudal","0.3","min5",1000,3.35933830438315,0.736456296049044
"Cluster","Cluster",395,"Train","Elastic_net","Fin_clip_caudal","0.3","nofilter",1000,0.536019990324807,0.998720474033343
"Cluster","Cluster",395,"Validation","Elastic_net","Fin_clip_caudal","0.3","nofilter",1000,3.87197961720057,0.631298499252655
"Cluster","Cluster",396,"Train","Elastic_net","Fin_clip_caudal","nofilter","min10",1000,0.153263134730465,0.999908538733319
"Cluster","Cluster",396,"Validation","Elastic_net","Fin_clip_caudal","nofilter","min10",1000,3.88049822379418,0.529526319665211
"Cluster","Cluster",397,"Train","Elastic_net","Fin_clip_caudal","nofilter","min20",1000,2.68368958055149,0.962297669443842
"Cluster","Cluster",397,"Validation","Elastic_net","Fin_clip_caudal","nofilter","min20",1000,6.70856215937917,0.61708780074555
"Cluster","Cluster",398,"Train","Elastic_net","Fin_clip_caudal","nofilter","min5",1000,0.151278289943539,0.999884262870766
"Cluster","Cluster",398,"Validation","Elastic_net","Fin_clip_caudal","nofilter","min5",1000,2.50833592252383,0.731046216602499
"Cluster","Cluster",399,"Train","Elastic_net","Fin_clip_caudal","nofilter","nofilter",1000,0.326674611864588,0.999483696392478
"Cluster","Cluster",399,"Validation","Elastic_net","Fin_clip_caudal","nofilter","nofilter",1000,7.28777165897309,0.79993984174281
"Cluster","Cluster",400,"Train","Elastic_net","Fin_clip_caudal","0.05","min10",1500,0.145864501597215,0.999836561535347
"Cluster","Cluster",400,"Validation","Elastic_net","Fin_clip_caudal","0.05","min10",1500,3.87650921354811,0.586050742712137
"Cluster","Cluster",401,"Train","Elastic_net","Fin_clip_caudal","0.05","min20",1500,0.684541960152616,0.997589972372079
"Cluster","Cluster",401,"Validation","Elastic_net","Fin_clip_caudal","0.05","min20",1500,7.05998513978609,0.496517576073891
"Cluster","Cluster",402,"Train","Elastic_net","Fin_clip_caudal","0.05","min5",1500,0.235749635931778,0.999806850703185
"Cluster","Cluster",402,"Validation","Elastic_net","Fin_clip_caudal","0.05","min5",1500,7.80426140190874,0.596380027816818
"Cluster","Cluster",403,"Train","Elastic_net","Fin_clip_caudal","0.05","nofilter",1500,1.36522601749773,0.984993549280536
"Cluster","Cluster",403,"Validation","Elastic_net","Fin_clip_caudal","0.05","nofilter",1500,4.70340577901194,0.528099444704854
"Cluster","Cluster",404,"Train","Elastic_net","Fin_clip_caudal","0.1","min10",1500,0.265291667194842,0.999644975870802
"Cluster","Cluster",404,"Validation","Elastic_net","Fin_clip_caudal","0.1","min10",1500,7.39628985481523,0.585510426699662
"Cluster","Cluster",405,"Train","Elastic_net","Fin_clip_caudal","0.1","min20",1500,3.86104648419604,0.779939136768781
"Cluster","Cluster",405,"Validation","Elastic_net","Fin_clip_caudal","0.1","min20",1500,7.10087103839043,0.744228811399117
"Cluster","Cluster",406,"Train","Elastic_net","Fin_clip_caudal","0.1","min5",1500,0.881440730100704,0.995473011389129
"Cluster","Cluster",406,"Validation","Elastic_net","Fin_clip_caudal","0.1","min5",1500,8.15873783016447,0.787946027802262
"Cluster","Cluster",407,"Train","Elastic_net","Fin_clip_caudal","0.1","nofilter",1500,0.813242104724035,0.995692913421132
"Cluster","Cluster",407,"Validation","Elastic_net","Fin_clip_caudal","0.1","nofilter",1500,3.69456734632847,0.680596463974116
"Cluster","Cluster",408,"Train","Elastic_net","Fin_clip_caudal","0.2","min10",1500,0.155999271765554,0.999831805227112
"Cluster","Cluster",408,"Validation","Elastic_net","Fin_clip_caudal","0.2","min10",1500,9.18118642878573,0.698532076470695
"Cluster","Cluster",409,"Train","Elastic_net","Fin_clip_caudal","0.2","min20",1500,3.35294947685555,0.637033440581385
"Cluster","Cluster",409,"Validation","Elastic_net","Fin_clip_caudal","0.2","min20",1500,4.35728560423376,0.379914708266344
"Cluster","Cluster",410,"Train","Elastic_net","Fin_clip_caudal","0.2","min5",1500,0.933147179291974,0.993295141030767
"Cluster","Cluster",410,"Validation","Elastic_net","Fin_clip_caudal","0.2","min5",1500,3.86732090121641,0.546212380481192
"Cluster","Cluster",411,"Train","Elastic_net","Fin_clip_caudal","0.2","nofilter",1500,0.295713295216818,0.999086994888973
"Cluster","Cluster",411,"Validation","Elastic_net","Fin_clip_caudal","0.2","nofilter",1500,3.77982215481566,0.504297075096935
"Cluster","Cluster",412,"Train","Elastic_net","Fin_clip_caudal","0.3","min10",1500,4.6140230219114,0.550104025402594
"Cluster","Cluster",412,"Validation","Elastic_net","Fin_clip_caudal","0.3","min10",1500,4.5451221291898,0.668069346545165
"Cluster","Cluster",413,"Train","Elastic_net","Fin_clip_caudal","0.3","min20",1500,3.91270905079364,0.472665282073852
"Cluster","Cluster",413,"Validation","Elastic_net","Fin_clip_caudal","0.3","min20",1500,6.20987383238205,0.738598110290117
"Cluster","Cluster",414,"Train","Elastic_net","Fin_clip_caudal","0.3","min5",1500,2.83765830333231,0.925834544720099
"Cluster","Cluster",414,"Validation","Elastic_net","Fin_clip_caudal","0.3","min5",1500,7.51001546949914,0.83841900258168
"Cluster","Cluster",415,"Train","Elastic_net","Fin_clip_caudal","0.3","nofilter",1500,2.56924810736937,0.923068561222821
"Cluster","Cluster",415,"Validation","Elastic_net","Fin_clip_caudal","0.3","nofilter",1500,6.48748596562004,0.621997588450554
"Cluster","Cluster",416,"Train","Elastic_net","Fin_clip_caudal","nofilter","min10",1500,0.261968896228096,0.999780175518231
"Cluster","Cluster",416,"Validation","Elastic_net","Fin_clip_caudal","nofilter","min10",1500,8.40397433754011,0.656950754829034
"Cluster","Cluster",417,"Train","Elastic_net","Fin_clip_caudal","nofilter","min20",1500,3.19690906139388,0.908840213046271
"Cluster","Cluster",417,"Validation","Elastic_net","Fin_clip_caudal","nofilter","min20",1500,6.9034601832074,0.60503885743848
"Cluster","Cluster",418,"Train","Elastic_net","Fin_clip_caudal","nofilter","min5",1500,0.158769500600998,0.999890469419659
"Cluster","Cluster",418,"Validation","Elastic_net","Fin_clip_caudal","nofilter","min5",1500,6.65473962404789,0.601114655564796
"Cluster","Cluster",419,"Train","Elastic_net","Fin_clip_caudal","nofilter","nofilter",1500,0.180968109184105,0.999894521029406
"Cluster","Cluster",419,"Validation","Elastic_net","Fin_clip_caudal","nofilter","nofilter",1500,8.24763126953304,0.626420710309579
"Cluster","Cluster",420,"Train","Elastic_net","Fin_clip_caudal","0.05","min10",2000,4.24120664522228,0.771564728480769
"Cluster","Cluster",420,"Validation","Elastic_net","Fin_clip_caudal","0.05","min10",2000,9.25904690422222,0.631097989638295
"Cluster","Cluster",421,"Train","Elastic_net","Fin_clip_caudal","0.05","min20",2000,1.50528201027985,0.980938623762952
"Cluster","Cluster",421,"Validation","Elastic_net","Fin_clip_caudal","0.05","min20",2000,4.06566069546629,0.557310097503236
"Cluster","Cluster",422,"Train","Elastic_net","Fin_clip_caudal","0.05","min5",2000,0.510252242953629,0.998465129560459
"Cluster","Cluster",422,"Validation","Elastic_net","Fin_clip_caudal","0.05","min5",2000,7.82022670292821,0.534900650237308
"Cluster","Cluster",423,"Train","Elastic_net","Fin_clip_caudal","0.05","nofilter",2000,0.150232391061656,0.999842329613735
"Cluster","Cluster",423,"Validation","Elastic_net","Fin_clip_caudal","0.05","nofilter",2000,2.961478291789,0.695926588313816
"Cluster","Cluster",424,"Train","Elastic_net","Fin_clip_caudal","0.1","min10",2000,0.506150682260012,0.99827542778431
"Cluster","Cluster",424,"Validation","Elastic_net","Fin_clip_caudal","0.1","min10",2000,8.29658194521753,0.752792749587845
"Cluster","Cluster",425,"Train","Elastic_net","Fin_clip_caudal","0.1","min20",2000,3.6898315424276,0.756801242034449
"Cluster","Cluster",425,"Validation","Elastic_net","Fin_clip_caudal","0.1","min20",2000,7.40237441331747,0.583403514696285
"Cluster","Cluster",426,"Train","Elastic_net","Fin_clip_caudal","0.1","min5",2000,1.99276878886612,0.973252570742492
"Cluster","Cluster",426,"Validation","Elastic_net","Fin_clip_caudal","0.1","min5",2000,4.23298439532423,0.485132123748067
"Cluster","Cluster",427,"Train","Elastic_net","Fin_clip_caudal","0.1","nofilter",2000,0.502534918455025,0.998262472333629
"Cluster","Cluster",427,"Validation","Elastic_net","Fin_clip_caudal","0.1","nofilter",2000,3.78131770570059,0.514676244606471
"Cluster","Cluster",428,"Train","Elastic_net","Fin_clip_caudal","0.2","min10",2000,0.143128755975773,0.999913873014973
"Cluster","Cluster",428,"Validation","Elastic_net","Fin_clip_caudal","0.2","min10",2000,8.79917616719967,0.813633504542909
"Cluster","Cluster",429,"Train","Elastic_net","Fin_clip_caudal","0.2","min20",2000,3.05487190896085,0.689128314309203
"Cluster","Cluster",429,"Validation","Elastic_net","Fin_clip_caudal","0.2","min20",2000,6.95926014562791,0.715570238036082
"Cluster","Cluster",430,"Train","Elastic_net","Fin_clip_caudal","0.2","min5",2000,4.55192276604268,0.674668955591724
"Cluster","Cluster",430,"Validation","Elastic_net","Fin_clip_caudal","0.2","min5",2000,7.39800642633839,0.829934031191316
"Cluster","Cluster",431,"Train","Elastic_net","Fin_clip_caudal","0.2","nofilter",2000,0.947820200117139,0.992374764823314
"Cluster","Cluster",431,"Validation","Elastic_net","Fin_clip_caudal","0.2","nofilter",2000,3.95827113587446,0.522162413052398
"Cluster","Cluster",432,"Train","Elastic_net","Fin_clip_caudal","0.3","min10",2000,1.74033062698812,0.978880283145076
"Cluster","Cluster",432,"Validation","Elastic_net","Fin_clip_caudal","0.3","min10",2000,6.81696534151034,0.490650125644875
"Cluster","Cluster",433,"Train","Elastic_net","Fin_clip_caudal","0.3","min20",2000,3.87480928302408,0.473161985407173
"Cluster","Cluster",433,"Validation","Elastic_net","Fin_clip_caudal","0.3","min20",2000,7.88270570973839,0.66688149537479
"Cluster","Cluster",434,"Train","Elastic_net","Fin_clip_caudal","0.3","min5",2000,1.34506698758669,0.990502179321667
"Cluster","Cluster",434,"Validation","Elastic_net","Fin_clip_caudal","0.3","min5",2000,7.92693052240754,0.731748669058555
"Cluster","Cluster",435,"Train","Elastic_net","Fin_clip_caudal","0.3","nofilter",2000,4.12540368315455,0.635498263713843
"Cluster","Cluster",435,"Validation","Elastic_net","Fin_clip_caudal","0.3","nofilter",2000,6.53503793704413,0.683525771927069
"Cluster","Cluster",436,"Train","Elastic_net","Fin_clip_caudal","nofilter","min10",2000,1.2238330626369,0.992354039375934
"Cluster","Cluster",436,"Validation","Elastic_net","Fin_clip_caudal","nofilter","min10",2000,6.00684732551936,0.50891040357729
"Cluster","Cluster",437,"Train","Elastic_net","Fin_clip_caudal","nofilter","min20",2000,1.94029324251457,0.978712490093032
"Cluster","Cluster",437,"Validation","Elastic_net","Fin_clip_caudal","nofilter","min20",2000,3.60231556754568,0.654158125774772
"Cluster","Cluster",438,"Train","Elastic_net","Fin_clip_caudal","nofilter","min5",2000,0.156498527818957,0.999903920049525
"Cluster","Cluster",438,"Validation","Elastic_net","Fin_clip_caudal","nofilter","min5",2000,3.71559467108377,0.676990950794432
"Cluster","Cluster",439,"Train","Elastic_net","Fin_clip_caudal","nofilter","nofilter",2000,0.153620389591725,0.999862481105025
"Cluster","Cluster",439,"Validation","Elastic_net","Fin_clip_caudal","nofilter","nofilter",2000,6.8414210640878,0.646303396769579
"Cluster","Cluster",440,"Train","Elastic_net","Fin_clip_caudal","0.05","min10",22500,1.00419627267072,0.996922097654411
"Cluster","Cluster",440,"Validation","Elastic_net","Fin_clip_caudal","0.05","min10",22500,7.98956077527067,0.444895223812222
"Cluster","Cluster",441,"Train","Elastic_net","Fin_clip_caudal","0.05","min20",22500,2.59402511662901,0.920038138509175
"Cluster","Cluster",441,"Validation","Elastic_net","Fin_clip_caudal","0.05","min20",22500,7.03378556653775,0.59656779950023
"Cluster","Cluster",442,"Train","Elastic_net","Fin_clip_caudal","0.05","nofilter",22500,0.154464342878115,0.999832276283694
"Cluster","Cluster",442,"Validation","Elastic_net","Fin_clip_caudal","0.05","nofilter",22500,7.69509308741568,0.646606760505328
"Cluster","Cluster",443,"Train","Elastic_net","Fin_clip_caudal","0.1","min10",22500,0.197490245488026,0.999842781147218
"Cluster","Cluster",443,"Validation","Elastic_net","Fin_clip_caudal","0.1","min10",22500,6.82278476554923,0.396452113493005
"Cluster","Cluster",444,"Train","Elastic_net","Fin_clip_caudal","0.1","min20",22500,3.65363720103581,0.868118240754056
"Cluster","Cluster",444,"Validation","Elastic_net","Fin_clip_caudal","0.1","min20",22500,5.28942942920569,0.587418967094268
"Cluster","Cluster",445,"Train","Elastic_net","Fin_clip_caudal","0.1","min5",22500,0.148545935292871,0.999907556251299
"Cluster","Cluster",445,"Validation","Elastic_net","Fin_clip_caudal","0.1","min5",22500,3.28843565575499,0.736785015904906
"Cluster","Cluster",446,"Train","Elastic_net","Fin_clip_caudal","0.1","nofilter",22500,0.155775213042802,0.999886070902138
"Cluster","Cluster",446,"Validation","Elastic_net","Fin_clip_caudal","0.1","nofilter",22500,4.08532947589474,0.478460714312417
"Cluster","Cluster",447,"Train","Elastic_net","Fin_clip_caudal","0.2","min10",22500,4.20522973631755,0.708783366163242
"Cluster","Cluster",447,"Validation","Elastic_net","Fin_clip_caudal","0.2","min10",22500,6.62934331571449,0.674267052820433
"Cluster","Cluster",448,"Train","Elastic_net","Fin_clip_caudal","0.2","min20",22500,1.07926392646365,0.965201347305868
"Cluster","Cluster",448,"Validation","Elastic_net","Fin_clip_caudal","0.2","min20",22500,7.60423079680837,0.700147658290638
"Cluster","Cluster",449,"Train","Elastic_net","Fin_clip_caudal","0.2","min5",22500,0.150765982633617,0.999914819242723
"Cluster","Cluster",449,"Validation","Elastic_net","Fin_clip_caudal","0.2","min5",22500,3.40322513989027,0.729298960047146
"Cluster","Cluster",450,"Train","Elastic_net","Fin_clip_caudal","0.2","nofilter",22500,0.187886127823923,0.99981764850906
"Cluster","Cluster",450,"Validation","Elastic_net","Fin_clip_caudal","0.2","nofilter",22500,8.15370715552664,0.509212342834368
"Cluster","Cluster",451,"Train","Elastic_net","Fin_clip_caudal","0.3","min10",22500,3.14250351695987,0.899709710581579
"Cluster","Cluster",451,"Validation","Elastic_net","Fin_clip_caudal","0.3","min10",22500,7.6255286198333,0.633524823058259
"Cluster","Cluster",452,"Train","Elastic_net","Fin_clip_caudal","0.3","min20",22500,4.46278484173477,0.546285780294065
"Cluster","Cluster",452,"Validation","Elastic_net","Fin_clip_caudal","0.3","min20",22500,6.63649953381687,0.668843941239275
"Cluster","Cluster",453,"Train","Elastic_net","Fin_clip_caudal","0.3","min5",22500,0.152641184260304,0.999884571761658
"Cluster","Cluster",453,"Validation","Elastic_net","Fin_clip_caudal","0.3","min5",22500,5.00207544553738,0.485677103990253
"Cluster","Cluster",454,"Train","Elastic_net","Fin_clip_caudal","0.3","nofilter",22500,0.1535763460678,0.999915701457754
"Cluster","Cluster",454,"Validation","Elastic_net","Fin_clip_caudal","0.3","nofilter",22500,3.29912559890426,0.585543350160093
"Cluster","Cluster",455,"Train","Elastic_net","Fin_clip_caudal","nofilter","min10",22500,2.89274672334446,0.940822356185142
"Cluster","Cluster",455,"Validation","Elastic_net","Fin_clip_caudal","nofilter","min10",22500,3.38097672722546,0.706075999963357
"Cluster","Cluster",456,"Train","Elastic_net","Fin_clip_caudal","nofilter","min20",22500,0.146487767283637,0.999923205781399
"Cluster","Cluster",456,"Validation","Elastic_net","Fin_clip_caudal","nofilter","min20",22500,7.49094061912394,0.372342303635285
"Cluster","Cluster",457,"Train","Elastic_net","Fin_clip_caudal","0.05","min10",3000,1.25215197602927,0.990928887837192
"Cluster","Cluster",457,"Validation","Elastic_net","Fin_clip_caudal","0.05","min10",3000,4.0106860919092,0.665361720720534
"Cluster","Cluster",458,"Train","Elastic_net","Fin_clip_caudal","0.05","min20",3000,3.76082088894967,0.821886862312377
"Cluster","Cluster",458,"Validation","Elastic_net","Fin_clip_caudal","0.05","min20",3000,5.12060467250598,0.491317889173493
"Cluster","Cluster",459,"Train","Elastic_net","Fin_clip_caudal","0.05","min5",3000,0.158942116769897,0.999906906134663
"Cluster","Cluster",459,"Validation","Elastic_net","Fin_clip_caudal","0.05","min5",3000,7.19092968889485,0.555510902618889
"Cluster","Cluster",460,"Train","Elastic_net","Fin_clip_caudal","0.05","nofilter",3000,0.155982229786566,0.999869417678487
"Cluster","Cluster",460,"Validation","Elastic_net","Fin_clip_caudal","0.05","nofilter",3000,7.63272433608061,0.521261259170029
"Cluster","Cluster",461,"Train","Elastic_net","Fin_clip_caudal","0.1","min10",3000,1.52998324402757,0.977002329046876
"Cluster","Cluster",461,"Validation","Elastic_net","Fin_clip_caudal","0.1","min10",3000,4.24645589007681,0.496980447953033
"Cluster","Cluster",462,"Train","Elastic_net","Fin_clip_caudal","0.1","min20",3000,2.71705271954083,0.906638988671108
"Cluster","Cluster",462,"Validation","Elastic_net","Fin_clip_caudal","0.1","min20",3000,5.88711794179713,0.743786731191759
"Cluster","Cluster",463,"Train","Elastic_net","Fin_clip_caudal","0.1","min5",3000,0.157549968677831,0.999879487113791
"Cluster","Cluster",463,"Validation","Elastic_net","Fin_clip_caudal","0.1","min5",3000,7.58509943813873,0.789038639296843
"Cluster","Cluster",464,"Train","Elastic_net","Fin_clip_caudal","0.1","nofilter",3000,0.16069121887863,0.999893025816955
"Cluster","Cluster",464,"Validation","Elastic_net","Fin_clip_caudal","0.1","nofilter",3000,8.13037847164393,0.481356800164019
"Cluster","Cluster",465,"Train","Elastic_net","Fin_clip_caudal","0.2","min10",3000,0.154967232425964,0.99983862173079
"Cluster","Cluster",465,"Validation","Elastic_net","Fin_clip_caudal","0.2","min10",3000,3.94208483646947,0.678536562834906
"Cluster","Cluster",466,"Train","Elastic_net","Fin_clip_caudal","0.2","min20",3000,2.24663561672881,0.837606779788315
"Cluster","Cluster",466,"Validation","Elastic_net","Fin_clip_caudal","0.2","min20",3000,7.59142047330929,0.608165530399495
"Cluster","Cluster",467,"Train","Elastic_net","Fin_clip_caudal","0.2","min5",3000,2.84611115483306,0.90892304491774
"Cluster","Cluster",467,"Validation","Elastic_net","Fin_clip_caudal","0.2","min5",3000,7.53904203762436,0.47394243375611
"Cluster","Cluster",468,"Train","Elastic_net","Fin_clip_caudal","0.2","nofilter",3000,2.20310045041694,0.957142419233177
"Cluster","Cluster",468,"Validation","Elastic_net","Fin_clip_caudal","0.2","nofilter",3000,8.54805999095582,0.555057851339414
"Cluster","Cluster",469,"Train","Elastic_net","Fin_clip_caudal","0.3","min10",3000,4.28195184406355,0.560546710041113
"Cluster","Cluster",469,"Validation","Elastic_net","Fin_clip_caudal","0.3","min10",3000,5.9406108798427,0.420650690969784
"Cluster","Cluster",470,"Train","Elastic_net","Fin_clip_caudal","0.3","min20",3000,4.02834569165227,0.473857403843409
"Cluster","Cluster",470,"Validation","Elastic_net","Fin_clip_caudal","0.3","min20",3000,6.44584071867758,0.629775596704812
"Cluster","Cluster",471,"Train","Elastic_net","Fin_clip_caudal","0.3","min5",3000,0.610886372662097,0.997214997374926
"Cluster","Cluster",471,"Validation","Elastic_net","Fin_clip_caudal","0.3","min5",3000,3.61321276901194,0.581779182609872
"Cluster","Cluster",472,"Train","Elastic_net","Fin_clip_caudal","0.3","nofilter",3000,1.07944004151212,0.994469118271478
"Cluster","Cluster",472,"Validation","Elastic_net","Fin_clip_caudal","0.3","nofilter",3000,2.89703821516905,0.705832789069496
"Cluster","Cluster",473,"Train","Elastic_net","Fin_clip_caudal","nofilter","min10",3000,2.51263974768831,0.959909109821443
"Cluster","Cluster",473,"Validation","Elastic_net","Fin_clip_caudal","nofilter","min10",3000,8.12260558802059,0.571899116309824
"Cluster","Cluster",474,"Train","Elastic_net","Fin_clip_caudal","nofilter","min20",3000,0.150209377277396,0.999899393036787
"Cluster","Cluster",474,"Validation","Elastic_net","Fin_clip_caudal","nofilter","min20",3000,6.5594294152513,0.575306748432389
"Cluster","Cluster",475,"Train","Elastic_net","Fin_clip_caudal","nofilter","min5",3000,0.318101502347187,0.999445092071249
"Cluster","Cluster",475,"Validation","Elastic_net","Fin_clip_caudal","nofilter","min5",3000,7.6701877025251,0.534147448055212
"Cluster","Cluster",476,"Train","Elastic_net","Fin_clip_caudal","nofilter","nofilter",3000,3.52454311653335,0.897083058513129
"Cluster","Cluster",476,"Validation","Elastic_net","Fin_clip_caudal","nofilter","nofilter",3000,8.93025481393832,0.54860118922086
"Cluster","Cluster",477,"Train","Elastic_net","Fin_clip_caudal","0.05","min10",50,0.210354017786641,0.999783494791927
"Cluster","Cluster",477,"Validation","Elastic_net","Fin_clip_caudal","0.05","min10",50,7.93199904648959,0.587662644746939
"Cluster","Cluster",478,"Train","Elastic_net","Fin_clip_caudal","0.05","min20",50,0.139715863391948,0.999808874994543
"Cluster","Cluster",478,"Validation","Elastic_net","Fin_clip_caudal","0.05","min20",50,8.63524914869678,0.769164697415777
"Cluster","Cluster",479,"Train","Elastic_net","Fin_clip_caudal","0.05","min5",50,1.34039368670873,0.989169866514772
"Cluster","Cluster",479,"Validation","Elastic_net","Fin_clip_caudal","0.05","min5",50,7.32267152214594,0.549490162783776
"Cluster","Cluster",480,"Train","Elastic_net","Fin_clip_caudal","0.05","nofilter",50,0.474473868179475,0.998806831917688
"Cluster","Cluster",480,"Validation","Elastic_net","Fin_clip_caudal","0.05","nofilter",50,4.42192476774909,0.472735132199617
"Cluster","Cluster",481,"Train","Elastic_net","Fin_clip_caudal","0.1","min10",50,2.45354600663806,0.826230795406411
"Cluster","Cluster",481,"Validation","Elastic_net","Fin_clip_caudal","0.1","min10",50,3.94968057938784,0.505200363241412
"Cluster","Cluster",482,"Train","Elastic_net","Fin_clip_caudal","0.1","min20",50,1.48828172750817,0.943973452861122
"Cluster","Cluster",482,"Validation","Elastic_net","Fin_clip_caudal","0.1","min20",50,4.51135279721915,0.634597095533853
"Cluster","Cluster",483,"Train","Elastic_net","Fin_clip_caudal","0.1","min5",50,0.152850666638615,0.999800702113955
"Cluster","Cluster",483,"Validation","Elastic_net","Fin_clip_caudal","0.1","min5",50,9.0192558641701,0.783945532822655
"Cluster","Cluster",484,"Train","Elastic_net","Fin_clip_caudal","0.1","nofilter",50,0.150912942928901,0.999762642973965
"Cluster","Cluster",484,"Validation","Elastic_net","Fin_clip_caudal","0.1","nofilter",50,7.9436042459091,0.605988517172058
"Cluster","Cluster",485,"Train","Elastic_net","Fin_clip_caudal","0.2","min10",50,0.616753702863954,0.98283437296994
"Cluster","Cluster",485,"Validation","Elastic_net","Fin_clip_caudal","0.2","min10",50,2.8275708109458,0.677171833296133
"Cluster","Cluster",486,"Train","Elastic_net","Fin_clip_caudal","0.2","min20",50,2.44906103083789,0.720374895368926
"Cluster","Cluster",486,"Validation","Elastic_net","Fin_clip_caudal","0.2","min20",50,8.55960067549808,0.851320313598121
"Cluster","Cluster",487,"Train","Elastic_net","Fin_clip_caudal","0.2","min5",50,1.52469657028728,0.946231580056401
"Cluster","Cluster",487,"Validation","Elastic_net","Fin_clip_caudal","0.2","min5",50,9.27334535237382,0.723124541614344
"Cluster","Cluster",488,"Train","Elastic_net","Fin_clip_caudal","0.2","nofilter",50,1.52469657028728,0.946231580056401
"Cluster","Cluster",488,"Validation","Elastic_net","Fin_clip_caudal","0.2","nofilter",50,9.27334535237382,0.723124541614344
"Cluster","Cluster",489,"Train","Elastic_net","Fin_clip_caudal","0.3","min10",50,2.68281484066871,0.72235419130334
"Cluster","Cluster",489,"Validation","Elastic_net","Fin_clip_caudal","0.3","min10",50,4.52712742110277,0.514026623588298
"Cluster","Cluster",490,"Train","Elastic_net","Fin_clip_caudal","0.3","min20",50,3.54662362270498,0.501883221459045
"Cluster","Cluster",490,"Validation","Elastic_net","Fin_clip_caudal","0.3","min20",50,8.68044398262409,0.38958436292845
"Cluster","Cluster",491,"Train","Elastic_net","Fin_clip_caudal","0.3","min5",50,2.91673624286816,0.849645110818801
"Cluster","Cluster",491,"Validation","Elastic_net","Fin_clip_caudal","0.3","min5",50,4.70623056825192,0.440019674144072
"Cluster","Cluster",492,"Train","Elastic_net","Fin_clip_caudal","0.3","nofilter",50,2.91673624286816,0.849645110818801
"Cluster","Cluster",492,"Validation","Elastic_net","Fin_clip_caudal","0.3","nofilter",50,4.70623056825192,0.440019674144072
"Cluster","Cluster",493,"Train","Elastic_net","Fin_clip_caudal","nofilter","min10",50,0.155506522164627,0.999881156106205
"Cluster","Cluster",493,"Validation","Elastic_net","Fin_clip_caudal","nofilter","min10",50,3.52198686615296,0.673109578775818
"Cluster","Cluster",494,"Train","Elastic_net","Fin_clip_caudal","nofilter","min20",50,0.150016415445915,0.999902763139955
"Cluster","Cluster",494,"Validation","Elastic_net","Fin_clip_caudal","nofilter","min20",50,7.18328986341918,0.748791387917117
"Cluster","Cluster",495,"Train","Elastic_net","Fin_clip_caudal","nofilter","min5",50,0.152041054293434,0.999901050578577
"Cluster","Cluster",495,"Validation","Elastic_net","Fin_clip_caudal","nofilter","min5",50,3.96307901388615,0.451764482125903
"Cluster","Cluster",496,"Train","Elastic_net","Fin_clip_caudal","nofilter","nofilter",50,0.153592108330392,0.999891509428049
"Cluster","Cluster",496,"Validation","Elastic_net","Fin_clip_caudal","nofilter","nofilter",50,5.10203817718351,0.524995543139912
"Cluster","Cluster",497,"Train","Elastic_net","Fin_clip_caudal","0.05","min10",500,2.23449774288569,0.951824668374387
"Cluster","Cluster",497,"Validation","Elastic_net","Fin_clip_caudal","0.05","min10",500,7.17646907058993,0.544125604587379
"Cluster","Cluster",498,"Train","Elastic_net","Fin_clip_caudal","0.05","min20",500,1.79841391316393,0.974951921164552
"Cluster","Cluster",498,"Validation","Elastic_net","Fin_clip_caudal","0.05","min20",500,7.58373674852491,0.501734443130583
"Cluster","Cluster",499,"Train","Elastic_net","Fin_clip_caudal","0.05","min5",500,0.151353605848138,0.999905255302699
"Cluster","Cluster",499,"Validation","Elastic_net","Fin_clip_caudal","0.05","min5",500,7.41525324673139,0.516166368764753
"Cluster","Cluster",500,"Train","Elastic_net","Fin_clip_caudal","0.05","nofilter",500,0.143859341517304,0.999878316518631
"Cluster","Cluster",500,"Validation","Elastic_net","Fin_clip_caudal","0.05","nofilter",500,9.78758883035918,0.625618796821099
"Cluster","Cluster",501,"Train","Elastic_net","Fin_clip_caudal","0.1","min10",500,0.811158614177253,0.993713890534232
"Cluster","Cluster",501,"Validation","Elastic_net","Fin_clip_caudal","0.1","min10",500,3.93839257506771,0.531188345760363
"Cluster","Cluster",502,"Train","Elastic_net","Fin_clip_caudal","0.1","min20",500,0.145938774146933,0.999720060117516
"Cluster","Cluster",502,"Validation","Elastic_net","Fin_clip_caudal","0.1","min20",500,10.0822326685373,0.737231887962636
"Cluster","Cluster",503,"Train","Elastic_net","Fin_clip_caudal","0.1","min5",500,0.665112222984896,0.995248170674185
"Cluster","Cluster",503,"Validation","Elastic_net","Fin_clip_caudal","0.1","min5",500,4.3599260869514,0.5414672786193
"Cluster","Cluster",504,"Train","Elastic_net","Fin_clip_caudal","0.1","nofilter",500,0.148078587271663,0.999834741885647
"Cluster","Cluster",504,"Validation","Elastic_net","Fin_clip_caudal","0.1","nofilter",500,2.89767086221817,0.72045764607409
"Cluster","Cluster",505,"Train","Elastic_net","Fin_clip_caudal","0.2","min10",500,2.08543746895565,0.958472063586358
"Cluster","Cluster",505,"Validation","Elastic_net","Fin_clip_caudal","0.2","min10",500,7.4375567979547,0.565945256611289
"Cluster","Cluster",506,"Train","Elastic_net","Fin_clip_caudal","0.2","min20",500,3.06231735436871,0.655506818634495
"Cluster","Cluster",506,"Validation","Elastic_net","Fin_clip_caudal","0.2","min20",500,7.10180614254044,0.723231070842244
"Cluster","Cluster",507,"Train","Elastic_net","Fin_clip_caudal","0.2","min5",500,0.152305741653788,0.999823137277851
"Cluster","Cluster",507,"Validation","Elastic_net","Fin_clip_caudal","0.2","min5",500,8.53828536720751,0.643141575126962
"Cluster","Cluster",508,"Train","Elastic_net","Fin_clip_caudal","0.2","nofilter",500,0.601281155843268,0.995827412254975
"Cluster","Cluster",508,"Validation","Elastic_net","Fin_clip_caudal","0.2","nofilter",500,8.40426889335587,0.546078206170895
"Cluster","Cluster",509,"Train","Elastic_net","Fin_clip_caudal","0.3","min10",500,3.71032516289682,0.807000887939067
"Cluster","Cluster",509,"Validation","Elastic_net","Fin_clip_caudal","0.3","min10",500,6.9372419399676,0.549922199886167
"Cluster","Cluster",510,"Train","Elastic_net","Fin_clip_caudal","0.3","min20",500,3.52946235418034,0.566402518615132
"Cluster","Cluster",510,"Validation","Elastic_net","Fin_clip_caudal","0.3","min20",500,7.01821288106812,0.557161235878575
"Cluster","Cluster",511,"Train","Elastic_net","Fin_clip_caudal","0.3","min5",500,0.143296120170533,0.999861782434213
"Cluster","Cluster",511,"Validation","Elastic_net","Fin_clip_caudal","0.3","min5",500,3.85519025127705,0.63573028224845
"Cluster","Cluster",512,"Train","Elastic_net","Fin_clip_caudal","0.3","nofilter",500,1.76307533079563,0.972046747819581
"Cluster","Cluster",512,"Validation","Elastic_net","Fin_clip_caudal","0.3","nofilter",500,3.1941009210584,0.800844255629168
"Cluster","Cluster",513,"Train","Elastic_net","Fin_clip_caudal","nofilter","min10",500,0.820885429793014,0.997140358003192
"Cluster","Cluster",513,"Validation","Elastic_net","Fin_clip_caudal","nofilter","min10",500,6.48033091197929,0.407862949112391
"Cluster","Cluster",514,"Train","Elastic_net","Fin_clip_caudal","nofilter","min20",500,0.146999881027162,0.999862060063956
"Cluster","Cluster",514,"Validation","Elastic_net","Fin_clip_caudal","nofilter","min20",500,9.49200240707061,0.818842901453071
"Cluster","Cluster",515,"Train","Elastic_net","Fin_clip_caudal","nofilter","min5",500,0.149061412807428,0.999894649289439
"Cluster","Cluster",515,"Validation","Elastic_net","Fin_clip_caudal","nofilter","min5",500,7.62020038233368,0.700396358108867
"Cluster","Cluster",516,"Train","Elastic_net","Fin_clip_caudal","nofilter","nofilter",500,2.46428187002985,0.95894401124746
"Cluster","Cluster",516,"Validation","Elastic_net","Fin_clip_caudal","nofilter","nofilter",500,6.75268448208829,0.471153211539533
"Cluster","Cluster",517,"Train","Elastic_net","Fin_clip_caudal","0.05","min10",750,0.153493660826395,0.999841755069654
"Cluster","Cluster",517,"Validation","Elastic_net","Fin_clip_caudal","0.05","min10",750,3.53449544138742,0.794742966688462
"Cluster","Cluster",518,"Train","Elastic_net","Fin_clip_caudal","0.05","min20",750,0.43424134348796,0.998022762603479
"Cluster","Cluster",518,"Validation","Elastic_net","Fin_clip_caudal","0.05","min20",750,3.50136296694314,0.543822155120557
"Cluster","Cluster",519,"Train","Elastic_net","Fin_clip_caudal","0.05","min5",750,1.25402259332948,0.992669855503904
"Cluster","Cluster",519,"Validation","Elastic_net","Fin_clip_caudal","0.05","min5",750,8.79622037314734,0.517872538291927
"Cluster","Cluster",520,"Train","Elastic_net","Fin_clip_caudal","0.05","nofilter",750,1.21260645038528,0.991313135149348
"Cluster","Cluster",520,"Validation","Elastic_net","Fin_clip_caudal","0.05","nofilter",750,3.02431625816978,0.57554663840419
"Cluster","Cluster",521,"Train","Elastic_net","Fin_clip_caudal","0.1","min10",750,0.15251738704393,0.999838190868176
"Cluster","Cluster",521,"Validation","Elastic_net","Fin_clip_caudal","0.1","min10",750,8.91269647467609,0.615468179858633
"Cluster","Cluster",522,"Train","Elastic_net","Fin_clip_caudal","0.1","min20",750,3.06151073620746,0.877524141634878
"Cluster","Cluster",522,"Validation","Elastic_net","Fin_clip_caudal","0.1","min20",750,7.21323720697193,0.865644164604177
"Cluster","Cluster",523,"Train","Elastic_net","Fin_clip_caudal","0.1","min5",750,0.152650487400069,0.999864821687596
"Cluster","Cluster",523,"Validation","Elastic_net","Fin_clip_caudal","0.1","min5",750,2.70989903462949,0.787376404788057
"Cluster","Cluster",524,"Train","Elastic_net","Fin_clip_caudal","0.1","nofilter",750,0.156735552420186,0.999871786473274
"Cluster","Cluster",524,"Validation","Elastic_net","Fin_clip_caudal","0.1","nofilter",750,3.79829549750142,0.538906355759534
"Cluster","Cluster",525,"Train","Elastic_net","Fin_clip_caudal","0.2","min10",750,1.03622927410575,0.988419657219628
"Cluster","Cluster",525,"Validation","Elastic_net","Fin_clip_caudal","0.2","min10",750,3.43166049285002,0.661569608625335
"Cluster","Cluster",526,"Train","Elastic_net","Fin_clip_caudal","0.2","min20",750,3.22469374070689,0.661910913555332
"Cluster","Cluster",526,"Validation","Elastic_net","Fin_clip_caudal","0.2","min20",750,4.14110937379478,0.456323738244465
"Cluster","Cluster",527,"Train","Elastic_net","Fin_clip_caudal","0.2","min5",750,0.157987903428068,0.999756386904627
"Cluster","Cluster",527,"Validation","Elastic_net","Fin_clip_caudal","0.2","min5",750,8.50317503090533,0.62585885345326
"Cluster","Cluster",528,"Train","Elastic_net","Fin_clip_caudal","0.2","nofilter",750,0.757539379619123,0.995270444068378
"Cluster","Cluster",528,"Validation","Elastic_net","Fin_clip_caudal","0.2","nofilter",750,4.69837212283358,0.497665011892173
"Cluster","Cluster",529,"Train","Elastic_net","Fin_clip_caudal","0.3","min10",750,3.310151000857,0.853054753925061
"Cluster","Cluster",529,"Validation","Elastic_net","Fin_clip_caudal","0.3","min10",750,9.00971314406392,0.594859843058109
"Cluster","Cluster",530,"Train","Elastic_net","Fin_clip_caudal","0.3","min20",750,3.7890943184717,0.564868176547643
"Cluster","Cluster",530,"Validation","Elastic_net","Fin_clip_caudal","0.3","min20",750,7.02818236258183,0.558922768875421
"Cluster","Cluster",531,"Train","Elastic_net","Fin_clip_caudal","0.3","min5",750,0.316252649607237,0.999116599458696
"Cluster","Cluster",531,"Validation","Elastic_net","Fin_clip_caudal","0.3","min5",750,9.36972513640627,0.477847091512056
"Cluster","Cluster",532,"Train","Elastic_net","Fin_clip_caudal","0.3","nofilter",750,0.152740416902491,0.999826179617428
"Cluster","Cluster",532,"Validation","Elastic_net","Fin_clip_caudal","0.3","nofilter",750,4.07380824935623,0.547833977618537
"Cluster","Cluster",533,"Train","Elastic_net","Fin_clip_caudal","nofilter","min10",750,0.160943115850429,0.999879085631602
"Cluster","Cluster",533,"Validation","Elastic_net","Fin_clip_caudal","nofilter","min10",750,5.95996578449522,0.753034630858286
"Cluster","Cluster",534,"Train","Elastic_net","Fin_clip_caudal","nofilter","min20",750,3.66615484027189,0.856476456239027
"Cluster","Cluster",534,"Validation","Elastic_net","Fin_clip_caudal","nofilter","min20",750,6.9034678401906,0.612643385403501
"Cluster","Cluster",535,"Train","Elastic_net","Fin_clip_caudal","nofilter","min5",750,1.05540259532785,0.995222847217101
"Cluster","Cluster",535,"Validation","Elastic_net","Fin_clip_caudal","nofilter","min5",750,7.06077067492041,0.643784192573408
"Cluster","Cluster",536,"Train","Elastic_net","Fin_clip_caudal","nofilter","nofilter",750,0.159275030387787,0.999878727558213
"Cluster","Cluster",536,"Validation","Elastic_net","Fin_clip_caudal","nofilter","nofilter",750,4.35575045983104,0.542168547611917
"Cluster","Cluster",537,"Train","Elastic_net","Intestines","0.05","min10",100,0.152807279009465,0.999782148114598
"Cluster","Cluster",537,"Validation","Elastic_net","Intestines","0.05","min10",100,6.5064123092337,0.585638108306589
"Cluster","Cluster",538,"Train","Elastic_net","Intestines","0.05","min20",100,2.40847596415782,0.88321729169163
"Cluster","Cluster",538,"Validation","Elastic_net","Intestines","0.05","min20",100,3.40332357116428,0.595164682645457
"Cluster","Cluster",539,"Train","Elastic_net","Intestines","0.05","min5",100,0.161852058762578,0.999854877322121
"Cluster","Cluster",539,"Validation","Elastic_net","Intestines","0.05","min5",100,4.19406396665311,0.454666132926744
"Cluster","Cluster",540,"Train","Elastic_net","Intestines","0.05","nofilter",100,0.159366346814606,0.999842513973729
"Cluster","Cluster",540,"Validation","Elastic_net","Intestines","0.05","nofilter",100,6.66642573457061,0.611494877303624
"Cluster","Cluster",541,"Train","Elastic_net","Intestines","0.1","min10",100,0.155915062570348,0.999693085366395
"Cluster","Cluster",541,"Validation","Elastic_net","Intestines","0.1","min10",100,7.30681576222396,0.49823806050927
"Cluster","Cluster",542,"Train","Elastic_net","Intestines","0.1","min20",100,3.36598413720978,0.735850046447674
"Cluster","Cluster",542,"Validation","Elastic_net","Intestines","0.1","min20",100,4.28229467640176,0.526693816318684
"Cluster","Cluster",543,"Train","Elastic_net","Intestines","0.1","min5",100,0.154364058915831,0.999751967903364
"Cluster","Cluster",543,"Validation","Elastic_net","Intestines","0.1","min5",100,4.36970530215273,0.437787972196398
"Cluster","Cluster",544,"Train","Elastic_net","Intestines","0.1","nofilter",100,0.171276415317875,0.999754197005132
"Cluster","Cluster",544,"Validation","Elastic_net","Intestines","0.1","nofilter",100,8.48893199537525,0.493096473013767
"Cluster","Cluster",545,"Train","Elastic_net","Intestines","0.2","min10",100,2.06595230985074,0.844287818253541
"Cluster","Cluster",545,"Validation","Elastic_net","Intestines","0.2","min10",100,7.3013771427727,0.517941582370836
"Cluster","Cluster",546,"Train","Elastic_net","Intestines","0.2","min20",100,2.53821520043798,0.670211967663232
"Cluster","Cluster",546,"Validation","Elastic_net","Intestines","0.2","min20",100,3.59716782974397,0.727230483600256
"Cluster","Cluster",547,"Train","Elastic_net","Intestines","0.2","min5",100,2.60982997530811,0.909663632832232
"Cluster","Cluster",547,"Validation","Elastic_net","Intestines","0.2","min5",100,8.78841588291089,0.370400603901219
"Cluster","Cluster",548,"Train","Elastic_net","Intestines","0.2","nofilter",100,1.26743615835412,0.980005569771746
"Cluster","Cluster",548,"Validation","Elastic_net","Intestines","0.2","nofilter",100,4.21000500719658,0.336396470081354
"Cluster","Cluster",549,"Train","Elastic_net","Intestines","0.3","min10",100,3.19997530524825,0.659366056277809
"Cluster","Cluster",549,"Validation","Elastic_net","Intestines","0.3","min10",100,5.45714705448472,0.546396031803071
"Cluster","Cluster",550,"Train","Elastic_net","Intestines","0.3","min5",100,2.10865188394017,0.939354489822636
"Cluster","Cluster",550,"Validation","Elastic_net","Intestines","0.3","min5",100,8.51156744850705,0.365183238549095
"Cluster","Cluster",551,"Train","Elastic_net","Intestines","0.3","nofilter",100,1.75933614034397,0.967153760681991
"Cluster","Cluster",551,"Validation","Elastic_net","Intestines","0.3","nofilter",100,9.4969734395277,0.420595568926536
"Cluster","Cluster",552,"Train","Elastic_net","Intestines","nofilter","min10",100,5.1930507277505,0.578817993904542
"Cluster","Cluster",552,"Validation","Elastic_net","Intestines","nofilter","min10",100,10.4954185642943,0.697661848792164
"Cluster","Cluster",553,"Train","Elastic_net","Intestines","nofilter","min20",100,3.40654598191462,0.847457975893152
"Cluster","Cluster",553,"Validation","Elastic_net","Intestines","nofilter","min20",100,7.86777607890761,0.378120298169289
"Cluster","Cluster",554,"Train","Elastic_net","Intestines","nofilter","min5",100,2.00450656701991,0.979233496561265
"Cluster","Cluster",554,"Validation","Elastic_net","Intestines","nofilter","min5",100,4.40539767865289,0.379783946190025
"Cluster","Cluster",555,"Train","Elastic_net","Intestines","nofilter","nofilter",100,0.152523789364508,0.999838992416766
"Cluster","Cluster",555,"Validation","Elastic_net","Intestines","nofilter","nofilter",100,8.00410124918366,0.504925401102909
"Cluster","Cluster",556,"Train","Elastic_net","Intestines","0.05","min10",1000,0.157849427055139,0.999781234749907
"Cluster","Cluster",556,"Validation","Elastic_net","Intestines","0.05","min10",1000,7.65055772618529,0.542973977469072
"Cluster","Cluster",557,"Train","Elastic_net","Intestines","0.05","min20",1000,1.07965015023036,0.98167809571813
"Cluster","Cluster",557,"Validation","Elastic_net","Intestines","0.05","min20",1000,3.48766760754726,0.556940193526315
"Cluster","Cluster",558,"Train","Elastic_net","Intestines","0.05","min5",1000,1.21534876196495,0.992800665112192
"Cluster","Cluster",558,"Validation","Elastic_net","Intestines","0.05","min5",1000,3.83482441340669,0.549343418562793
"Cluster","Cluster",559,"Train","Elastic_net","Intestines","0.05","nofilter",1000,0.666630155724139,0.99699982702054
"Cluster","Cluster",559,"Validation","Elastic_net","Intestines","0.05","nofilter",1000,4.23942577323513,0.476333810014362
"Cluster","Cluster",560,"Train","Elastic_net","Intestines","0.1","min10",1000,0.158424879110419,0.999738759207621
"Cluster","Cluster",560,"Validation","Elastic_net","Intestines","0.1","min10",1000,7.56029719752471,0.384621860552071
"Cluster","Cluster",561,"Train","Elastic_net","Intestines","0.1","min20",1000,0.33232998292711,0.997738738356803
"Cluster","Cluster",561,"Validation","Elastic_net","Intestines","0.1","min20",1000,6.93676133632072,0.454597309081559
"Cluster","Cluster",562,"Train","Elastic_net","Intestines","0.1","min5",1000,0.156695981451349,0.999824735749098
"Cluster","Cluster",562,"Validation","Elastic_net","Intestines","0.1","min5",1000,7.57605809686895,0.471115160950062
"Cluster","Cluster",563,"Train","Elastic_net","Intestines","0.1","nofilter",1000,0.159242243039205,0.999821824722528
"Cluster","Cluster",563,"Validation","Elastic_net","Intestines","0.1","nofilter",1000,8.03031363926927,0.463452881986683
"Cluster","Cluster",564,"Train","Elastic_net","Intestines","0.2","min10",1000,3.42402001316521,0.781865216691129
"Cluster","Cluster",564,"Validation","Elastic_net","Intestines","0.2","min10",1000,6.81777157798279,0.375295445016064
"Cluster","Cluster",565,"Train","Elastic_net","Intestines","0.2","min20",1000,3.76964712130788,0.529866937898198
"Cluster","Cluster",565,"Validation","Elastic_net","Intestines","0.2","min20",1000,7.50933262540256,0.688158160008044
"Cluster","Cluster",566,"Train","Elastic_net","Intestines","0.2","min5",1000,2.53530518700808,0.929575576165766
"Cluster","Cluster",566,"Validation","Elastic_net","Intestines","0.2","min5",1000,4.63251900686942,0.424371343014061
"Cluster","Cluster",567,"Train","Elastic_net","Intestines","0.2","nofilter",1000,1.69239395814171,0.970778115597
"Cluster","Cluster",567,"Validation","Elastic_net","Intestines","0.2","nofilter",1000,3.87698132291363,0.4931258657545
"Cluster","Cluster",568,"Train","Elastic_net","Intestines","0.3","min10",1000,4.55122215397525,0.504669062865927
"Cluster","Cluster",568,"Validation","Elastic_net","Intestines","0.3","min10",1000,6.32455920394418,0.703530195681303
"Cluster","Cluster",569,"Train","Elastic_net","Intestines","0.3","min5",1000,0.287961508133852,0.999536669908184
"Cluster","Cluster",569,"Validation","Elastic_net","Intestines","0.3","min5",1000,4.36946489926954,0.432500517692119
"Cluster","Cluster",570,"Train","Elastic_net","Intestines","0.3","nofilter",1000,1.0353327787698,0.988454642284412
"Cluster","Cluster",570,"Validation","Elastic_net","Intestines","0.3","nofilter",1000,7.9752559613267,0.592218392224756
"Cluster","Cluster",571,"Train","Elastic_net","Intestines","nofilter","min10",1000,5.26169651220633,0.482718729502664
"Cluster","Cluster",571,"Validation","Elastic_net","Intestines","nofilter","min10",1000,8.08727920565578,0.729456717716941
"Cluster","Cluster",572,"Train","Elastic_net","Intestines","nofilter","min20",1000,0.602449086227097,0.996788183454556
"Cluster","Cluster",572,"Validation","Elastic_net","Intestines","nofilter","min20",1000,4.2210344760605,0.419026734158522
"Cluster","Cluster",573,"Train","Elastic_net","Intestines","nofilter","min5",1000,0.163626587778601,0.999874280379195
"Cluster","Cluster",573,"Validation","Elastic_net","Intestines","nofilter","min5",1000,7.8558766502699,0.474840959434783
"Cluster","Cluster",574,"Train","Elastic_net","Intestines","nofilter","nofilter",1000,0.173648301040404,0.999864352990486
"Cluster","Cluster",574,"Validation","Elastic_net","Intestines","nofilter","nofilter",1000,4.57042599982445,0.35439143822034
"Cluster","Cluster",575,"Train","Elastic_net","Intestines","0.05","min10",1500,1.26759009554852,0.991212270059057
"Cluster","Cluster",575,"Validation","Elastic_net","Intestines","0.05","min10",1500,4.02736080384278,0.568286916187084
"Cluster","Cluster",576,"Train","Elastic_net","Intestines","0.05","min20",1500,0.135118517041952,0.999557600931171
"Cluster","Cluster",576,"Validation","Elastic_net","Intestines","0.05","min20",1500,7.39167129730025,0.571069205523002
"Cluster","Cluster",577,"Train","Elastic_net","Intestines","0.05","min5",1500,2.27521574842182,0.950932319659396
"Cluster","Cluster",577,"Validation","Elastic_net","Intestines","0.05","min5",1500,4.46584740222737,0.65881230705813
"Cluster","Cluster",578,"Train","Elastic_net","Intestines","0.05","nofilter",1500,0.64170910420306,0.996817132275236
"Cluster","Cluster",578,"Validation","Elastic_net","Intestines","0.05","nofilter",1500,7.60432266847305,0.546197054299997
"Cluster","Cluster",579,"Train","Elastic_net","Intestines","0.1","min10",1500,0.166652893082654,0.999781123983928
"Cluster","Cluster",579,"Validation","Elastic_net","Intestines","0.1","min10",1500,4.57626205053356,0.527181396335577
"Cluster","Cluster",580,"Train","Elastic_net","Intestines","0.1","min20",1500,0.33232998292711,0.997738738356803
"Cluster","Cluster",580,"Validation","Elastic_net","Intestines","0.1","min20",1500,6.93676133632072,0.454597309081559
"Cluster","Cluster",581,"Train","Elastic_net","Intestines","0.1","min5",1500,0.67850580173396,0.996968688937457
"Cluster","Cluster",581,"Validation","Elastic_net","Intestines","0.1","min5",1500,8.42015018061747,0.41427329826109
"Cluster","Cluster",582,"Train","Elastic_net","Intestines","0.1","nofilter",1500,0.159580630902199,0.999855561549046
"Cluster","Cluster",582,"Validation","Elastic_net","Intestines","0.1","nofilter",1500,4.57077906745046,0.474823490140917
"Cluster","Cluster",583,"Train","Elastic_net","Intestines","0.2","min10",1500,3.79095297368472,0.75108198216868
"Cluster","Cluster",583,"Validation","Elastic_net","Intestines","0.2","min10",1500,8.785381142934,0.460992783728681
"Cluster","Cluster",584,"Train","Elastic_net","Intestines","0.2","min20",1500,3.76964712130788,0.529866937898198
"Cluster","Cluster",584,"Validation","Elastic_net","Intestines","0.2","min20",1500,7.50933262540256,0.688158160008044
"Cluster","Cluster",585,"Train","Elastic_net","Intestines","0.2","min5",1500,0.15369113318314,0.999799003307958
"Cluster","Cluster",585,"Validation","Elastic_net","Intestines","0.2","min5",1500,7.49199557158938,0.394708214585632
"Cluster","Cluster",586,"Train","Elastic_net","Intestines","0.2","nofilter",1500,3.93027835801268,0.791045109441587
"Cluster","Cluster",586,"Validation","Elastic_net","Intestines","0.2","nofilter",1500,3.91425041451219,0.707928693051385
"Cluster","Cluster",587,"Train","Elastic_net","Intestines","0.3","min10",1500,3.74539836994433,0.727987204732662
"Cluster","Cluster",587,"Validation","Elastic_net","Intestines","0.3","min10",1500,6.60921369778539,0.683976424125754
"Cluster","Cluster",588,"Train","Elastic_net","Intestines","0.3","min5",1500,1.86736071309162,0.961524214405693
"Cluster","Cluster",588,"Validation","Elastic_net","Intestines","0.3","min5",1500,7.34619406978647,0.601410545761349
"Cluster","Cluster",589,"Train","Elastic_net","Intestines","0.3","nofilter",1500,5.23637139383822,0.424423891265142
"Cluster","Cluster",589,"Validation","Elastic_net","Intestines","0.3","nofilter",1500,6.57884963678429,0.534240355882143
"Cluster","Cluster",590,"Train","Elastic_net","Intestines","nofilter","min10",1500,0.816301746143638,0.995069728659028
"Cluster","Cluster",590,"Validation","Elastic_net","Intestines","nofilter","min10",1500,7.46644065903827,0.489594592108608
"Cluster","Cluster",591,"Train","Elastic_net","Intestines","nofilter","min20",1500,4.39975332680671,0.579778060400605
"Cluster","Cluster",591,"Validation","Elastic_net","Intestines","nofilter","min20",1500,7.3437101901408,0.537946619717854
"Cluster","Cluster",592,"Train","Elastic_net","Intestines","nofilter","min5",1500,0.166870957376145,0.999826985703945
"Cluster","Cluster",592,"Validation","Elastic_net","Intestines","nofilter","min5",1500,6.52253508294214,0.314389200121181
"Cluster","Cluster",593,"Train","Elastic_net","Intestines","nofilter","nofilter",1500,1.66082818682839,0.982025780520087
"Cluster","Cluster",593,"Validation","Elastic_net","Intestines","nofilter","nofilter",1500,8.26988179274045,0.504401635606789
"Cluster","Cluster",594,"Train","Elastic_net","Intestines","0.05","min10",2000,0.158481592196136,0.999865726947722
"Cluster","Cluster",594,"Validation","Elastic_net","Intestines","0.05","min10",2000,8.56735732920215,0.574852912868171
"Cluster","Cluster",595,"Train","Elastic_net","Intestines","0.05","min20",2000,0.165821130520268,0.999712369880159
"Cluster","Cluster",595,"Validation","Elastic_net","Intestines","0.05","min20",2000,4.70126835161085,0.517487926865891
"Cluster","Cluster",596,"Train","Elastic_net","Intestines","0.05","min5",2000,0.166396947645122,0.999878956623852
"Cluster","Cluster",596,"Validation","Elastic_net","Intestines","0.05","min5",2000,8.21081008494249,0.486524093675848
"Cluster","Cluster",597,"Train","Elastic_net","Intestines","0.05","nofilter",2000,0.523081815720909,0.998819040266683
"Cluster","Cluster",597,"Validation","Elastic_net","Intestines","0.05","nofilter",2000,4.1788227437922,0.370285328648485
"Cluster","Cluster",598,"Train","Elastic_net","Intestines","0.1","min10",2000,0.937034889373739,0.990068396839196
"Cluster","Cluster",598,"Validation","Elastic_net","Intestines","0.1","min10",2000,6.39625405955409,0.528745125567813
"Cluster","Cluster",599,"Train","Elastic_net","Intestines","0.1","min20",2000,1.98199694560271,0.931625675574996
"Cluster","Cluster",599,"Validation","Elastic_net","Intestines","0.1","min20",2000,6.05678622493945,0.380295049375075
"Cluster","Cluster",600,"Train","Elastic_net","Intestines","0.1","min5",2000,0.156757362366579,0.999814674837449
"Cluster","Cluster",600,"Validation","Elastic_net","Intestines","0.1","min5",2000,7.70346677002137,0.417521732158436
"Cluster","Cluster",601,"Train","Elastic_net","Intestines","0.1","nofilter",2000,0.163429327493791,0.999752096221688
"Cluster","Cluster",601,"Validation","Elastic_net","Intestines","0.1","nofilter",2000,8.94675816811553,0.677918831426559
"Cluster","Cluster",602,"Train","Elastic_net","Intestines","0.2","min10",2000,2.13455598997024,0.936969630013076
"Cluster","Cluster",602,"Validation","Elastic_net","Intestines","0.2","min10",2000,5.02593423699428,0.582606175098686
"Cluster","Cluster",603,"Train","Elastic_net","Intestines","0.2","min20",2000,3.76964712130788,0.529866937898198
"Cluster","Cluster",603,"Validation","Elastic_net","Intestines","0.2","min20",2000,7.50933262540256,0.688158160008044
"Cluster","Cluster",604,"Train","Elastic_net","Intestines","0.2","min5",2000,0.16141408767391,0.999841782403754
"Cluster","Cluster",604,"Validation","Elastic_net","Intestines","0.2","min5",2000,7.89067104091462,0.462892638232429
"Cluster","Cluster",605,"Train","Elastic_net","Intestines","0.2","nofilter",2000,0.610897901151164,0.99677269316772
"Cluster","Cluster",605,"Validation","Elastic_net","Intestines","0.2","nofilter",2000,4.49109694484038,0.481806871992937
"Cluster","Cluster",606,"Train","Elastic_net","Intestines","0.3","min10",2000,0.786581141764352,0.986085734117214
"Cluster","Cluster",606,"Validation","Elastic_net","Intestines","0.3","min10",2000,7.48092706876885,0.379892023201471
"Cluster","Cluster",607,"Train","Elastic_net","Intestines","0.3","min5",2000,3.31569459084568,0.911287343784693
"Cluster","Cluster",607,"Validation","Elastic_net","Intestines","0.3","min5",2000,8.73847481399531,0.540635740105794
"Cluster","Cluster",608,"Train","Elastic_net","Intestines","0.3","nofilter",2000,0.391465315225562,0.998617130344027
"Cluster","Cluster",608,"Validation","Elastic_net","Intestines","0.3","nofilter",2000,8.29660216700803,0.60243770424165
"Cluster","Cluster",609,"Train","Elastic_net","Intestines","nofilter","min10",2000,1.98608259809732,0.969305039696608
"Cluster","Cluster",609,"Validation","Elastic_net","Intestines","nofilter","min10",2000,8.06106322114461,0.477313406241032
"Cluster","Cluster",610,"Train","Elastic_net","Intestines","nofilter","min20",2000,0.161590003160204,0.99977910004954
"Cluster","Cluster",610,"Validation","Elastic_net","Intestines","nofilter","min20",2000,10.6477693571013,0.65644737021234
"Cluster","Cluster",611,"Train","Elastic_net","Intestines","nofilter","min5",2000,2.10251795105177,0.975891215702717
"Cluster","Cluster",611,"Validation","Elastic_net","Intestines","nofilter","min5",2000,6.83136729285585,0.481196602186054
"Cluster","Cluster",612,"Train","Elastic_net","Intestines","nofilter","nofilter",2000,0.160453536169737,0.999884030694052
"Cluster","Cluster",612,"Validation","Elastic_net","Intestines","nofilter","nofilter",2000,6.92589416380674,0.625470641124621
"Cluster","Cluster",613,"Train","Elastic_net","Intestines","0.05","min10",22500,0.164711094202504,0.999768207925012
"Cluster","Cluster",613,"Validation","Elastic_net","Intestines","0.05","min10",22500,8.02001566315219,0.492561505993319
"Cluster","Cluster",614,"Train","Elastic_net","Intestines","0.05","min20",22500,4.4897225672697,0.651182831761384
"Cluster","Cluster",614,"Validation","Elastic_net","Intestines","0.05","min20",22500,6.55004226915711,0.497848438161988
"Cluster","Cluster",615,"Train","Elastic_net","Intestines","0.05","min5",22500,3.26201333050358,0.915200625809186
"Cluster","Cluster",615,"Validation","Elastic_net","Intestines","0.05","min5",22500,4.03954124723396,0.386798681067718
"Cluster","Cluster",616,"Train","Elastic_net","Intestines","0.05","nofilter",22500,0.364429356177561,0.999415892770973
"Cluster","Cluster",616,"Validation","Elastic_net","Intestines","0.05","nofilter",22500,7.30789514364402,0.50088936697797
"Cluster","Cluster",617,"Train","Elastic_net","Intestines","0.1","min10",22500,0.166943539416224,0.999816099485047
"Cluster","Cluster",617,"Validation","Elastic_net","Intestines","0.1","min10",22500,5.04732600873775,0.497384733954957
"Cluster","Cluster",618,"Train","Elastic_net","Intestines","0.1","min20",22500,1.91340878761407,0.958507412580826
"Cluster","Cluster",618,"Validation","Elastic_net","Intestines","0.1","min20",22500,10.3678367280558,0.430721230552916
"Cluster","Cluster",619,"Train","Elastic_net","Intestines","0.1","min5",22500,1.75179094165906,0.978844031339529
"Cluster","Cluster",619,"Validation","Elastic_net","Intestines","0.1","min5",22500,8.41366907093252,0.48602425991179
"Cluster","Cluster",620,"Train","Elastic_net","Intestines","0.1","nofilter",22500,0.156200944125632,0.999846442286057
"Cluster","Cluster",620,"Validation","Elastic_net","Intestines","0.1","nofilter",22500,4.42866274582161,0.464299824600562
"Cluster","Cluster",621,"Train","Elastic_net","Intestines","0.2","min10",22500,2.83889336381239,0.911661206523697
"Cluster","Cluster",621,"Validation","Elastic_net","Intestines","0.2","min10",22500,8.19485061745972,0.580528064036122
"Cluster","Cluster",622,"Train","Elastic_net","Intestines","0.2","min20",22500,3.517246556964,0.572097940777043
"Cluster","Cluster",622,"Validation","Elastic_net","Intestines","0.2","min20",22500,7.62474115234527,0.414994607904603
"Cluster","Cluster",623,"Train","Elastic_net","Intestines","0.2","min5",22500,2.81540564503568,0.966046608841695
"Cluster","Cluster",623,"Validation","Elastic_net","Intestines","0.2","min5",22500,6.45106402583179,0.317603715892668
"Cluster","Cluster",624,"Train","Elastic_net","Intestines","0.2","nofilter",22500,0.770794411032415,0.995881352927389
"Cluster","Cluster",624,"Validation","Elastic_net","Intestines","0.2","nofilter",22500,3.48403573938537,0.508478900757376
"Cluster","Cluster",625,"Train","Elastic_net","Intestines","0.3","min10",22500,3.8237314223997,0.740181580035448
"Cluster","Cluster",625,"Validation","Elastic_net","Intestines","0.3","min10",22500,5.47021429572175,0.609786956066698
"Cluster","Cluster",626,"Train","Elastic_net","Intestines","0.3","min5",22500,0.191623089768502,0.999795235240519
"Cluster","Cluster",626,"Validation","Elastic_net","Intestines","0.3","min5",22500,9.36638571613218,0.462227498264858
"Cluster","Cluster",627,"Train","Elastic_net","Intestines","0.3","nofilter",22500,2.45926147158418,0.952455997866109
"Cluster","Cluster",627,"Validation","Elastic_net","Intestines","0.3","nofilter",22500,8.00787506780638,0.576629461501804
"Cluster","Cluster",628,"Train","Elastic_net","Intestines","nofilter","min10",22500,1.13573614892282,0.992850228969554
"Cluster","Cluster",628,"Validation","Elastic_net","Intestines","nofilter","min10",22500,6.79154861639554,0.650597661044885
"Cluster","Cluster",629,"Train","Elastic_net","Intestines","nofilter","min20",22500,0.249000318791562,0.99949283214098
"Cluster","Cluster",629,"Validation","Elastic_net","Intestines","nofilter","min20",22500,8.11043013340366,0.541529528371832
"Cluster","Cluster",630,"Train","Elastic_net","Intestines","nofilter","nofilter",22500,0.168611220294392,0.99990974579827
"Cluster","Cluster",630,"Validation","Elastic_net","Intestines","nofilter","nofilter",22500,4.17759743654823,0.591424471684514
"Cluster","Cluster",631,"Train","Elastic_net","Intestines","0.05","min10",3000,0.148575931705876,0.999856548844967
"Cluster","Cluster",631,"Validation","Elastic_net","Intestines","0.05","min10",3000,9.71318334243006,0.522576761342106
"Cluster","Cluster",632,"Train","Elastic_net","Intestines","0.05","min20",3000,3.90484480226083,0.786246399555477
"Cluster","Cluster",632,"Validation","Elastic_net","Intestines","0.05","min20",3000,4.65848905664469,0.447289964141019
"Cluster","Cluster",633,"Train","Elastic_net","Intestines","0.05","min5",3000,0.170935071781531,0.999861508142011
"Cluster","Cluster",633,"Validation","Elastic_net","Intestines","0.05","min5",3000,8.02656062918281,0.401135240883231
"Cluster","Cluster",634,"Train","Elastic_net","Intestines","0.05","nofilter",3000,2.07794223012928,0.965146319438868
"Cluster","Cluster",634,"Validation","Elastic_net","Intestines","0.05","nofilter",3000,7.50705929830405,0.529756170300405
"Cluster","Cluster",635,"Train","Elastic_net","Intestines","0.1","min10",3000,0.321843268276405,0.999123485615427
"Cluster","Cluster",635,"Validation","Elastic_net","Intestines","0.1","min10",3000,7.19890918742389,0.61744276196679
"Cluster","Cluster",636,"Train","Elastic_net","Intestines","0.1","min20",3000,3.19569630531099,0.798746172961567
"Cluster","Cluster",636,"Validation","Elastic_net","Intestines","0.1","min20",3000,4.60125696000019,0.312567558734754
"Cluster","Cluster",637,"Train","Elastic_net","Intestines","0.1","min5",3000,0.160448209555673,0.999844766451295
"Cluster","Cluster",637,"Validation","Elastic_net","Intestines","0.1","min5",3000,9.12236029350127,0.561528248148798
"Cluster","Cluster",638,"Train","Elastic_net","Intestines","0.1","nofilter",3000,0.469342930754101,0.998020479995768
"Cluster","Cluster",638,"Validation","Elastic_net","Intestines","0.1","nofilter",3000,7.292875162281,0.503670705856512
"Cluster","Cluster",639,"Train","Elastic_net","Intestines","0.2","min10",3000,2.31359436469843,0.921250113699077
"Cluster","Cluster",639,"Validation","Elastic_net","Intestines","0.2","min10",3000,3.60892274150161,0.506225976832075
"Cluster","Cluster",640,"Train","Elastic_net","Intestines","0.2","min20",3000,3.76964712130788,0.529866937898198
"Cluster","Cluster",640,"Validation","Elastic_net","Intestines","0.2","min20",3000,7.50933262540256,0.688158160008044
"Cluster","Cluster",641,"Train","Elastic_net","Intestines","0.2","min5",3000,0.176168766336888,0.999853212770751
"Cluster","Cluster",641,"Validation","Elastic_net","Intestines","0.2","min5",3000,8.08640248252442,0.469591965337916
"Cluster","Cluster",642,"Train","Elastic_net","Intestines","0.2","nofilter",3000,3.25791350904615,0.917234103512465
"Cluster","Cluster",642,"Validation","Elastic_net","Intestines","0.2","nofilter",3000,4.02196684087332,0.45051032882249
"Cluster","Cluster",643,"Train","Elastic_net","Intestines","0.3","min10",3000,4.7408550947632,0.524724732282877
"Cluster","Cluster",643,"Validation","Elastic_net","Intestines","0.3","min10",3000,7.80019256848558,0.541107940401674
"Cluster","Cluster",644,"Train","Elastic_net","Intestines","0.3","min5",3000,0.156366276552395,0.999858278014877
"Cluster","Cluster",644,"Validation","Elastic_net","Intestines","0.3","min5",3000,8.07241544135022,0.618534346422816
"Cluster","Cluster",645,"Train","Elastic_net","Intestines","0.3","nofilter",3000,1.81558762569568,0.968264628829285
"Cluster","Cluster",645,"Validation","Elastic_net","Intestines","0.3","nofilter",3000,4.24638402654736,0.695608049340324
"Cluster","Cluster",646,"Train","Elastic_net","Intestines","nofilter","min10",3000,2.35556141143451,0.952247542984301
"Cluster","Cluster",646,"Validation","Elastic_net","Intestines","nofilter","min10",3000,6.58513153412106,0.438461905227898
"Cluster","Cluster",647,"Train","Elastic_net","Intestines","nofilter","min20",3000,4.84023196207451,0.643500290462362
"Cluster","Cluster",647,"Validation","Elastic_net","Intestines","nofilter","min20",3000,7.83259847956821,0.411591739455208
"Cluster","Cluster",648,"Train","Elastic_net","Intestines","nofilter","min5",3000,1.62663376445719,0.983245666463657
"Cluster","Cluster",648,"Validation","Elastic_net","Intestines","nofilter","min5",3000,8.97665153857701,0.609971880658866
"Cluster","Cluster",649,"Train","Elastic_net","Intestines","nofilter","nofilter",3000,0.695693416270071,0.997811221431947
"Cluster","Cluster",649,"Validation","Elastic_net","Intestines","nofilter","nofilter",3000,3.42615097125821,0.65616134978844
"Cluster","Cluster",650,"Train","Elastic_net","Intestines","0.05","min10",50,0.164239275996837,0.999768096149946
"Cluster","Cluster",650,"Validation","Elastic_net","Intestines","0.05","min10",50,9.59800267309234,0.67939627956452
"Cluster","Cluster",651,"Train","Elastic_net","Intestines","0.05","min20",50,0.157215663151988,0.999543186339408
"Cluster","Cluster",651,"Validation","Elastic_net","Intestines","0.05","min20",50,4.89177803757466,0.476339756652902
"Cluster","Cluster",652,"Train","Elastic_net","Intestines","0.05","min5",50,0.167848321503619,0.999804555953703
"Cluster","Cluster",652,"Validation","Elastic_net","Intestines","0.05","min5",50,9.08457753553955,0.474971619739919
"Cluster","Cluster",653,"Train","Elastic_net","Intestines","0.05","nofilter",50,0.160539334673567,0.999871692763949
"Cluster","Cluster",653,"Validation","Elastic_net","Intestines","0.05","nofilter",50,7.38436957328728,0.551225908620931
"Cluster","Cluster",654,"Train","Elastic_net","Intestines","0.1","min10",50,0.147759357046088,0.999590649961072
"Cluster","Cluster",654,"Validation","Elastic_net","Intestines","0.1","min10",50,3.27773695809613,0.701461862753519
"Cluster","Cluster",655,"Train","Elastic_net","Intestines","0.1","min20",50,1.10747118470353,0.964601812095571
"Cluster","Cluster",655,"Validation","Elastic_net","Intestines","0.1","min20",50,4.68012696771768,0.370305173159398
"Cluster","Cluster",656,"Train","Elastic_net","Intestines","0.1","min5",50,0.15415438445282,0.999783068253899
"Cluster","Cluster",656,"Validation","Elastic_net","Intestines","0.1","min5",50,8.46483581574013,0.633713662217922
"Cluster","Cluster",657,"Train","Elastic_net","Intestines","0.1","nofilter",50,0.15819996621206,0.99978883212414
"Cluster","Cluster",657,"Validation","Elastic_net","Intestines","0.1","nofilter",50,3.67141972723409,0.47358317682428
"Cluster","Cluster",658,"Train","Elastic_net","Intestines","0.2","min10",50,1.3718319662764,0.940904524071539
"Cluster","Cluster",658,"Validation","Elastic_net","Intestines","0.2","min10",50,6.81838441415839,0.710482393585767
"Cluster","Cluster",659,"Train","Elastic_net","Intestines","0.2","min20",50,3.6382787228116,0.411841932398129
"Cluster","Cluster",659,"Validation","Elastic_net","Intestines","0.2","min20",50,7.35676157590603,0.590289196744386
"Cluster","Cluster",660,"Train","Elastic_net","Intestines","0.2","min5",50,0.206776888819626,0.999336298327704
"Cluster","Cluster",660,"Validation","Elastic_net","Intestines","0.2","min5",50,3.57577676574941,0.580143868855004
"Cluster","Cluster",661,"Train","Elastic_net","Intestines","0.2","nofilter",50,1.09910190918951,0.980888643486847
"Cluster","Cluster",661,"Validation","Elastic_net","Intestines","0.2","nofilter",50,4.31094801356206,0.435694009830204
"Cluster","Cluster",662,"Train","Elastic_net","Intestines","0.3","min10",50,5.08807362746265,0.254784545693434
"Cluster","Cluster",662,"Validation","Elastic_net","Intestines","0.3","min10",50,5.62810945164836,0.41805521014673
"Cluster","Cluster",663,"Train","Elastic_net","Intestines","0.3","min5",50,2.87001247272606,0.783094591081306
"Cluster","Cluster",663,"Validation","Elastic_net","Intestines","0.3","min5",50,4.56898923806014,0.457096726509752
"Cluster","Cluster",664,"Train","Elastic_net","Intestines","0.3","nofilter",50,2.87001247272606,0.783094591081306
"Cluster","Cluster",664,"Validation","Elastic_net","Intestines","0.3","nofilter",50,4.56898923806014,0.457096726509752
"Cluster","Cluster",665,"Train","Elastic_net","Intestines","nofilter","min10",50,1.69402709353325,0.973781534533576
"Cluster","Cluster",665,"Validation","Elastic_net","Intestines","nofilter","min10",50,9.03303017222424,0.6071166002991
"Cluster","Cluster",666,"Train","Elastic_net","Intestines","nofilter","min20",50,4.75245159091931,0.603061873870066
"Cluster","Cluster",666,"Validation","Elastic_net","Intestines","nofilter","min20",50,6.69359997235905,0.678091883891993
"Cluster","Cluster",667,"Train","Elastic_net","Intestines","nofilter","min5",50,0.163783259483401,0.999894515019162
"Cluster","Cluster",667,"Validation","Elastic_net","Intestines","nofilter","min5",50,4.14885977381128,0.518962750770224
"Cluster","Cluster",668,"Train","Elastic_net","Intestines","nofilter","nofilter",50,0.238476876893652,0.999746734003653
"Cluster","Cluster",668,"Validation","Elastic_net","Intestines","nofilter","nofilter",50,4.19450693312187,0.56484930008181
"Cluster","Cluster",669,"Train","Elastic_net","Intestines","0.05","min10",500,0.165662073770732,0.999824166971448
"Cluster","Cluster",669,"Validation","Elastic_net","Intestines","0.05","min10",500,8.3914990433939,0.65193967032752
"Cluster","Cluster",670,"Train","Elastic_net","Intestines","0.05","min20",500,0.771355478245185,0.986777172566561
"Cluster","Cluster",670,"Validation","Elastic_net","Intestines","0.05","min20",500,6.48547811990674,0.41835853867876
"Cluster","Cluster",671,"Train","Elastic_net","Intestines","0.05","min5",500,0.247429370791026,0.999552771727308
"Cluster","Cluster",671,"Validation","Elastic_net","Intestines","0.05","min5",500,2.55320511553433,0.786388287634349
"Cluster","Cluster",672,"Train","Elastic_net","Intestines","0.05","nofilter",500,0.159472889248489,0.99983271057983
"Cluster","Cluster",672,"Validation","Elastic_net","Intestines","0.05","nofilter",500,7.23124242304737,0.704660099024098
"Cluster","Cluster",673,"Train","Elastic_net","Intestines","0.1","min10",500,0.89086610834088,0.990598932054892
"Cluster","Cluster",673,"Validation","Elastic_net","Intestines","0.1","min10",500,9.0359788488886,0.597418342939111
"Cluster","Cluster",674,"Train","Elastic_net","Intestines","0.1","min20",500,4.28223887236422,0.651348510208614
"Cluster","Cluster",674,"Validation","Elastic_net","Intestines","0.1","min20",500,10.8997899665484,0.286712924775502
"Cluster","Cluster",675,"Train","Elastic_net","Intestines","0.1","min5",500,0.161943588777857,0.999818279147033
"Cluster","Cluster",675,"Validation","Elastic_net","Intestines","0.1","min5",500,9.12589367190191,0.518328724359898
"Cluster","Cluster",676,"Train","Elastic_net","Intestines","0.1","nofilter",500,0.151351653081462,0.999804943711877
"Cluster","Cluster",676,"Validation","Elastic_net","Intestines","0.1","nofilter",500,4.13505610713158,0.424298711715401
"Cluster","Cluster",677,"Train","Elastic_net","Intestines","0.2","min10",500,3.34108314780856,0.740541472928098
"Cluster","Cluster",677,"Validation","Elastic_net","Intestines","0.2","min10",500,8.07025215791224,0.422094926107088
"Cluster","Cluster",678,"Train","Elastic_net","Intestines","0.2","min20",500,3.76964712130788,0.529866937898198
"Cluster","Cluster",678,"Validation","Elastic_net","Intestines","0.2","min20",500,7.50933262540256,0.688158160008044
"Cluster","Cluster",679,"Train","Elastic_net","Intestines","0.2","min5",500,1.31735515404625,0.982911281969432
"Cluster","Cluster",679,"Validation","Elastic_net","Intestines","0.2","min5",500,8.05819978348731,0.39736587067018
"Cluster","Cluster",680,"Train","Elastic_net","Intestines","0.2","nofilter",500,0.17668655021523,0.999792671651506
"Cluster","Cluster",680,"Validation","Elastic_net","Intestines","0.2","nofilter",500,8.98777493111361,0.622601009559005
"Cluster","Cluster",681,"Train","Elastic_net","Intestines","0.3","min10",500,4.41120828690221,0.505300907173749
"Cluster","Cluster",681,"Validation","Elastic_net","Intestines","0.3","min10",500,4.83953552089406,0.731490084712977
"Cluster","Cluster",682,"Train","Elastic_net","Intestines","0.3","min5",500,1.44973058836682,0.979988290627341
"Cluster","Cluster",682,"Validation","Elastic_net","Intestines","0.3","min5",500,6.73487827016886,0.427540199628063
"Cluster","Cluster",683,"Train","Elastic_net","Intestines","0.3","nofilter",500,4.76437880610333,0.668822323561329
"Cluster","Cluster",683,"Validation","Elastic_net","Intestines","0.3","nofilter",500,3.5526179201737,0.496279108940971
"Cluster","Cluster",684,"Train","Elastic_net","Intestines","nofilter","min10",500,0.272589255536449,0.999378076224675
"Cluster","Cluster",684,"Validation","Elastic_net","Intestines","nofilter","min10",500,7.09600394651773,0.485156801799861
"Cluster","Cluster",685,"Train","Elastic_net","Intestines","nofilter","min20",500,4.05838640577401,0.684029283613844
"Cluster","Cluster",685,"Validation","Elastic_net","Intestines","nofilter","min20",500,5.44443192968534,0.427384075291965
"Cluster","Cluster",686,"Train","Elastic_net","Intestines","nofilter","min5",500,0.158141293658707,0.999908625403385
"Cluster","Cluster",686,"Validation","Elastic_net","Intestines","nofilter","min5",500,7.66463998858075,0.681017189796282
"Cluster","Cluster",687,"Train","Elastic_net","Intestines","nofilter","nofilter",500,1.06580048127366,0.993302002620225
"Cluster","Cluster",687,"Validation","Elastic_net","Intestines","nofilter","nofilter",500,9.99839493467075,0.418450679126854
"Cluster","Cluster",688,"Train","Elastic_net","Intestines","0.05","min10",750,0.150283298523247,0.999796375878503
"Cluster","Cluster",688,"Validation","Elastic_net","Intestines","0.05","min10",750,8.1623542796914,0.714312630418359
"Cluster","Cluster",689,"Train","Elastic_net","Intestines","0.05","min20",750,1.66109750074772,0.966065526398002
"Cluster","Cluster",689,"Validation","Elastic_net","Intestines","0.05","min20",750,5.72637383802626,0.525800589464258
"Cluster","Cluster",690,"Train","Elastic_net","Intestines","0.05","min5",750,1.9085402466516,0.978150419708231
"Cluster","Cluster",690,"Validation","Elastic_net","Intestines","0.05","min5",750,7.30586994209608,0.414020382344449
"Cluster","Cluster",691,"Train","Elastic_net","Intestines","0.05","nofilter",750,0.154086694326693,0.999854938589711
"Cluster","Cluster",691,"Validation","Elastic_net","Intestines","0.05","nofilter",750,8.28249500836504,0.602505739058868
"Cluster","Cluster",692,"Train","Elastic_net","Intestines","0.1","min10",750,0.498926286102501,0.997434137896711
"Cluster","Cluster",692,"Validation","Elastic_net","Intestines","0.1","min10",750,4.9814384383208,0.506782760373062
"Cluster","Cluster",693,"Train","Elastic_net","Intestines","0.1","min20",750,4.28223887236422,0.651348510208614
"Cluster","Cluster",693,"Validation","Elastic_net","Intestines","0.1","min20",750,10.8997899665484,0.286712924775502
"Cluster","Cluster",694,"Train","Elastic_net","Intestines","0.1","min5",750,0.159701817369023,0.999834626578226
"Cluster","Cluster",694,"Validation","Elastic_net","Intestines","0.1","min5",750,8.5274150136047,0.409419994441849
"Cluster","Cluster",695,"Train","Elastic_net","Intestines","0.1","nofilter",750,0.158280245741836,0.999811713058228
"Cluster","Cluster",695,"Validation","Elastic_net","Intestines","0.1","nofilter",750,5.078048760447,0.395460720494375
"Cluster","Cluster",696,"Train","Elastic_net","Intestines","0.2","min10",750,2.98205793261562,0.845323518285251
"Cluster","Cluster",696,"Validation","Elastic_net","Intestines","0.2","min10",750,8.87510864165374,0.552366698916334
"Cluster","Cluster",697,"Train","Elastic_net","Intestines","0.2","min20",750,3.76964712130788,0.529866937898198
"Cluster","Cluster",697,"Validation","Elastic_net","Intestines","0.2","min20",750,7.50933262540256,0.688158160008044
"Cluster","Cluster",698,"Train","Elastic_net","Intestines","0.2","min5",750,0.171909816718409,0.999716243127919
"Cluster","Cluster",698,"Validation","Elastic_net","Intestines","0.2","min5",750,3.81151261559968,0.576849453561033
"Cluster","Cluster",699,"Train","Elastic_net","Intestines","0.2","nofilter",750,0.857154741273579,0.992760125845051
"Cluster","Cluster",699,"Validation","Elastic_net","Intestines","0.2","nofilter",750,4.65634262275435,0.382092701552505
"Cluster","Cluster",700,"Train","Elastic_net","Intestines","0.3","min10",750,4.56655323319294,0.490742158963366
"Cluster","Cluster",700,"Validation","Elastic_net","Intestines","0.3","min10",750,5.66527838464629,0.367638408552897
"Cluster","Cluster",701,"Train","Elastic_net","Intestines","0.3","min5",750,4.0394727966061,0.699923885767151
"Cluster","Cluster",701,"Validation","Elastic_net","Intestines","0.3","min5",750,4.81963257500396,0.52759249514802
"Cluster","Cluster",702,"Train","Elastic_net","Intestines","0.3","nofilter",750,1.70963544297018,0.971019993964452
"Cluster","Cluster",702,"Validation","Elastic_net","Intestines","0.3","nofilter",750,7.46947699622261,0.532053865533933
"Cluster","Cluster",703,"Train","Elastic_net","Intestines","nofilter","min10",750,2.88572466188755,0.9287317654402
"Cluster","Cluster",703,"Validation","Elastic_net","Intestines","nofilter","min10",750,6.9870205765169,0.571766492871583
"Cluster","Cluster",704,"Train","Elastic_net","Intestines","nofilter","min20",750,4.80544329034401,0.608137216866161
"Cluster","Cluster",704,"Validation","Elastic_net","Intestines","nofilter","min20",750,4.40555519462515,0.429196364669927
"Cluster","Cluster",705,"Train","Elastic_net","Intestines","nofilter","min5",750,0.1593838683322,0.999905005806931
"Cluster","Cluster",705,"Validation","Elastic_net","Intestines","nofilter","min5",750,7.88231507457541,0.607864742210866
"Cluster","Cluster",706,"Train","Elastic_net","Intestines","nofilter","nofilter",750,0.167468414126938,0.999841874816557
"Cluster","Cluster",706,"Validation","Elastic_net","Intestines","nofilter","nofilter",750,4.53575789994023,0.480027183140853
"Cluster","Cluster",707,"Train","Lasso","All_organs","0.05","min10",100,3.5121581157625,0.649336496941386
"Cluster","Cluster",707,"Validation","Lasso","All_organs","0.05","min10",100,4.65462513190915,0.302929056005321
"Cluster","Cluster",708,"Train","Lasso","All_organs","0.05","min20",100,3.48326639682335,0.631473823200024
"Cluster","Cluster",708,"Validation","Lasso","All_organs","0.05","min20",100,4.55768329442543,0.290126624099335
"Cluster","Cluster",709,"Train","Lasso","All_organs","0.05","min5",100,3.03871196864258,0.803230856293259
"Cluster","Cluster",709,"Validation","Lasso","All_organs","0.05","min5",100,4.68632805815454,0.31878418274095
"Cluster","Cluster",710,"Train","Lasso","All_organs","0.05","nofilter",100,2.06221697781374,0.929076003424193
"Cluster","Cluster",710,"Validation","Lasso","All_organs","0.05","nofilter",100,4.22895016580033,0.346700857174548
"Cluster","Cluster",711,"Train","Lasso","All_organs","0.1","min10",100,2.91653113865076,0.732598127204874
"Cluster","Cluster",711,"Validation","Lasso","All_organs","0.1","min10",100,5.94841807280536,0.270467588310331
"Cluster","Cluster",712,"Train","Lasso","All_organs","0.1","min20",100,5.16310835629017,0.0292876992915387
"Cluster","Cluster",712,"Validation","Lasso","All_organs","0.1","min20",100,4.71827047593273,0.297033725936734
"Cluster","Cluster",713,"Train","Lasso","All_organs","0.1","min5",100,3.55802712992398,0.654558788118502
"Cluster","Cluster",713,"Validation","Lasso","All_organs","0.1","min5",100,4.89450354480537,0.3509822663239
"Cluster","Cluster",714,"Train","Lasso","All_organs","0.1","nofilter",100,2.38880161893224,0.881104035243982
"Cluster","Cluster",714,"Validation","Lasso","All_organs","0.1","nofilter",100,4.39007871408963,0.362821605318807
"Cluster","Cluster",715,"Train","Lasso","All_organs","0.2","min10",100,4.73408644223892,0.199520827693214
"Cluster","Cluster",715,"Validation","Lasso","All_organs","0.2","min10",100,5.44965452290833,0.243432931701942
"Cluster","Cluster",716,"Train","Lasso","All_organs","0.2","min20",100,5.16310835629017,0.0292876992915387
"Cluster","Cluster",716,"Validation","Lasso","All_organs","0.2","min20",100,4.71827047593273,0.297033725936734
"Cluster","Cluster",717,"Train","Lasso","All_organs","0.2","min5",100,3.30715274006106,0.718031701430739
"Cluster","Cluster",717,"Validation","Lasso","All_organs","0.2","min5",100,5.98419640640432,0.159141957903471
"Cluster","Cluster",718,"Train","Lasso","All_organs","0.2","nofilter",100,5.03276924536813,0.218039169730534
"Cluster","Cluster",718,"Validation","Lasso","All_organs","0.2","nofilter",100,5.36666371672995,0.368398983704471
"Cluster","Cluster",719,"Train","Lasso","All_organs","0.3","min10",100,4.73408644223892,0.199520827693214
"Cluster","Cluster",719,"Validation","Lasso","All_organs","0.3","min10",100,5.44965452290833,0.243432931701942
"Cluster","Cluster",720,"Train","Lasso","All_organs","0.3","min20",100,5.16310835629017,0.0292876992915387
"Cluster","Cluster",720,"Validation","Lasso","All_organs","0.3","min20",100,4.71827047593273,0.297033725936734
"Cluster","Cluster",721,"Train","Lasso","All_organs","0.3","min5",100,3.30715274006106,0.718031701430739
"Cluster","Cluster",721,"Validation","Lasso","All_organs","0.3","min5",100,5.98419640640432,0.159141957903471
"Cluster","Cluster",722,"Train","Lasso","All_organs","0.3","nofilter",100,5.03276924536813,0.218039169730534
"Cluster","Cluster",722,"Validation","Lasso","All_organs","0.3","nofilter",100,5.36666371672995,0.368398983704471
"Cluster","Cluster",723,"Train","Lasso","All_organs","nofilter","min10",100,4.46752244055867,0.462479048650239
"Cluster","Cluster",723,"Validation","Lasso","All_organs","nofilter","min10",100,4.7376508877185,0.341972534619583
"Cluster","Cluster",724,"Train","Lasso","All_organs","nofilter","min20",100,2.0094753438944,0.936641197904676
"Cluster","Cluster",724,"Validation","Lasso","All_organs","nofilter","min20",100,5.73521235916016,0.153420771490152
"Cluster","Cluster",725,"Train","Lasso","All_organs","0.05","min10",1000,2.79620743298617,0.820597698922358
"Cluster","Cluster",725,"Validation","Lasso","All_organs","0.05","min10",1000,5.11885416631678,0.183508649242566
"Cluster","Cluster",726,"Train","Lasso","All_organs","0.05","min20",1000,4.53013252681407,0.391728732288002
"Cluster","Cluster",726,"Validation","Lasso","All_organs","0.05","min20",1000,5.89973971230715,0.23328359167732
"Cluster","Cluster",727,"Train","Lasso","All_organs","0.05","min5",1000,2.92658032734821,0.891175213381048
"Cluster","Cluster",727,"Validation","Lasso","All_organs","0.05","min5",1000,4.39210963730836,0.507131990730316
"Cluster","Cluster",728,"Train","Lasso","All_organs","0.05","nofilter",1000,2.24991458082089,0.917272016459176
"Cluster","Cluster",728,"Validation","Lasso","All_organs","0.05","nofilter",1000,4.52902013233235,0.309132032870018
"Cluster","Cluster",729,"Train","Lasso","All_organs","0.1","min10",1000,3.16289631750844,0.817476797305125
"Cluster","Cluster",729,"Validation","Lasso","All_organs","0.1","min10",1000,6.00234226631662,0.321764987664861
"Cluster","Cluster",730,"Train","Lasso","All_organs","0.1","min20",1000,5.12475509434653,0.0849532390264334
"Cluster","Cluster",730,"Validation","Lasso","All_organs","0.1","min20",1000,5.55202600933392,0.0220026131437757
"Cluster","Cluster",731,"Train","Lasso","All_organs","0.1","min5",1000,4.32794685990644,0.580708765747856
"Cluster","Cluster",731,"Validation","Lasso","All_organs","0.1","min5",1000,4.32547254748859,0.469661950762027
"Cluster","Cluster",732,"Train","Lasso","All_organs","0.1","nofilter",1000,1.45690716140623,0.972684128152933
"Cluster","Cluster",732,"Validation","Lasso","All_organs","0.1","nofilter",1000,6.2422165113826,0.275606526781426
"Cluster","Cluster",733,"Train","Lasso","All_organs","0.2","min10",1000,4.75452963667474,0.255372841855813
"Cluster","Cluster",733,"Validation","Lasso","All_organs","0.2","min10",1000,5.6116820994414,0.215950974917012
"Cluster","Cluster",734,"Train","Lasso","All_organs","0.2","min20",1000,5.13672005471887,0.0727196486686615
"Cluster","Cluster",734,"Validation","Lasso","All_organs","0.2","min20",1000,5.87260856473363,0.0684611410632228
"Cluster","Cluster",735,"Train","Lasso","All_organs","0.2","min5",1000,5.23230769230769,0.0804666146261487
"Cluster","Cluster",735,"Validation","Lasso","All_organs","0.2","min5",1000,4.47673051325144,0.329495680367661
"Cluster","Cluster",736,"Train","Lasso","All_organs","0.2","nofilter",1000,5.00727418737251,0.217299952471497
"Cluster","Cluster",736,"Validation","Lasso","All_organs","0.2","nofilter",1000,4.9098705032296,0.294215836830685
"Cluster","Cluster",737,"Train","Lasso","All_organs","0.3","min10",1000,4.75452963667474,0.255372841855813
"Cluster","Cluster",737,"Validation","Lasso","All_organs","0.3","min10",1000,5.6116820994414,0.215950974917012
"Cluster","Cluster",738,"Train","Lasso","All_organs","0.3","min20",1000,5.13672005471887,0.0727196486686615
"Cluster","Cluster",738,"Validation","Lasso","All_organs","0.3","min20",1000,5.87260856473363,0.0684611410632228
"Cluster","Cluster",739,"Train","Lasso","All_organs","0.3","min5",1000,5.23230769230769,0.0804666146261487
"Cluster","Cluster",739,"Validation","Lasso","All_organs","0.3","min5",1000,4.47673051325144,0.329495680367661
"Cluster","Cluster",740,"Train","Lasso","All_organs","0.3","nofilter",1000,5.00727418737251,0.217299952471497
"Cluster","Cluster",740,"Validation","Lasso","All_organs","0.3","nofilter",1000,4.9098705032296,0.294215836830685
"Cluster","Cluster",741,"Train","Lasso","All_organs","nofilter","min10",1000,4.36992138602576,0.601728018035137
"Cluster","Cluster",741,"Validation","Lasso","All_organs","nofilter","min10",1000,5.03893722009332,0.384226444203183
"Cluster","Cluster",742,"Train","Lasso","All_organs","nofilter","min20",1000,3.72168353313671,0.752338370755264
"Cluster","Cluster",742,"Validation","Lasso","All_organs","nofilter","min20",1000,5.36445926365218,0.367178721172106
"Cluster","Cluster",743,"Train","Lasso","All_organs","0.05","min10",1500,1.72264409488917,0.946023718714577
"Cluster","Cluster",743,"Validation","Lasso","All_organs","0.05","min10",1500,4.35376614213589,0.383847149140204
"Cluster","Cluster",744,"Train","Lasso","All_organs","0.05","min20",1500,4.01476392390903,0.551134153006011
"Cluster","Cluster",744,"Validation","Lasso","All_organs","0.05","min20",1500,5.65991506867595,0.367607179887849
"Cluster","Cluster",745,"Train","Lasso","All_organs","0.05","min5",1500,0.171150366038115,0.999691864051389
"Cluster","Cluster",745,"Validation","Lasso","All_organs","0.05","min5",1500,4.93194529653729,0.303295477768528
"Cluster","Cluster",746,"Train","Lasso","All_organs","0.05","nofilter",1500,0.414760732561139,0.997864017736459
"Cluster","Cluster",746,"Validation","Lasso","All_organs","0.05","nofilter",1500,4.67988461929418,0.219990751318641
"Cluster","Cluster",747,"Train","Lasso","All_organs","0.1","min10",1500,4.89430165269488,0.159654865179915
"Cluster","Cluster",747,"Validation","Lasso","All_organs","0.1","min10",1500,5.8402026789267,0.281823394500209
"Cluster","Cluster",748,"Train","Lasso","All_organs","0.1","min20",1500,5.12671599532185,0.0312079748715403
"Cluster","Cluster",748,"Validation","Lasso","All_organs","0.1","min20",1500,6.06420223084346,0.132877262966413
"Cluster","Cluster",749,"Train","Lasso","All_organs","0.1","min5",1500,1.28269606942282,0.981245895186477
"Cluster","Cluster",749,"Validation","Lasso","All_organs","0.1","min5",1500,5.1350366547916,0.261749712770129
"Cluster","Cluster",750,"Train","Lasso","All_organs","0.1","nofilter",1500,1.3186470185919,0.979400825138209
"Cluster","Cluster",750,"Validation","Lasso","All_organs","0.1","nofilter",1500,4.96241383999544,0.266303102880227
"Cluster","Cluster",751,"Train","Lasso","All_organs","0.2","min10",1500,4.4269554395425,0.511800268714758
"Cluster","Cluster",751,"Validation","Lasso","All_organs","0.2","min10",1500,5.45921706359687,0.267004926833782
"Cluster","Cluster",752,"Train","Lasso","All_organs","0.2","min20",1500,4.98623534988715,0.119969845987805
"Cluster","Cluster",752,"Validation","Lasso","All_organs","0.2","min20",1500,5.68419872259252,0.178435964357611
"Cluster","Cluster",753,"Train","Lasso","All_organs","0.2","min5",1500,4.69156875777074,0.461208676144597
"Cluster","Cluster",753,"Validation","Lasso","All_organs","0.2","min5",1500,5.55630186140886,0.226229585092398
"Cluster","Cluster",754,"Train","Lasso","All_organs","0.2","nofilter",1500,4.76836801798,0.349322494249093
"Cluster","Cluster",754,"Validation","Lasso","All_organs","0.2","nofilter",1500,5.00525336935878,0.388977061252689
"Cluster","Cluster",755,"Train","Lasso","All_organs","0.3","min10",1500,4.4269554395425,0.511800268714758
"Cluster","Cluster",755,"Validation","Lasso","All_organs","0.3","min10",1500,5.45921706359687,0.267004926833782
"Cluster","Cluster",756,"Train","Lasso","All_organs","0.3","min20",1500,4.98623534988715,0.119969845987805
"Cluster","Cluster",756,"Validation","Lasso","All_organs","0.3","min20",1500,5.68419872259252,0.178435964357611
"Cluster","Cluster",757,"Train","Lasso","All_organs","0.3","min5",1500,4.69156875777074,0.461208676144597
"Cluster","Cluster",757,"Validation","Lasso","All_organs","0.3","min5",1500,5.55630186140886,0.226229585092398
"Cluster","Cluster",758,"Train","Lasso","All_organs","0.3","nofilter",1500,4.76836801798,0.349322494249093
"Cluster","Cluster",758,"Validation","Lasso","All_organs","0.3","nofilter",1500,5.00525336935878,0.388977061252689
"Cluster","Cluster",759,"Train","Lasso","All_organs","nofilter","min10",1500,3.45517186686252,0.812780032905928
"Cluster","Cluster",759,"Validation","Lasso","All_organs","nofilter","min10",1500,4.74527974749175,0.331844001197517
"Cluster","Cluster",760,"Train","Lasso","All_organs","nofilter","min20",1500,5.1113898371816,0.247162145931002
"Cluster","Cluster",760,"Validation","Lasso","All_organs","nofilter","min20",1500,6.78652069144913,0.314786023267905
"Cluster","Cluster",761,"Train","Lasso","All_organs","0.05","min10",2000,4.6203054477451,0.445541955164712
"Cluster","Cluster",761,"Validation","Lasso","All_organs","0.05","min10",2000,4.7010262730105,0.476011254294492
"Cluster","Cluster",762,"Train","Lasso","All_organs","0.05","min20",2000,3.64999573736058,0.600719197020527
"Cluster","Cluster",762,"Validation","Lasso","All_organs","0.05","min20",2000,5.06371375699437,0.214975995819539
"Cluster","Cluster",763,"Train","Lasso","All_organs","0.05","min5",2000,5.14294360104649,0.185644134675502
"Cluster","Cluster",763,"Validation","Lasso","All_organs","0.05","min5",2000,4.75197271122611,0.431631899666845
"Cluster","Cluster",764,"Train","Lasso","All_organs","0.05","nofilter",2000,2.66907645185292,0.913564125921087
"Cluster","Cluster",764,"Validation","Lasso","All_organs","0.05","nofilter",2000,4.22608278245676,0.354753035369753
"Cluster","Cluster",765,"Train","Lasso","All_organs","0.1","min10",2000,5.23230769230769,0.0418295235529397
"Cluster","Cluster",765,"Validation","Lasso","All_organs","0.1","min10",2000,5.98497797579326,0.257991163175709
"Cluster","Cluster",766,"Train","Lasso","All_organs","0.1","min20",2000,5.04869909693152,0.0951532550922065
"Cluster","Cluster",766,"Validation","Lasso","All_organs","0.1","min20",2000,5.49880117213418,0.155611813042766
"Cluster","Cluster",767,"Train","Lasso","All_organs","0.1","min5",2000,5.19606147277561,0.115657932753896
"Cluster","Cluster",767,"Validation","Lasso","All_organs","0.1","min5",2000,6.25868671850437,0.324554248830201
"Cluster","Cluster",768,"Train","Lasso","All_organs","0.1","nofilter",2000,4.97954249301762,0.216486061828619
"Cluster","Cluster",768,"Validation","Lasso","All_organs","0.1","nofilter",2000,4.13014566761457,0.450532582109764
"Cluster","Cluster",769,"Train","Lasso","All_organs","0.2","min10",2000,5.23230769230769,0.0418295235529397
"Cluster","Cluster",769,"Validation","Lasso","All_organs","0.2","min10",2000,5.46783799093454,0.0743974028384867
"Cluster","Cluster",770,"Train","Lasso","All_organs","0.2","min20",2000,5.04869909693152,0.0951532550922065
"Cluster","Cluster",770,"Validation","Lasso","All_organs","0.2","min20",2000,5.49880117213418,0.155611813042766
"Cluster","Cluster",771,"Train","Lasso","All_organs","0.2","min5",2000,4.779664852725,0.420896644956132
"Cluster","Cluster",771,"Validation","Lasso","All_organs","0.2","min5",2000,5.310083974093,0.305757555876042
"Cluster","Cluster",772,"Train","Lasso","All_organs","0.2","nofilter",2000,4.32805900240181,0.602443252076472
"Cluster","Cluster",772,"Validation","Lasso","All_organs","0.2","nofilter",2000,5.25901881187519,0.370173720545283
"Cluster","Cluster",773,"Train","Lasso","All_organs","0.3","min10",2000,5.23230769230769,0.0418295235529397
"Cluster","Cluster",773,"Validation","Lasso","All_organs","0.3","min10",2000,5.46783799093454,0.0743974028384867
"Cluster","Cluster",774,"Train","Lasso","All_organs","0.3","min20",2000,5.04869909693152,0.0951532550922065
"Cluster","Cluster",774,"Validation","Lasso","All_organs","0.3","min20",2000,5.49880117213418,0.155611813042766
"Cluster","Cluster",775,"Train","Lasso","All_organs","0.3","min5",2000,4.779664852725,0.420896644956132
"Cluster","Cluster",775,"Validation","Lasso","All_organs","0.3","min5",2000,5.310083974093,0.305757555876042
"Cluster","Cluster",776,"Train","Lasso","All_organs","0.3","nofilter",2000,4.32805900240181,0.602443252076472
"Cluster","Cluster",776,"Validation","Lasso","All_organs","0.3","nofilter",2000,5.25901881187519,0.370173720545283
"Cluster","Cluster",777,"Train","Lasso","All_organs","nofilter","min10",2000,2.81151254409405,0.909875481403491
"Cluster","Cluster",777,"Validation","Lasso","All_organs","nofilter","min10",2000,5.08342797826358,0.405163392029515
"Cluster","Cluster",778,"Train","Lasso","All_organs","nofilter","min20",2000,4.43527906924314,0.542510797282215
"Cluster","Cluster",778,"Validation","Lasso","All_organs","nofilter","min20",2000,4.72546730611292,0.210197740658267
"Cluster","Cluster",779,"Train","Lasso","All_organs","0.05","min10",22500,2.77795693492012,0.883973971743329
"Cluster","Cluster",779,"Validation","Lasso","All_organs","0.05","min10",22500,4.24662372781947,0.428619755302715
"Cluster","Cluster",780,"Train","Lasso","All_organs","0.05","min20",22500,3.7983763041104,0.685694102572335
"Cluster","Cluster",780,"Validation","Lasso","All_organs","0.05","min20",22500,5.95902020520416,0.247208134854794
"Cluster","Cluster",781,"Train","Lasso","All_organs","0.1","min10",22500,4.35442011660781,0.561062405909684
"Cluster","Cluster",781,"Validation","Lasso","All_organs","0.1","min10",22500,5.83253972588697,0.356105405095604
"Cluster","Cluster",782,"Train","Lasso","All_organs","0.1","min20",22500,4.27648007993485,0.558826059683075
"Cluster","Cluster",782,"Validation","Lasso","All_organs","0.1","min20",22500,5.65507457729591,0.143241295819335
"Cluster","Cluster",783,"Train","Lasso","All_organs","0.1","min5",22500,3.94651956333936,0.765951428786043
"Cluster","Cluster",783,"Validation","Lasso","All_organs","0.1","min5",22500,5.01061537714781,0.332901274818493
"Cluster","Cluster",784,"Train","Lasso","All_organs","0.1","nofilter",22500,0.377616192390454,0.998865345520323
"Cluster","Cluster",784,"Validation","Lasso","All_organs","0.1","nofilter",22500,5.07129623933429,0.222615759300342
"Cluster","Cluster",785,"Train","Lasso","All_organs","0.2","min10",22500,4.59563536594275,0.411496252024145
"Cluster","Cluster",785,"Validation","Lasso","All_organs","0.2","min10",22500,5.04511421069268,0.227470235606446
"Cluster","Cluster",786,"Train","Lasso","All_organs","0.2","min20",22500,4.27648007993485,0.558826059683075
"Cluster","Cluster",786,"Validation","Lasso","All_organs","0.2","min20",22500,5.65507457729591,0.143241295819335
"Cluster","Cluster",787,"Train","Lasso","All_organs","0.2","min5",22500,5.14123012185247,0.137591338650829
"Cluster","Cluster",787,"Validation","Lasso","All_organs","0.2","min5",22500,4.99340238747715,0.295572880625457
"Cluster","Cluster",788,"Train","Lasso","All_organs","0.2","nofilter",22500,4.85471591070846,0.312666000970119
"Cluster","Cluster",788,"Validation","Lasso","All_organs","0.2","nofilter",22500,5.2044215575089,0.422893684702452
"Cluster","Cluster",789,"Train","Lasso","All_organs","0.3","min10",22500,4.59563536594275,0.411496252024145
"Cluster","Cluster",789,"Validation","Lasso","All_organs","0.3","min10",22500,5.04511421069268,0.227470235606446
"Cluster","Cluster",790,"Train","Lasso","All_organs","0.3","min20",22500,4.27648007993485,0.558826059683075
"Cluster","Cluster",790,"Validation","Lasso","All_organs","0.3","min20",22500,5.65507457729591,0.143241295819335
"Cluster","Cluster",791,"Train","Lasso","All_organs","0.3","min5",22500,4.9786479157597,0.419852023764437
"Cluster","Cluster",791,"Validation","Lasso","All_organs","0.3","min5",22500,5.19980903797794,0.237523378126758
"Cluster","Cluster",792,"Train","Lasso","All_organs","0.3","nofilter",22500,3.08951103704576,0.882028452885496
"Cluster","Cluster",792,"Validation","Lasso","All_organs","0.3","nofilter",22500,5.3148509375299,0.335412941555283
"Cluster","Cluster",793,"Train","Lasso","All_organs","nofilter","min20",22500,4.5408659094955,0.536807626234113
"Cluster","Cluster",793,"Validation","Lasso","All_organs","nofilter","min20",22500,3.93774456598978,0.37988021605476
"Cluster","Cluster",794,"Train","Lasso","All_organs","0.05","min10",3000,4.43414282072033,0.485220206393649
"Cluster","Cluster",794,"Validation","Lasso","All_organs","0.05","min10",3000,4.48735225121962,0.489218741750869
"Cluster","Cluster",795,"Train","Lasso","All_organs","0.05","min20",3000,4.33978814423912,0.412763723558446
"Cluster","Cluster",795,"Validation","Lasso","All_organs","0.05","min20",3000,5.15956879438081,0.333194967504567
"Cluster","Cluster",796,"Train","Lasso","All_organs","0.05","min5",3000,2.47785183369816,0.927264563856853
"Cluster","Cluster",796,"Validation","Lasso","All_organs","0.05","min5",3000,4.09487920261376,0.342698614882904
"Cluster","Cluster",797,"Train","Lasso","All_organs","0.05","nofilter",3000,0.173116581044261,0.999763521022821
"Cluster","Cluster",797,"Validation","Lasso","All_organs","0.05","nofilter",3000,4.83955716647089,0.179411192481378
"Cluster","Cluster",798,"Train","Lasso","All_organs","0.1","min10",3000,4.29661609580914,0.507856480187962
"Cluster","Cluster",798,"Validation","Lasso","All_organs","0.1","min10",3000,5.02444678952241,0.329358888692216
"Cluster","Cluster",799,"Train","Lasso","All_organs","0.1","min20",3000,4.98934947299601,0.191513465406075
"Cluster","Cluster",799,"Validation","Lasso","All_organs","0.1","min20",3000,5.57156673087915,0.127623156746734
"Cluster","Cluster",800,"Train","Lasso","All_organs","0.1","min5",3000,0.428414671462195,0.998137521371935
"Cluster","Cluster",800,"Validation","Lasso","All_organs","0.1","min5",3000,4.50803862512563,0.416329799296638
"Cluster","Cluster",801,"Train","Lasso","All_organs","0.1","nofilter",3000,2.87375613151868,0.882591348039105
"Cluster","Cluster",801,"Validation","Lasso","All_organs","0.1","nofilter",3000,5.88279964704846,0.289923003635324
"Cluster","Cluster",802,"Train","Lasso","All_organs","0.2","min10",3000,5.04367873136842,0.216327439197727
"Cluster","Cluster",802,"Validation","Lasso","All_organs","0.2","min10",3000,5.28988704965896,0.175394535577037
"Cluster","Cluster",803,"Train","Lasso","All_organs","0.2","min20",3000,4.98934947299601,0.191513465406075
"Cluster","Cluster",803,"Validation","Lasso","All_organs","0.2","min20",3000,5.57156673087915,0.127623156746734
"Cluster","Cluster",804,"Train","Lasso","All_organs","0.2","min5",3000,4.82717386687452,0.348271305229926
"Cluster","Cluster",804,"Validation","Lasso","All_organs","0.2","min5",3000,5.15556182843761,0.289793413889931
"Cluster","Cluster",805,"Train","Lasso","All_organs","0.2","nofilter",3000,4.6902515196113,0.447083014830383
"Cluster","Cluster",805,"Validation","Lasso","All_organs","0.2","nofilter",3000,5.11236911674721,0.409338827065102
"Cluster","Cluster",806,"Train","Lasso","All_organs","0.3","min10",3000,5.04367873136842,0.216327439197727
"Cluster","Cluster",806,"Validation","Lasso","All_organs","0.3","min10",3000,5.28988704965896,0.175394535577037
"Cluster","Cluster",807,"Train","Lasso","All_organs","0.3","min20",3000,4.98934947299601,0.191513465406075
"Cluster","Cluster",807,"Validation","Lasso","All_organs","0.3","min20",3000,5.57156673087915,0.127623156746734
"Cluster","Cluster",808,"Train","Lasso","All_organs","0.3","min5",3000,4.82717386687452,0.348271305229926
"Cluster","Cluster",808,"Validation","Lasso","All_organs","0.3","min5",3000,5.15556182843761,0.289793413889931
"Cluster","Cluster",809,"Train","Lasso","All_organs","0.3","nofilter",3000,4.6902515196113,0.447083014830383
"Cluster","Cluster",809,"Validation","Lasso","All_organs","0.3","nofilter",3000,5.11236911674721,0.409338827065102
"Cluster","Cluster",810,"Train","Lasso","All_organs","nofilter","min10",3000,3.07055924183462,0.856592194508275
"Cluster","Cluster",810,"Validation","Lasso","All_organs","nofilter","min10",3000,4.82292416323297,0.433113736977159
"Cluster","Cluster",811,"Train","Lasso","All_organs","nofilter","min20",3000,2.60446699672442,0.893285372226578
"Cluster","Cluster",811,"Validation","Lasso","All_organs","nofilter","min20",3000,4.8204258617244,0.291999754318113
"Cluster","Cluster",812,"Train","Lasso","All_organs","0.05","min10",50,3.73100238079504,0.589854684556
"Cluster","Cluster",812,"Validation","Lasso","All_organs","0.05","min10",50,6.92201567676991,0.364937067321312
"Cluster","Cluster",813,"Train","Lasso","All_organs","0.05","min20",50,3.83834733005534,0.484950731483722
"Cluster","Cluster",813,"Validation","Lasso","All_organs","0.05","min20",50,5.25337488869652,0.296291962004213
"Cluster","Cluster",814,"Train","Lasso","All_organs","0.05","min5",50,1.65196479491327,0.947693836058216
"Cluster","Cluster",814,"Validation","Lasso","All_organs","0.05","min5",50,4.10864279263598,0.42227774573526
"Cluster","Cluster",815,"Train","Lasso","All_organs","0.05","nofilter",50,1.03080011142495,0.975549552688792
"Cluster","Cluster",815,"Validation","Lasso","All_organs","0.05","nofilter",50,4.21408187136251,0.341675427510389
"Cluster","Cluster",816,"Train","Lasso","All_organs","0.1","min10",50,3.51889823420678,0.549812354854486
"Cluster","Cluster",816,"Validation","Lasso","All_organs","0.1","min10",50,5.95776778681825,0.277530282935657
"Cluster","Cluster",817,"Train","Lasso","All_organs","0.1","min20",50,5.18101469237833,0.0174369237758787
"Cluster","Cluster",817,"Validation","Lasso","All_organs","0.1","min20",50,5.68986433679608,0.146048378828895
"Cluster","Cluster",818,"Train","Lasso","All_organs","0.1","min5",50,3.95980243197071,0.49094351322607
"Cluster","Cluster",818,"Validation","Lasso","All_organs","0.1","min5",50,4.79688266388337,0.262219263988116
"Cluster","Cluster",819,"Train","Lasso","All_organs","0.1","nofilter",50,3.65011688867277,0.577165761005526
"Cluster","Cluster",819,"Validation","Lasso","All_organs","0.1","nofilter",50,4.22540991035956,0.3027263461449
"Cluster","Cluster",820,"Train","Lasso","All_organs","0.2","min10",50,3.76285914900204,0.515506483213973
"Cluster","Cluster",820,"Validation","Lasso","All_organs","0.2","min10",50,5.66449589362762,0.252701070963714
"Cluster","Cluster",821,"Train","Lasso","All_organs","0.2","min20",50,5.18101469237833,0.0174369237758787
"Cluster","Cluster",821,"Validation","Lasso","All_organs","0.2","min20",50,5.68986433679608,0.146048378828895
"Cluster","Cluster",822,"Train","Lasso","All_organs","0.2","min5",50,4.96818266376792,0.245333269568936
"Cluster","Cluster",822,"Validation","Lasso","All_organs","0.2","min5",50,5.10448424379603,0.228348465985835
"Cluster","Cluster",823,"Train","Lasso","All_organs","0.2","nofilter",50,5.18718830188231,0.105440861377807
"Cluster","Cluster",823,"Validation","Lasso","All_organs","0.2","nofilter",50,6.03318429023606,0.214243419449115
"Cluster","Cluster",824,"Train","Lasso","All_organs","0.3","min10",50,3.76285914900204,0.515506483213973
"Cluster","Cluster",824,"Validation","Lasso","All_organs","0.3","min10",50,5.66449589362762,0.252701070963714
"Cluster","Cluster",825,"Train","Lasso","All_organs","0.3","min20",50,5.18101469237833,0.0174369237758787
"Cluster","Cluster",825,"Validation","Lasso","All_organs","0.3","min20",50,5.68986433679608,0.146048378828895
"Cluster","Cluster",826,"Train","Lasso","All_organs","0.3","min5",50,4.96818266376792,0.245333269568936
"Cluster","Cluster",826,"Validation","Lasso","All_organs","0.3","min5",50,5.10448424379603,0.228348465985835
"Cluster","Cluster",827,"Train","Lasso","All_organs","0.3","nofilter",50,5.18718830188231,0.105440861377807
"Cluster","Cluster",827,"Validation","Lasso","All_organs","0.3","nofilter",50,6.03318429023606,0.214243419449115
"Cluster","Cluster",828,"Train","Lasso","All_organs","nofilter","min10",50,3.12134108631624,0.8683978875463
"Cluster","Cluster",828,"Validation","Lasso","All_organs","nofilter","min10",50,4.72968522622043,0.397023973256321
"Cluster","Cluster",829,"Train","Lasso","All_organs","nofilter","min20",50,5.21976331360947,0.0955055340876699
"Cluster","Cluster",829,"Validation","Lasso","All_organs","nofilter","min20",50,5.14294372670373,0.370365127106803
"Cluster","Cluster",830,"Train","Lasso","All_organs","0.05","min10",500,4.57796808228086,0.395622185213481
"Cluster","Cluster",830,"Validation","Lasso","All_organs","0.05","min10",500,6.2292852295347,0.364855936906245
"Cluster","Cluster",831,"Train","Lasso","All_organs","0.05","min20",500,3.9804705769118,0.57307056632566
"Cluster","Cluster",831,"Validation","Lasso","All_organs","0.05","min20",500,6.30292597569443,0.198993706942232
"Cluster","Cluster",832,"Train","Lasso","All_organs","0.05","min5",500,0.173740386701327,0.999699994455904
"Cluster","Cluster",832,"Validation","Lasso","All_organs","0.05","min5",500,4.74474294294856,0.3935673052459
"Cluster","Cluster",833,"Train","Lasso","All_organs","0.05","nofilter",500,0.168797277215471,0.999739625066322
"Cluster","Cluster",833,"Validation","Lasso","All_organs","0.05","nofilter",500,7.89363794825473,0.260220352331026
"Cluster","Cluster",834,"Train","Lasso","All_organs","0.1","min10",500,4.65456010653392,0.308466858780871
"Cluster","Cluster",834,"Validation","Lasso","All_organs","0.1","min10",500,5.13496326633706,0.299225577473771
"Cluster","Cluster",835,"Train","Lasso","All_organs","0.1","min20",500,4.65439670993389,0.312630558737812
"Cluster","Cluster",835,"Validation","Lasso","All_organs","0.1","min20",500,5.35022943091318,0.14980742970574
"Cluster","Cluster",836,"Train","Lasso","All_organs","0.1","min5",500,3.00072483960553,0.854934504160962
"Cluster","Cluster",836,"Validation","Lasso","All_organs","0.1","min5",500,4.08086039323937,0.454350475784772
"Cluster","Cluster",837,"Train","Lasso","All_organs","0.1","nofilter",500,3.92165345091606,0.687448644931257
"Cluster","Cluster",837,"Validation","Lasso","All_organs","0.1","nofilter",500,5.15237493939035,0.289495377729028
"Cluster","Cluster",838,"Train","Lasso","All_organs","0.2","min10",500,3.9291656746792,0.636785994125607
"Cluster","Cluster",838,"Validation","Lasso","All_organs","0.2","min10",500,5.73694572841926,0.115436235679776
"Cluster","Cluster",839,"Train","Lasso","All_organs","0.2","min20",500,4.65439670993389,0.312630558737812
"Cluster","Cluster",839,"Validation","Lasso","All_organs","0.2","min20",500,5.35022943091318,0.14980742970574
"Cluster","Cluster",840,"Train","Lasso","All_organs","0.2","min5",500,4.48750360469126,0.603776291746368
"Cluster","Cluster",840,"Validation","Lasso","All_organs","0.2","min5",500,5.26150927788129,0.337329804595327
"Cluster","Cluster",841,"Train","Lasso","All_organs","0.2","nofilter",500,4.63356409188532,0.51507437162398
"Cluster","Cluster",841,"Validation","Lasso","All_organs","0.2","nofilter",500,5.22310439296192,0.306642949311871
"Cluster","Cluster",842,"Train","Lasso","All_organs","0.3","min10",500,3.9291656746792,0.636785994125607
"Cluster","Cluster",842,"Validation","Lasso","All_organs","0.3","min10",500,5.73694572841926,0.115436235679776
"Cluster","Cluster",843,"Train","Lasso","All_organs","0.3","min20",500,4.65439670993389,0.312630558737812
"Cluster","Cluster",843,"Validation","Lasso","All_organs","0.3","min20",500,5.35022943091318,0.14980742970574
"Cluster","Cluster",844,"Train","Lasso","All_organs","0.3","min5",500,4.48750360469126,0.603776291746368
"Cluster","Cluster",844,"Validation","Lasso","All_organs","0.3","min5",500,5.26150927788129,0.337329804595327
"Cluster","Cluster",845,"Train","Lasso","All_organs","0.3","nofilter",500,4.63356409188532,0.51507437162398
"Cluster","Cluster",845,"Validation","Lasso","All_organs","0.3","nofilter",500,5.22310439296192,0.306642949311871
"Cluster","Cluster",846,"Train","Lasso","All_organs","nofilter","min10",500,3.5510445641879,0.728054585752183
"Cluster","Cluster",846,"Validation","Lasso","All_organs","nofilter","min10",500,5.12206654504183,0.48999114881812
"Cluster","Cluster",847,"Train","Lasso","All_organs","nofilter","min20",500,2.38529925184106,0.900907545994492
"Cluster","Cluster",847,"Validation","Lasso","All_organs","nofilter","min20",500,6.47102689422132,0.168960871287855
"Cluster","Cluster",848,"Train","Lasso","All_organs","0.05","min10",750,3.30865573389716,0.74650058684418
"Cluster","Cluster",848,"Validation","Lasso","All_organs","0.05","min10",750,4.33753220297618,0.344914208670461
"Cluster","Cluster",849,"Train","Lasso","All_organs","0.05","min20",750,4.65842197731305,0.355837656792525
"Cluster","Cluster",849,"Validation","Lasso","All_organs","0.05","min20",750,6.15190349419514,0.205168984078527
"Cluster","Cluster",850,"Train","Lasso","All_organs","0.05","min5",750,3.29239576305267,0.823112278037582
"Cluster","Cluster",850,"Validation","Lasso","All_organs","0.05","min5",750,4.57390853101445,0.194025928891459
"Cluster","Cluster",851,"Train","Lasso","All_organs","0.05","nofilter",750,0.963216785634184,0.989500746980816
"Cluster","Cluster",851,"Validation","Lasso","All_organs","0.05","nofilter",750,4.52951840427814,0.333834651525231
"Cluster","Cluster",852,"Train","Lasso","All_organs","0.1","min10",750,5.06937078501694,0.125828399037572
"Cluster","Cluster",852,"Validation","Lasso","All_organs","0.1","min10",750,6.0675966173519,0.282879252677806
"Cluster","Cluster",853,"Train","Lasso","All_organs","0.1","min20",750,5.12475509434653,0.0849532390264334
"Cluster","Cluster",853,"Validation","Lasso","All_organs","0.1","min20",750,5.55202600933392,0.0220026131437757
"Cluster","Cluster",854,"Train","Lasso","All_organs","0.1","min5",750,1.54963105877565,0.973650192212843
"Cluster","Cluster",854,"Validation","Lasso","All_organs","0.1","min5",750,6.91581969014732,0.331753795905087
"Cluster","Cluster",855,"Train","Lasso","All_organs","0.1","nofilter",750,2.59512107120554,0.912811707128734
"Cluster","Cluster",855,"Validation","Lasso","All_organs","0.1","nofilter",750,4.87035091693127,0.363697961487565
"Cluster","Cluster",856,"Train","Lasso","All_organs","0.2","min10",750,4.70042646275888,0.343833015641962
"Cluster","Cluster",856,"Validation","Lasso","All_organs","0.2","min10",750,5.35981548785797,0.0982022389485803
"Cluster","Cluster",857,"Train","Lasso","All_organs","0.2","min20",750,5.13672005471887,0.0727196486686615
"Cluster","Cluster",857,"Validation","Lasso","All_organs","0.2","min20",750,5.87260856473363,0.0684611410632228
"Cluster","Cluster",858,"Train","Lasso","All_organs","0.2","min5",750,4.51698995643486,0.484437495724589
"Cluster","Cluster",858,"Validation","Lasso","All_organs","0.2","min5",750,5.23682022577839,0.263053383537235
"Cluster","Cluster",859,"Train","Lasso","All_organs","0.2","nofilter",750,4.11338344534615,0.694377848709913
"Cluster","Cluster",859,"Validation","Lasso","All_organs","0.2","nofilter",750,5.14153370568414,0.428138686988759
"Cluster","Cluster",860,"Train","Lasso","All_organs","0.3","min10",750,4.70042646275888,0.343833015641962
"Cluster","Cluster",860,"Validation","Lasso","All_organs","0.3","min10",750,5.35981548785797,0.0982022389485803
"Cluster","Cluster",861,"Train","Lasso","All_organs","0.3","min20",750,5.13672005471887,0.0727196486686615
"Cluster","Cluster",861,"Validation","Lasso","All_organs","0.3","min20",750,5.87260856473363,0.0684611410632228
"Cluster","Cluster",862,"Train","Lasso","All_organs","0.3","min5",750,4.51698995643486,0.484437495724589
"Cluster","Cluster",862,"Validation","Lasso","All_organs","0.3","min5",750,5.23682022577839,0.263053383537235
"Cluster","Cluster",863,"Train","Lasso","All_organs","0.3","nofilter",750,4.11338344534615,0.694377848709913
"Cluster","Cluster",863,"Validation","Lasso","All_organs","0.3","nofilter",750,5.14153370568414,0.428138686988759
"Cluster","Cluster",864,"Train","Lasso","All_organs","nofilter","min10",750,0.174162904621305,0.999649007172649
"Cluster","Cluster",864,"Validation","Lasso","All_organs","nofilter","min10",750,4.84876600402398,0.329873132951049
"Cluster","Cluster",865,"Train","Lasso","All_organs","nofilter","min20",750,3.24075793496365,0.827984902512744
"Cluster","Cluster",865,"Validation","Lasso","All_organs","nofilter","min20",750,4.7874202279005,0.31082322957237
"Cluster","Cluster",866,"Train","Lasso","Brain","0.05","min10",100,3.64146215392101,0.847374808053238
"Cluster","Cluster",866,"Validation","Lasso","Brain","0.05","min10",100,4.80207126522484,0.693566397991561
"Cluster","Cluster",867,"Train","Lasso","Brain","0.05","min20",100,5.20750113620538,0.312427191131261
"Cluster","Cluster",867,"Validation","Lasso","Brain","0.05","min20",100,5.37971219414948,0.302810098159546
"Cluster","Cluster",868,"Train","Lasso","Brain","0.05","min5",100,4.00738233014098,0.791108351814662
"Cluster","Cluster",868,"Validation","Lasso","Brain","0.05","min5",100,4.10347670153634,0.499139431299128
"Cluster","Cluster",869,"Train","Lasso","Brain","0.05","nofilter",100,1.82281038569177,0.971214912872329
"Cluster","Cluster",869,"Validation","Lasso","Brain","0.05","nofilter",100,3.52051295545135,0.583768847475869
"Cluster","Cluster",870,"Train","Lasso","Brain","0.1","min10",100,1.44684456253299,0.956960946988544
"Cluster","Cluster",870,"Validation","Lasso","Brain","0.1","min10",100,2.52162447476981,0.774893980262117
"Cluster","Cluster",871,"Train","Lasso","Brain","0.1","min20",100,2.92305082629943,0.859581893494019
"Cluster","Cluster",871,"Validation","Lasso","Brain","0.1","min20",100,3.30703193727843,0.613169159191707
"Cluster","Cluster",872,"Train","Lasso","Brain","0.1","min5",100,0.618318345192367,0.996766390399487
"Cluster","Cluster",872,"Validation","Lasso","Brain","0.1","min5",100,3.64886802890716,0.617340004439841
"Cluster","Cluster",873,"Train","Lasso","Brain","0.1","nofilter",100,0.329615815041356,0.999083924807078
"Cluster","Cluster",873,"Validation","Lasso","Brain","0.1","nofilter",100,4.70113881116176,0.830514856340858
"Cluster","Cluster",874,"Train","Lasso","Brain","0.2","min10",100,3.44237583009083,0.67756886222656
"Cluster","Cluster",874,"Validation","Lasso","Brain","0.2","min10",100,4.81732308452066,0.754373431403561
"Cluster","Cluster",875,"Train","Lasso","Brain","0.2","min20",100,3.67539194844169,0.60036398196227
"Cluster","Cluster",875,"Validation","Lasso","Brain","0.2","min20",100,5.03784604127832,0.497442208528863
"Cluster","Cluster",876,"Train","Lasso","Brain","0.2","min5",100,5.25206611570248,0.202679343860415
"Cluster","Cluster",876,"Validation","Lasso","Brain","0.2","min5",100,4.95095679269049,0.611987090850258
"Cluster","Cluster",877,"Train","Lasso","Brain","0.2","nofilter",100,5.25206611570248,0.0841229975120136
"Cluster","Cluster",877,"Validation","Lasso","Brain","0.2","nofilter",100,5.15507194180799,0.382245374118887
"Cluster","Cluster",878,"Train","Lasso","Brain","0.3","min10",100,5.18539028592885,0.166076040433919
"Cluster","Cluster",878,"Validation","Lasso","Brain","0.3","min10",100,5.61966404458895,0.260390579490342
"Cluster","Cluster",879,"Train","Lasso","Brain","0.3","min20",100,5.25206611570248,0.0760047539476558
"Cluster","Cluster",879,"Validation","Lasso","Brain","0.3","min20",100,5.78692382966074,0.567941850797291
"Cluster","Cluster",880,"Train","Lasso","Brain","0.3","min5",100,5.25206611570248,0.171021489265525
"Cluster","Cluster",880,"Validation","Lasso","Brain","0.3","min5",100,5.16722296172903,0.431154216471539
"Cluster","Cluster",881,"Train","Lasso","Brain","0.3","nofilter",100,4.7047780791527,0.504253898780318
"Cluster","Cluster",881,"Validation","Lasso","Brain","0.3","nofilter",100,5.21651783315674,0.430781055828607
"Cluster","Cluster",882,"Train","Lasso","Brain","nofilter","min10",100,2.76115575254463,0.938556584482638
"Cluster","Cluster",882,"Validation","Lasso","Brain","nofilter","min10",100,4.42015205978202,0.440390580179873
"Cluster","Cluster",883,"Train","Lasso","Brain","nofilter","min20",100,5.23648381922929,0.436311538176837
"Cluster","Cluster",883,"Validation","Lasso","Brain","nofilter","min20",100,5.47275139577845,0.395752516030421
"Cluster","Cluster",884,"Train","Lasso","Brain","nofilter","min5",100,3.09425700307576,0.929566259122489
"Cluster","Cluster",884,"Validation","Lasso","Brain","nofilter","min5",100,5.13314375468276,0.312708635017185
"Cluster","Cluster",885,"Train","Lasso","Brain","nofilter","nofilter",100,1.46731483464692,0.989694614020367
"Cluster","Cluster",885,"Validation","Lasso","Brain","nofilter","nofilter",100,4.73340869517912,0.107843562313596
"Cluster","Cluster",886,"Train","Lasso","Brain","0.05","min10",1000,5.25206611570248,0.132013469518358
"Cluster","Cluster",886,"Validation","Lasso","Brain","0.05","min10",1000,6.62833315198291,0.446494155036472
"Cluster","Cluster",887,"Train","Lasso","Brain","0.05","min20",1000,1.42859690171084,0.980168138539976
"Cluster","Cluster",887,"Validation","Lasso","Brain","0.05","min20",1000,8.41705370993026,0.428752992709271
"Cluster","Cluster",888,"Train","Lasso","Brain","0.05","min5",1000,5.07988619009719,0.431838119680811
"Cluster","Cluster",888,"Validation","Lasso","Brain","0.05","min5",1000,3.31115567006294,0.549272832101742
"Cluster","Cluster",889,"Train","Lasso","Brain","0.05","nofilter",1000,4.64392632065539,0.581090563384811
"Cluster","Cluster",889,"Validation","Lasso","Brain","0.05","nofilter",1000,6.88588437560669,0.513555074042516
"Cluster","Cluster",890,"Train","Lasso","Brain","0.1","min10",1000,0.377404989839284,0.998694066146336
"Cluster","Cluster",890,"Validation","Lasso","Brain","0.1","min10",1000,3.8808872187946,0.359535926943976
"Cluster","Cluster",891,"Train","Lasso","Brain","0.1","min20",1000,4.77119460988207,0.385173080766974
"Cluster","Cluster",891,"Validation","Lasso","Brain","0.1","min20",1000,4.12975115682288,0.605407111830656
"Cluster","Cluster",892,"Train","Lasso","Brain","0.1","min5",1000,0.467774089477633,0.998629169186829
"Cluster","Cluster",892,"Validation","Lasso","Brain","0.1","min5",1000,5.02532042236547,0.446235006357776
"Cluster","Cluster",893,"Train","Lasso","Brain","0.1","nofilter",1000,0.170351332027315,0.999803498967638
"Cluster","Cluster",893,"Validation","Lasso","Brain","0.1","nofilter",1000,2.73897510028401,0.68502367214859
"Cluster","Cluster",894,"Train","Lasso","Brain","0.2","min10",1000,4.1145388472019,0.710888697454675
"Cluster","Cluster",894,"Validation","Lasso","Brain","0.2","min10",1000,5.2395637272193,0.730102515759794
"Cluster","Cluster",895,"Train","Lasso","Brain","0.2","min20",1000,4.20604114099189,0.584679523337529
"Cluster","Cluster",895,"Validation","Lasso","Brain","0.2","min20",1000,8.04070285606043,0.399103753207079
"Cluster","Cluster",896,"Train","Lasso","Brain","0.2","min5",1000,4.10978003742423,0.745930125752011
"Cluster","Cluster",896,"Validation","Lasso","Brain","0.2","min5",1000,6.28231317791253,0.535507702121586
"Cluster","Cluster",897,"Train","Lasso","Brain","0.2","nofilter",1000,4.88270639734624,0.452530421056784
"Cluster","Cluster",897,"Validation","Lasso","Brain","0.2","nofilter",1000,4.85893561594541,0.248027185825143
"Cluster","Cluster",898,"Train","Lasso","Brain","0.3","min10",1000,3.99174029916562,0.675334869123118
"Cluster","Cluster",898,"Validation","Lasso","Brain","0.3","min10",1000,8.01203914306777,0.574054485761616
"Cluster","Cluster",899,"Train","Lasso","Brain","0.3","min20",1000,4.71987755329519,0.52042700633554
"Cluster","Cluster",899,"Validation","Lasso","Brain","0.3","min20",1000,6.33968853793358,0.224568786561752
"Cluster","Cluster",900,"Train","Lasso","Brain","0.3","min5",1000,3.78789592590316,0.764877977562994
"Cluster","Cluster",900,"Validation","Lasso","Brain","0.3","min5",1000,6.8594005220622,0.409704103931958
"Cluster","Cluster",901,"Train","Lasso","Brain","0.3","nofilter",1000,2.79449820631101,0.897071500821235
"Cluster","Cluster",901,"Validation","Lasso","Brain","0.3","nofilter",1000,7.49358254411186,0.215544707275433
"Cluster","Cluster",902,"Train","Lasso","Brain","nofilter","min10",1000,5.17187516571794,0.353852847891043
"Cluster","Cluster",902,"Validation","Lasso","Brain","nofilter","min10",1000,3.24130061461939,0.539121781193361
"Cluster","Cluster",903,"Train","Lasso","Brain","nofilter","min20",1000,0.430098725764369,0.99931113149485
"Cluster","Cluster",903,"Validation","Lasso","Brain","nofilter","min20",1000,5.92072671604149,0.239137168950681
"Cluster","Cluster",904,"Train","Lasso","Brain","nofilter","min5",1000,2.0517828576277,0.978012545610999
"Cluster","Cluster",904,"Validation","Lasso","Brain","nofilter","min5",1000,7.57964632082978,0.299174624633306
"Cluster","Cluster",905,"Train","Lasso","Brain","0.05","min10",1500,5.25206611570248,0.207857303692266
"Cluster","Cluster",905,"Validation","Lasso","Brain","0.05","min10",1500,2.89954794213556,0.846378946266029
"Cluster","Cluster",906,"Train","Lasso","Brain","0.05","min20",1500,5.25206611570248,0.0985654353468197
"Cluster","Cluster",906,"Validation","Lasso","Brain","0.05","min20",1500,4.63292355829788,0.330170215344178
"Cluster","Cluster",907,"Train","Lasso","Brain","0.05","min5",1500,5.25206611570248,0.177888161462663
"Cluster","Cluster",907,"Validation","Lasso","Brain","0.05","min5",1500,7.12614036394661,0.768454489094288
"Cluster","Cluster",908,"Train","Lasso","Brain","0.05","nofilter",1500,0.169006927927096,0.999838309019115
"Cluster","Cluster",908,"Validation","Lasso","Brain","0.05","nofilter",1500,4.83022409481369,0.305713604403916
"Cluster","Cluster",909,"Train","Lasso","Brain","0.1","min10",1500,3.6931038392157,0.797087617138508
"Cluster","Cluster",909,"Validation","Lasso","Brain","0.1","min10",1500,3.95833261575469,0.72034416919135
"Cluster","Cluster",910,"Train","Lasso","Brain","0.1","min20",1500,5.25206611570248,0.142838604492887
"Cluster","Cluster",910,"Validation","Lasso","Brain","0.1","min20",1500,4.08114498862715,0.411652443500898
"Cluster","Cluster",911,"Train","Lasso","Brain","0.1","min5",1500,4.8767961924827,0.550682941906735
"Cluster","Cluster",911,"Validation","Lasso","Brain","0.1","min5",1500,3.83277334623021,0.57989778199285
"Cluster","Cluster",912,"Train","Lasso","Brain","0.1","nofilter",1500,0.185541283320001,0.999797666374555
"Cluster","Cluster",912,"Validation","Lasso","Brain","0.1","nofilter",1500,3.24542867567364,0.758250243055346
"Cluster","Cluster",913,"Train","Lasso","Brain","0.2","min10",1500,0.179901210538312,0.999747641568425
"Cluster","Cluster",913,"Validation","Lasso","Brain","0.2","min10",1500,5.33167393613268,0.535710240154529
"Cluster","Cluster",914,"Train","Lasso","Brain","0.2","min20",1500,5.25206611570248,0.096564561758148
"Cluster","Cluster",914,"Validation","Lasso","Brain","0.2","min20",1500,5.32372763095651,0.42769049676884
"Cluster","Cluster",915,"Train","Lasso","Brain","0.2","min5",1500,1.02072826232565,0.992637201468332
"Cluster","Cluster",915,"Validation","Lasso","Brain","0.2","min5",1500,5.2820474486107,0.537036118371101
"Cluster","Cluster",916,"Train","Lasso","Brain","0.2","nofilter",1500,5.25206611570248,0.200925817761954
"Cluster","Cluster",916,"Validation","Lasso","Brain","0.2","nofilter",1500,3.0794521481889,0.823965373102114
"Cluster","Cluster",917,"Train","Lasso","Brain","0.3","min10",1500,2.67254098240563,0.919549915033839
"Cluster","Cluster",917,"Validation","Lasso","Brain","0.3","min10",1500,5.3778371770222,0.369877049180328
"Cluster","Cluster",918,"Train","Lasso","Brain","0.3","min20",1500,4.01545707972928,0.613900135239382
"Cluster","Cluster",918,"Validation","Lasso","Brain","0.3","min20",1500,5.13232226457875,0.562296587904328
"Cluster","Cluster",919,"Train","Lasso","Brain","0.3","min5",1500,5.08067295354123,0.461516712213895
"Cluster","Cluster",919,"Validation","Lasso","Brain","0.3","min5",1500,5.40608265613309,0.57333901183955
"Cluster","Cluster",920,"Train","Lasso","Brain","0.3","nofilter",1500,5.25206611570248,0.12017731871899
"Cluster","Cluster",920,"Validation","Lasso","Brain","0.3","nofilter",1500,3.42505094592005,0.613937441056172
"Cluster","Cluster",921,"Train","Lasso","Brain","nofilter","min10",1500,5.25206611570248,0.222209947962783
"Cluster","Cluster",921,"Validation","Lasso","Brain","nofilter","min10",1500,4.00653422715019,0.533129810805356
"Cluster","Cluster",922,"Train","Lasso","Brain","nofilter","min20",1500,5.25206611570248,0.186907484815189
"Cluster","Cluster",922,"Validation","Lasso","Brain","nofilter","min20",1500,5.99726860413669,0.26590505326721
"Cluster","Cluster",923,"Train","Lasso","Brain","nofilter","min5",1500,4.56768195330925,0.679182431383117
"Cluster","Cluster",923,"Validation","Lasso","Brain","nofilter","min5",1500,6.54435041345675,0.471156539615414
"Cluster","Cluster",924,"Train","Lasso","Brain","nofilter","nofilter",1500,5.22891379924118,0.399146100698735
"Cluster","Cluster",924,"Validation","Lasso","Brain","nofilter","nofilter",1500,4.99213364946933,0.395177724070685
"Cluster","Cluster",925,"Train","Lasso","Brain","0.05","min10",2000,3.33829702676155,0.873663462769943
"Cluster","Cluster",925,"Validation","Lasso","Brain","0.05","min10",2000,4.34036227844617,0.270392713940574
"Cluster","Cluster",926,"Train","Lasso","Brain","0.05","min20",2000,5.09846826621385,0.363545456360789
"Cluster","Cluster",926,"Validation","Lasso","Brain","0.05","min20",2000,5.41722752066442,0.456607090240651
"Cluster","Cluster",927,"Train","Lasso","Brain","0.05","min5",2000,4.79398966713946,0.722104472519026
"Cluster","Cluster",927,"Validation","Lasso","Brain","0.05","min5",2000,5.35759322892112,0.510504106325345
"Cluster","Cluster",928,"Train","Lasso","Brain","0.05","nofilter",2000,5.25206611570248,0.32129536850471
"Cluster","Cluster",928,"Validation","Lasso","Brain","0.05","nofilter",2000,4.24999031365593,0.532311933958346
"Cluster","Cluster",929,"Train","Lasso","Brain","0.1","min10",2000,2.36959871191725,0.927517932316487
"Cluster","Cluster",929,"Validation","Lasso","Brain","0.1","min10",2000,2.87078557196178,0.730162061618867
"Cluster","Cluster",930,"Train","Lasso","Brain","0.1","min20",2000,0.275230479155592,0.999394108120091
"Cluster","Cluster",930,"Validation","Lasso","Brain","0.1","min20",2000,3.86594823055157,0.489015344694941
"Cluster","Cluster",931,"Train","Lasso","Brain","0.1","min5",2000,4.84024957801952,0.520650027643812
"Cluster","Cluster",931,"Validation","Lasso","Brain","0.1","min5",2000,6.27224366787492,0.352772710854755
"Cluster","Cluster",932,"Train","Lasso","Brain","0.1","nofilter",2000,0.29945862542752,0.999404659544128
"Cluster","Cluster",932,"Validation","Lasso","Brain","0.1","nofilter",2000,4.55025902448976,0.507587662142441
"Cluster","Cluster",933,"Train","Lasso","Brain","0.2","min10",2000,5.25206611570248,0.0472969541213577
"Cluster","Cluster",933,"Validation","Lasso","Brain","0.2","min10",2000,5.26058575513171,0.498446687190858
"Cluster","Cluster",934,"Train","Lasso","Brain","0.2","min20",2000,5.25206611570248,0.096564561758148
"Cluster","Cluster",934,"Validation","Lasso","Brain","0.2","min20",2000,5.32372763095651,0.42769049676884
"Cluster","Cluster",935,"Train","Lasso","Brain","0.2","min5",2000,5.25206611570248,0.217270263955833
"Cluster","Cluster",935,"Validation","Lasso","Brain","0.2","min5",2000,3.97179075886338,0.575828956010943
"Cluster","Cluster",936,"Train","Lasso","Brain","0.2","nofilter",2000,0.279094452475663,0.999583328597681
"Cluster","Cluster",936,"Validation","Lasso","Brain","0.2","nofilter",2000,5.06608358339907,0.592728986167985
"Cluster","Cluster",937,"Train","Lasso","Brain","0.3","min10",2000,5.25206611570248,0.170320949512524
"Cluster","Cluster",937,"Validation","Lasso","Brain","0.3","min10",2000,7.79238861874312,0.389503842106123
"Cluster","Cluster",938,"Train","Lasso","Brain","0.3","min20",2000,4.01545707972928,0.613900135239382
"Cluster","Cluster",938,"Validation","Lasso","Brain","0.3","min20",2000,5.13232226457875,0.562296587904328
"Cluster","Cluster",939,"Train","Lasso","Brain","0.3","min5",2000,4.32822477638651,0.745401339191964
"Cluster","Cluster",939,"Validation","Lasso","Brain","0.3","min5",2000,4.6178941900373,0.321246350218309
"Cluster","Cluster",940,"Train","Lasso","Brain","0.3","nofilter",2000,5.07614012660737,0.251867418540321
"Cluster","Cluster",940,"Validation","Lasso","Brain","0.3","nofilter",2000,5.23183487606934,0.582264066063298
"Cluster","Cluster",941,"Train","Lasso","Brain","nofilter","min10",2000,0.180751108641236,0.99986712827422
"Cluster","Cluster",941,"Validation","Lasso","Brain","nofilter","min10",2000,5.48021066234676,0.423430145137763
"Cluster","Cluster",942,"Train","Lasso","Brain","nofilter","min20",2000,3.35707631370878,0.867718815725029
"Cluster","Cluster",942,"Validation","Lasso","Brain","nofilter","min20",2000,7.05720060603062,0.393033599867717
"Cluster","Cluster",943,"Train","Lasso","Brain","nofilter","min5",2000,4.73769407860145,0.531285118153876
"Cluster","Cluster",943,"Validation","Lasso","Brain","nofilter","min5",2000,5.54088907633977,0.406898868828862
"Cluster","Cluster",944,"Train","Lasso","Brain","nofilter","nofilter",2000,5.25206611570248,0.283206950786145
"Cluster","Cluster",944,"Validation","Lasso","Brain","nofilter","nofilter",2000,4.76446816027591,0.269444482695271
"Cluster","Cluster",945,"Train","Lasso","Brain","0.05","min10",22500,0.167830668016178,0.999818367091527
"Cluster","Cluster",945,"Validation","Lasso","Brain","0.05","min10",22500,3.93975337743886,0.701362015567272
"Cluster","Cluster",946,"Train","Lasso","Brain","0.05","min20",22500,5.25206611570248,0.109952718380564
"Cluster","Cluster",946,"Validation","Lasso","Brain","0.05","min20",22500,4.20617766055118,0.581420426136987
"Cluster","Cluster",947,"Train","Lasso","Brain","0.05","min5",22500,1.15289816906197,0.993511032936949
"Cluster","Cluster",947,"Validation","Lasso","Brain","0.05","min5",22500,3.73452285823759,0.562416958453393
"Cluster","Cluster",948,"Train","Lasso","Brain","0.05","nofilter",22500,0.360995049831043,0.999414207695623
"Cluster","Cluster",948,"Validation","Lasso","Brain","0.05","nofilter",22500,4.08662841497484,0.579851886306604
"Cluster","Cluster",949,"Train","Lasso","Brain","0.1","min10",22500,0.774509096451158,0.995440048936395
"Cluster","Cluster",949,"Validation","Lasso","Brain","0.1","min10",22500,5.20917849185795,0.455818888497835
"Cluster","Cluster",950,"Train","Lasso","Brain","0.1","min20",22500,0.362338153385055,0.998998726780126
"Cluster","Cluster",950,"Validation","Lasso","Brain","0.1","min20",22500,4.52858493899084,0.187711127419837
"Cluster","Cluster",951,"Train","Lasso","Brain","0.1","min5",22500,1.80838689618061,0.980176526522536
"Cluster","Cluster",951,"Validation","Lasso","Brain","0.1","min5",22500,5.16794020797927,0.293527341732944
"Cluster","Cluster",952,"Train","Lasso","Brain","0.1","nofilter",22500,1.22376960121901,0.992048899372212
"Cluster","Cluster",952,"Validation","Lasso","Brain","0.1","nofilter",22500,4.35491929541754,0.211490817610352
"Cluster","Cluster",953,"Train","Lasso","Brain","0.2","min10",22500,2.37445278715912,0.940899252010859
"Cluster","Cluster",953,"Validation","Lasso","Brain","0.2","min10",22500,4.99667151960251,0.533465298707846
"Cluster","Cluster",954,"Train","Lasso","Brain","0.2","min20",22500,4.57948135593981,0.525302699051308
"Cluster","Cluster",954,"Validation","Lasso","Brain","0.2","min20",22500,5.16283848521672,0.399398688477212
"Cluster","Cluster",955,"Train","Lasso","Brain","0.2","min5",22500,2.99384206116601,0.906364991173003
"Cluster","Cluster",955,"Validation","Lasso","Brain","0.2","min5",22500,4.59551471961945,0.397982525087742
"Cluster","Cluster",956,"Train","Lasso","Brain","0.2","nofilter",22500,5.25206611570248,0.24867141722832
"Cluster","Cluster",956,"Validation","Lasso","Brain","0.2","nofilter",22500,4.70658797849074,0.757486170306338
"Cluster","Cluster",957,"Train","Lasso","Brain","0.3","min10",22500,5.20071786380084,0.341659131742216
"Cluster","Cluster",957,"Validation","Lasso","Brain","0.3","min10",22500,6.51316511449573,0.412425197068665
"Cluster","Cluster",958,"Train","Lasso","Brain","0.3","min20",22500,5.05602972729758,0.415941176976382
"Cluster","Cluster",958,"Validation","Lasso","Brain","0.3","min20",22500,4.27667544182082,0.423586728145421
"Cluster","Cluster",959,"Train","Lasso","Brain","0.3","min5",22500,4.94971046727638,0.554133023023472
"Cluster","Cluster",959,"Validation","Lasso","Brain","0.3","min5",22500,5.8104079543788,0.502812249860818
"Cluster","Cluster",960,"Train","Lasso","Brain","0.3","nofilter",22500,2.33304484281945,0.952241976368004
"Cluster","Cluster",960,"Validation","Lasso","Brain","0.3","nofilter",22500,4.79903754451434,0.449386999962999
"Cluster","Cluster",961,"Train","Lasso","Brain","nofilter","min10",22500,4.8969316046032,0.590417880956757
"Cluster","Cluster",961,"Validation","Lasso","Brain","nofilter","min10",22500,5.46572199057182,0.259479835312389
"Cluster","Cluster",962,"Train","Lasso","Brain","nofilter","min20",22500,0.624662700384472,0.997320445153923
"Cluster","Cluster",962,"Validation","Lasso","Brain","nofilter","min20",22500,6.05249452145916,0.256867385183022
"Cluster","Cluster",963,"Train","Lasso","Brain","0.05","min10",3000,1.85712140078949,0.966259242801271
"Cluster","Cluster",963,"Validation","Lasso","Brain","0.05","min10",3000,4.92448506105097,0.269235366117039
"Cluster","Cluster",964,"Train","Lasso","Brain","0.05","min20",3000,5.25206611570248,0.122690496121719
"Cluster","Cluster",964,"Validation","Lasso","Brain","0.05","min20",3000,7.92523418308359,0.58800525257358
"Cluster","Cluster",965,"Train","Lasso","Brain","0.05","min5",3000,0.183143302627708,0.999841691692823
"Cluster","Cluster",965,"Validation","Lasso","Brain","0.05","min5",3000,7.01732178861845,0.180805565826566
"Cluster","Cluster",966,"Train","Lasso","Brain","0.05","nofilter",3000,0.618076496693002,0.997391755153066
"Cluster","Cluster",966,"Validation","Lasso","Brain","0.05","nofilter",3000,5.94021320829644,0.3947585959251
"Cluster","Cluster",967,"Train","Lasso","Brain","0.1","min10",3000,0.169742367092212,0.999802694980106
"Cluster","Cluster",967,"Validation","Lasso","Brain","0.1","min10",3000,3.43224883149077,0.821785574458512
"Cluster","Cluster",968,"Train","Lasso","Brain","0.1","min5",3000,3.13395324313966,0.87010609345566
"Cluster","Cluster",968,"Validation","Lasso","Brain","0.1","min5",3000,3.91765070622014,0.575423747627315
"Cluster","Cluster",969,"Train","Lasso","Brain","0.1","nofilter",3000,4.45329221893366,0.649478158761799
"Cluster","Cluster",969,"Validation","Lasso","Brain","0.1","nofilter",3000,4.33087452629795,0.449778700750741
"Cluster","Cluster",970,"Train","Lasso","Brain","0.2","min10",3000,3.61869682137504,0.752521155307503
"Cluster","Cluster",970,"Validation","Lasso","Brain","0.2","min10",3000,5.16078626108319,0.310486388491137
"Cluster","Cluster",971,"Train","Lasso","Brain","0.2","min20",3000,3.48230592762299,0.739585144400981
"Cluster","Cluster",971,"Validation","Lasso","Brain","0.2","min20",3000,5.18901443394088,0.350014933606116
"Cluster","Cluster",972,"Train","Lasso","Brain","0.2","min5",3000,3.82943824505838,0.779429461270356
"Cluster","Cluster",972,"Validation","Lasso","Brain","0.2","min5",3000,4.33440546852582,0.339522244866145
"Cluster","Cluster",973,"Train","Lasso","Brain","0.2","nofilter",3000,0.264234498488346,0.999408860124176
"Cluster","Cluster",973,"Validation","Lasso","Brain","0.2","nofilter",3000,3.70708027567783,0.723010217492793
"Cluster","Cluster",974,"Train","Lasso","Brain","0.3","min10",3000,5.25206611570248,0.106539217528658
"Cluster","Cluster",974,"Validation","Lasso","Brain","0.3","min10",3000,4.73142400166621,0.156942518526432
"Cluster","Cluster",975,"Train","Lasso","Brain","0.05","min10",50,0.479140308000572,0.997926937664312
"Cluster","Cluster",975,"Validation","Lasso","Brain","0.05","min10",50,4.09310339329399,0.496031146187609
"Cluster","Cluster",976,"Train","Lasso","Brain","0.05","min20",50,5.25206611570248,0.0748929599926862
"Cluster","Cluster",976,"Validation","Lasso","Brain","0.05","min20",50,5.82036760781177,0.259195679488888
"Cluster","Cluster",977,"Train","Lasso","Brain","0.05","min5",50,1.53716361108202,0.967445544965424
"Cluster","Cluster",977,"Validation","Lasso","Brain","0.05","min5",50,5.15122735431672,0.54960528790068
"Cluster","Cluster",978,"Train","Lasso","Brain","0.05","nofilter",50,5.25206611570248,0.219694091594756
"Cluster","Cluster",978,"Validation","Lasso","Brain","0.05","nofilter",50,8.12018167533398,0.444032368667808
"Cluster","Cluster",979,"Train","Lasso","Brain","0.1","min10",50,2.21893817242802,0.889855133152098
"Cluster","Cluster",979,"Validation","Lasso","Brain","0.1","min10",50,2.52659052347668,0.849764778641882
"Cluster","Cluster",980,"Train","Lasso","Brain","0.1","min20",50,2.2951672681805,0.874063254626674
"Cluster","Cluster",980,"Validation","Lasso","Brain","0.1","min20",50,3.65036465938609,0.458073015522802
"Cluster","Cluster",981,"Train","Lasso","Brain","0.1","min5",50,0.173196377067986,0.999665044918411
"Cluster","Cluster",981,"Validation","Lasso","Brain","0.1","min5",50,3.41436510655,0.616604037933909
"Cluster","Cluster",982,"Train","Lasso","Brain","0.1","nofilter",50,2.45156765717522,0.901238273361632
"Cluster","Cluster",982,"Validation","Lasso","Brain","0.1","nofilter",50,2.35678403881716,0.82996651011725
"Cluster","Cluster",983,"Train","Lasso","Brain","0.2","min10",50,5.25206611570248,0.0938942754546978
"Cluster","Cluster",983,"Validation","Lasso","Brain","0.2","min10",50,6.3175532207778,0.28861172535119
"Cluster","Cluster",984,"Train","Lasso","Brain","0.2","min20",50,3.38824843717532,0.59527034566044
"Cluster","Cluster",984,"Validation","Lasso","Brain","0.2","min20",50,5.12842011260322,0.509407418298924
"Cluster","Cluster",985,"Train","Lasso","Brain","0.2","min5",50,5.01861828151758,0.209462099899176
"Cluster","Cluster",985,"Validation","Lasso","Brain","0.2","min5",50,5.88636120866202,0.268733517292676
"Cluster","Cluster",986,"Train","Lasso","Brain","0.2","nofilter",50,5.17212725969364,0.160354443857413
"Cluster","Cluster",986,"Validation","Lasso","Brain","0.2","nofilter",50,5.57662603359806,0.201536703475278
"Cluster","Cluster",987,"Train","Lasso","Brain","0.3","min10",50,5.25206611570248,0.0938942754546978
"Cluster","Cluster",987,"Validation","Lasso","Brain","0.3","min10",50,6.3175532207778,0.28861172535119
"Cluster","Cluster",988,"Train","Lasso","Brain","0.3","min20",50,5.25206611570248,0.055158405666814
"Cluster","Cluster",988,"Validation","Lasso","Brain","0.3","min20",50,6.08225788565408,0.496321650569768
"Cluster","Cluster",989,"Train","Lasso","Brain","0.3","min5",50,5.01861828151758,0.209462099899176
"Cluster","Cluster",989,"Validation","Lasso","Brain","0.3","min5",50,5.88636120866202,0.268733517292676
"Cluster","Cluster",990,"Train","Lasso","Brain","0.3","nofilter",50,5.17212725969364,0.160354443857413
"Cluster","Cluster",990,"Validation","Lasso","Brain","0.3","nofilter",50,5.57662603359806,0.201536703475278
"Cluster","Cluster",991,"Train","Lasso","Brain","nofilter","min10",50,0.296758864906943,0.999657286339508
"Cluster","Cluster",991,"Validation","Lasso","Brain","nofilter","min10",50,5.33881325657368,0.525677519088525
"Cluster","Cluster",992,"Train","Lasso","Brain","nofilter","min20",50,4.82232458275718,0.520400954593424
"Cluster","Cluster",992,"Validation","Lasso","Brain","nofilter","min20",50,8.03076232192808,0.405123583622491
"Cluster","Cluster",993,"Train","Lasso","Brain","nofilter","min5",50,5.25206611570248,0.215532609744577
"Cluster","Cluster",993,"Validation","Lasso","Brain","nofilter","min5",50,5.64155530791236,0.167551422469006
"Cluster","Cluster",994,"Train","Lasso","Brain","nofilter","nofilter",50,5.1453647098609,0.370955414452325
"Cluster","Cluster",994,"Validation","Lasso","Brain","nofilter","nofilter",50,5.78963008705495,0.267635038271279
"Cluster","Cluster",995,"Train","Lasso","Brain","0.05","min20",500,4.66962160205422,0.484722684330825
"Cluster","Cluster",995,"Validation","Lasso","Brain","0.05","min20",500,4.5552528222423,0.252496420831522
"Cluster","Cluster",996,"Train","Lasso","Brain","0.05","min5",500,5.25206611570248,0.190991709372625
"Cluster","Cluster",996,"Validation","Lasso","Brain","0.05","min5",500,4.99734193252676,0.356616174949559
"Cluster","Cluster",997,"Train","Lasso","Brain","0.05","nofilter",500,5.25206611570248,0.214468724046014
"Cluster","Cluster",997,"Validation","Lasso","Brain","0.05","nofilter",500,6.90376831135504,0.285227937508624
"Cluster","Cluster",998,"Train","Lasso","Brain","0.1","min10",500,0.1714058829535,0.999771669007927
"Cluster","Cluster",998,"Validation","Lasso","Brain","0.1","min10",500,4.49606029609327,0.401651328142942
"Cluster","Cluster",999,"Train","Lasso","Brain","0.1","min20",500,3.75739094070063,0.647614854407096
"Cluster","Cluster",999,"Validation","Lasso","Brain","0.1","min20",500,4.63640237120786,0.567876130245641
"Cluster","Cluster",1000,"Train","Lasso","Brain","0.1","min5",500,0.174046806600373,0.999881384598637
"Cluster","Cluster",1000,"Validation","Lasso","Brain","0.1","min5",500,4.25205189559447,0.463369561988836
"Cluster","Cluster",1001,"Train","Lasso","Brain","0.1","nofilter",500,1.64182911480828,0.98440945307503
"Cluster","Cluster",1001,"Validation","Lasso","Brain","0.1","nofilter",500,4.09401222601606,0.354692875549378
"Cluster","Cluster",1002,"Train","Lasso","Brain","0.2","min10",500,3.66841112855839,0.660366599303078
"Cluster","Cluster",1002,"Validation","Lasso","Brain","0.2","min10",500,4.83842348975923,0.560331604466766
"Cluster","Cluster",1003,"Train","Lasso","Brain","0.2","min20",500,4.87512241432732,0.254240730155643
"Cluster","Cluster",1003,"Validation","Lasso","Brain","0.2","min20",500,3.2930647823125,0.638493804436012
"Cluster","Cluster",1004,"Train","Lasso","Brain","0.2","min5",500,4.24691282410937,0.632643003499263
"Cluster","Cluster",1004,"Validation","Lasso","Brain","0.2","min5",500,6.25300803170733,0.447578019878321
"Cluster","Cluster",1005,"Train","Lasso","Brain","0.2","nofilter",500,4.00118849064652,0.716933041211427
"Cluster","Cluster",1005,"Validation","Lasso","Brain","0.2","nofilter",500,6.52552789588393,0.495722629134194
"Cluster","Cluster",1006,"Train","Lasso","Brain","0.3","min10",500,4.45177593472895,0.527605980601245
"Cluster","Cluster",1006,"Validation","Lasso","Brain","0.3","min10",500,5.42219819342476,0.000951481679658791
"Cluster","Cluster",1007,"Train","Lasso","Brain","0.3","min20",500,5.07859910292119,0.285931270068046
"Cluster","Cluster",1007,"Validation","Lasso","Brain","0.3","min20",500,5.91797761148296,0.0565501619649258
"Cluster","Cluster",1008,"Train","Lasso","Brain","0.3","min5",500,4.27194865883798,0.612302658057921
"Cluster","Cluster",1008,"Validation","Lasso","Brain","0.3","min5",500,6.93730432448119,0.342718938340547
"Cluster","Cluster",1009,"Train","Lasso","Brain","0.3","nofilter",500,1.39103467531146,0.986920103544464
"Cluster","Cluster",1009,"Validation","Lasso","Brain","0.3","nofilter",500,4.63828545220947,0.41067379121118
"Cluster","Cluster",1010,"Train","Lasso","Brain","nofilter","min10",500,5.25206611570248,0.241263266781452
"Cluster","Cluster",1010,"Validation","Lasso","Brain","nofilter","min10",500,6.58052013691159,0.398084589576828
"Cluster","Cluster",1011,"Train","Lasso","Brain","nofilter","min20",500,5.25206611570248,0.142240326049477
"Cluster","Cluster",1011,"Validation","Lasso","Brain","nofilter","min20",500,5.60014991684638,0.434036087120793
"Cluster","Cluster",1012,"Train","Lasso","Brain","nofilter","min5",500,3.21681981004939,0.912291445931846
"Cluster","Cluster",1012,"Validation","Lasso","Brain","nofilter","min5",500,4.76474429781257,0.590442094586353
"Cluster","Cluster",1013,"Train","Lasso","Brain","nofilter","nofilter",500,5.25206611570248,0.152009507895312
"Cluster","Cluster",1013,"Validation","Lasso","Brain","nofilter","nofilter",500,4.23893727272007,0.487492066584317
"Cluster","Cluster",1014,"Train","Lasso","Brain","0.05","min10",750,1.52637509064614,0.984146784950291
"Cluster","Cluster",1014,"Validation","Lasso","Brain","0.05","min10",750,4.47195273400277,0.365699648679155
"Cluster","Cluster",1015,"Train","Lasso","Brain","0.05","min20",750,0.93099635992788,0.991571059368658
"Cluster","Cluster",1015,"Validation","Lasso","Brain","0.05","min20",750,7.41176811624346,0.514215261061606
"Cluster","Cluster",1016,"Train","Lasso","Brain","0.05","min5",750,0.178698822586657,0.999875837380477
"Cluster","Cluster",1016,"Validation","Lasso","Brain","0.05","min5",750,4.83220971384997,0.626956970766345
"Cluster","Cluster",1017,"Train","Lasso","Brain","0.05","nofilter",750,5.25206611570248,0.212561969619246
"Cluster","Cluster",1017,"Validation","Lasso","Brain","0.05","nofilter",750,3.87766589679635,0.448516345787244
"Cluster","Cluster",1018,"Train","Lasso","Brain","0.1","min10",750,0.978395044922087,0.988481949967844
"Cluster","Cluster",1018,"Validation","Lasso","Brain","0.1","min10",750,3.47359028809,0.571781388530564
"Cluster","Cluster",1019,"Train","Lasso","Brain","0.1","min20",750,0.173039845929575,0.999625865521406
"Cluster","Cluster",1019,"Validation","Lasso","Brain","0.1","min20",750,4.82893199038643,0.549686441974723
"Cluster","Cluster",1020,"Train","Lasso","Brain","0.1","min5",750,2.05411851175697,0.971213485108461
"Cluster","Cluster",1020,"Validation","Lasso","Brain","0.1","min5",750,3.50208303174383,0.520776788181577
"Cluster","Cluster",1021,"Train","Lasso","Brain","0.1","nofilter",750,1.06033359059249,0.99341127645438
"Cluster","Cluster",1021,"Validation","Lasso","Brain","0.1","nofilter",750,4.69895934009686,0.436555841589488
"Cluster","Cluster",1022,"Train","Lasso","Brain","0.2","min10",750,2.62378605416938,0.896319624439945
"Cluster","Cluster",1022,"Validation","Lasso","Brain","0.2","min10",750,4.79551304185562,0.67349586411009
"Cluster","Cluster",1023,"Train","Lasso","Brain","0.2","min20",750,0.161935246312799,0.999780890086552
"Cluster","Cluster",1023,"Validation","Lasso","Brain","0.2","min20",750,5.42370545246302,0.382231397090647
"Cluster","Cluster",1024,"Train","Lasso","Brain","0.2","min5",750,3.4064877917589,0.880551366101414
"Cluster","Cluster",1024,"Validation","Lasso","Brain","0.2","min5",750,7.32357390696306,0.457198432483907
"Cluster","Cluster",1025,"Train","Lasso","Brain","0.2","nofilter",750,5.25206611570248,0.0777700705908985
"Cluster","Cluster",1025,"Validation","Lasso","Brain","0.2","nofilter",750,7.02384126214606,0.367146037087509
"Cluster","Cluster",1026,"Train","Lasso","Brain","0.3","min10",750,4.87470122322541,0.489881274817746
"Cluster","Cluster",1026,"Validation","Lasso","Brain","0.3","min10",750,4.90605318520833,0.5644664420178
"Cluster","Cluster",1027,"Train","Lasso","Brain","0.3","min20",750,5.25206611570248,0.0887201813091527
"Cluster","Cluster",1027,"Validation","Lasso","Brain","0.3","min20",750,6.25279117273507,0.132265835147719
"Cluster","Cluster",1028,"Train","Lasso","Brain","0.3","min5",750,2.93684014889773,0.89315752690849
"Cluster","Cluster",1028,"Validation","Lasso","Brain","0.3","min5",750,3.79775300114632,0.484357385931646
"Cluster","Cluster",1029,"Train","Lasso","Brain","0.3","nofilter",750,5.25206611570248,0.206901830190841
"Cluster","Cluster",1029,"Validation","Lasso","Brain","0.3","nofilter",750,6.19465166524514,0.480234259257801
"Cluster","Cluster",1030,"Train","Lasso","Brain","nofilter","min10",750,0.210333929389,0.999669735688912
"Cluster","Cluster",1030,"Validation","Lasso","Brain","nofilter","min10",750,8.20466403064411,0.356073523877876
"Cluster","Cluster",1031,"Train","Lasso","Brain","nofilter","min20",750,5.08213629994308,0.567204689084014
"Cluster","Cluster",1031,"Validation","Lasso","Brain","nofilter","min20",750,7.44043000320837,0.446480572151908
"Cluster","Cluster",1032,"Train","Lasso","Brain","nofilter","min5",750,5.14406647086038,0.428018672558984
"Cluster","Cluster",1032,"Validation","Lasso","Brain","nofilter","min5",750,3.51112494102052,0.475938164460939
"Cluster","Cluster",1033,"Train","Lasso","Brain","nofilter","nofilter",750,2.03713880052683,0.975116150150271
"Cluster","Cluster",1033,"Validation","Lasso","Brain","nofilter","nofilter",750,4.65759753518677,0.260710711054549
"Cluster","Cluster",1034,"Train","Lasso","Fin_clip_caudal","0.05","min10",100,0.82525914878623,0.994698932055825
"Cluster","Cluster",1034,"Validation","Lasso","Fin_clip_caudal","0.05","min10",100,3.62669441849926,0.655468697609809
"Cluster","Cluster",1035,"Train","Lasso","Fin_clip_caudal","0.05","min20",100,3.20052726336849,0.826821276425705
"Cluster","Cluster",1035,"Validation","Lasso","Fin_clip_caudal","0.05","min20",100,6.15039148505525,0.615592341778474
"Cluster","Cluster",1036,"Train","Lasso","Fin_clip_caudal","0.05","min5",100,0.176885880094916,0.999692151327011
"Cluster","Cluster",1036,"Validation","Lasso","Fin_clip_caudal","0.05","min5",100,7.65231970058566,0.470700004128096
"Cluster","Cluster",1037,"Train","Lasso","Fin_clip_caudal","0.05","nofilter",100,4.83799149163668,0.483465037018463
"Cluster","Cluster",1037,"Validation","Lasso","Fin_clip_caudal","0.05","nofilter",100,4.09724696642523,0.585481386104453
"Cluster","Cluster",1038,"Train","Lasso","Fin_clip_caudal","0.1","min10",100,0.242619859901253,0.999389826195714
"Cluster","Cluster",1038,"Validation","Lasso","Fin_clip_caudal","0.1","min10",100,7.4693262546787,0.761925475166581
"Cluster","Cluster",1039,"Train","Lasso","Fin_clip_caudal","0.1","min20",100,0.808706044847821,0.989247147401372
"Cluster","Cluster",1039,"Validation","Lasso","Fin_clip_caudal","0.1","min20",100,6.78159974080861,0.802183079725496
"Cluster","Cluster",1040,"Train","Lasso","Fin_clip_caudal","0.1","min5",100,0.169746919895086,0.999752321855544
"Cluster","Cluster",1040,"Validation","Lasso","Fin_clip_caudal","0.1","min5",100,3.61433308944778,0.661252710996275
"Cluster","Cluster",1041,"Train","Lasso","Fin_clip_caudal","0.1","nofilter",100,3.62683272677847,0.791519220994488
"Cluster","Cluster",1041,"Validation","Lasso","Fin_clip_caudal","0.1","nofilter",100,8.18630656636107,0.406685940106781
"Cluster","Cluster",1042,"Train","Lasso","Fin_clip_caudal","0.2","min10",100,1.36681107152007,0.945842033609034
"Cluster","Cluster",1042,"Validation","Lasso","Fin_clip_caudal","0.2","min10",100,9.11801782249085,0.500343104962624
"Cluster","Cluster",1043,"Train","Lasso","Fin_clip_caudal","0.2","min20",100,3.47856379514072,0.543335808510525
"Cluster","Cluster",1043,"Validation","Lasso","Fin_clip_caudal","0.2","min20",100,8.67152691423996,0.646787827485562
"Cluster","Cluster",1044,"Train","Lasso","Fin_clip_caudal","0.2","min5",100,0.160568325130147,0.999605272348265
"Cluster","Cluster",1044,"Validation","Lasso","Fin_clip_caudal","0.2","min5",100,4.04707632076902,0.543800976712048
"Cluster","Cluster",1045,"Train","Lasso","Fin_clip_caudal","0.2","nofilter",100,0.668458379894051,0.992855068454712
"Cluster","Cluster",1045,"Validation","Lasso","Fin_clip_caudal","0.2","nofilter",100,4.44359122754924,0.468572181698941
"Cluster","Cluster",1046,"Train","Lasso","Fin_clip_caudal","0.3","min10",100,2.38351718709955,0.89833125721947
"Cluster","Cluster",1046,"Validation","Lasso","Fin_clip_caudal","0.3","min10",100,6.85591602278678,0.458114978499076
"Cluster","Cluster",1047,"Train","Lasso","Fin_clip_caudal","0.3","min20",100,3.12552163840835,0.591149735570942
"Cluster","Cluster",1047,"Validation","Lasso","Fin_clip_caudal","0.3","min20",100,7.73933419309969,0.732227152873021
"Cluster","Cluster",1048,"Train","Lasso","Fin_clip_caudal","0.3","min5",100,2.57492617931658,0.847420614234457
"Cluster","Cluster",1048,"Validation","Lasso","Fin_clip_caudal","0.3","min5",100,7.11631971147895,0.50779398234967
"Cluster","Cluster",1049,"Train","Lasso","Fin_clip_caudal","0.3","nofilter",100,4.31467973124718,0.452432856378943
"Cluster","Cluster",1049,"Validation","Lasso","Fin_clip_caudal","0.3","nofilter",100,4.58150846318189,0.522721129311494
"Cluster","Cluster",1050,"Train","Lasso","Fin_clip_caudal","nofilter","min20",100,5.11231388438103,0.334100680810839
"Cluster","Cluster",1050,"Validation","Lasso","Fin_clip_caudal","nofilter","min20",100,5.66371884230176,0.762017330222226
"Cluster","Cluster",1051,"Train","Lasso","Fin_clip_caudal","0.05","min10",1000,3.80947558337864,0.66887098799706
"Cluster","Cluster",1051,"Validation","Lasso","Fin_clip_caudal","0.05","min10",1000,3.37700298282445,0.575293266677479
"Cluster","Cluster",1052,"Train","Lasso","Fin_clip_caudal","0.05","min20",1000,0.224243877515054,0.999475307315837
"Cluster","Cluster",1052,"Validation","Lasso","Fin_clip_caudal","0.05","min20",1000,6.16808386686184,0.539777882182974
"Cluster","Cluster",1053,"Train","Lasso","Fin_clip_caudal","0.1","min10",1000,3.57339855066792,0.812167161009697
"Cluster","Cluster",1053,"Validation","Lasso","Fin_clip_caudal","0.1","min10",1000,7.18946571537465,0.666970309073498
"Cluster","Cluster",1054,"Train","Lasso","Fin_clip_caudal","0.1","min20",1000,3.36582171965192,0.754000225293303
"Cluster","Cluster",1054,"Validation","Lasso","Fin_clip_caudal","0.1","min20",1000,5.92226282170454,0.717474758786565
"Cluster","Cluster",1055,"Train","Lasso","Fin_clip_caudal","0.1","min5",1000,0.158167504190819,0.999764416522537
"Cluster","Cluster",1055,"Validation","Lasso","Fin_clip_caudal","0.1","min5",1000,3.21219960751505,0.624969560113813
"Cluster","Cluster",1056,"Train","Lasso","Fin_clip_caudal","0.1","nofilter",1000,0.781254400544957,0.993675658920228
"Cluster","Cluster",1056,"Validation","Lasso","Fin_clip_caudal","0.1","nofilter",1000,4.21977716055173,0.618215536451257
"Cluster","Cluster",1057,"Train","Lasso","Fin_clip_caudal","0.2","min10",1000,3.20547718641094,0.876205442391127
"Cluster","Cluster",1057,"Validation","Lasso","Fin_clip_caudal","0.2","min10",1000,6.07660356707269,0.617832391854869
"Cluster","Cluster",1058,"Train","Lasso","Fin_clip_caudal","0.2","min20",1000,3.20061739124724,0.656468116536541
"Cluster","Cluster",1058,"Validation","Lasso","Fin_clip_caudal","0.2","min20",1000,7.80235845640017,0.560926796353152
"Cluster","Cluster",1059,"Train","Lasso","Fin_clip_caudal","0.2","min5",1000,1.36074463336777,0.982653727509736
"Cluster","Cluster",1059,"Validation","Lasso","Fin_clip_caudal","0.2","min5",1000,3.69048784768904,0.588518513560923
"Cluster","Cluster",1060,"Train","Lasso","Fin_clip_caudal","0.2","nofilter",1000,0.662330834739133,0.995767646013841
"Cluster","Cluster",1060,"Validation","Lasso","Fin_clip_caudal","0.2","nofilter",1000,8.96262412770912,0.515261879989391
"Cluster","Cluster",1061,"Train","Lasso","Fin_clip_caudal","0.3","min10",1000,0.350589387140726,0.998971674217208
"Cluster","Cluster",1061,"Validation","Lasso","Fin_clip_caudal","0.3","min10",1000,8.44941615274171,0.496912159199161
"Cluster","Cluster",1062,"Train","Lasso","Fin_clip_caudal","0.3","min20",1000,3.55809210324964,0.567475649831247
"Cluster","Cluster",1062,"Validation","Lasso","Fin_clip_caudal","0.3","min20",1000,7.06227038532459,0.677279309695531
"Cluster","Cluster",1063,"Train","Lasso","Fin_clip_caudal","0.3","min5",1000,2.92949219254457,0.900990886623778
"Cluster","Cluster",1063,"Validation","Lasso","Fin_clip_caudal","0.3","min5",1000,3.3202538626532,0.732901923188652
"Cluster","Cluster",1064,"Train","Lasso","Fin_clip_caudal","0.3","nofilter",1000,0.154852836387068,0.999801974920881
"Cluster","Cluster",1064,"Validation","Lasso","Fin_clip_caudal","0.3","nofilter",1000,3.66345412255388,0.613062357084066
"Cluster","Cluster",1065,"Train","Lasso","Fin_clip_caudal","nofilter","min20",1000,4.92626305558405,0.304790283465559
"Cluster","Cluster",1065,"Validation","Lasso","Fin_clip_caudal","nofilter","min20",1000,6.09220366180935,0.347365329178261
"Cluster","Cluster",1066,"Train","Lasso","Fin_clip_caudal","0.05","min10",1500,3.28940287295496,0.84986838120097
"Cluster","Cluster",1066,"Validation","Lasso","Fin_clip_caudal","0.05","min10",1500,8.21355328267436,0.485713660608196
"Cluster","Cluster",1067,"Train","Lasso","Fin_clip_caudal","0.05","min20",1500,4.84757908457649,0.457669286769648
"Cluster","Cluster",1067,"Validation","Lasso","Fin_clip_caudal","0.05","min20",1500,5.75846774869723,0.76020892238276
"Cluster","Cluster",1068,"Train","Lasso","Fin_clip_caudal","0.1","min10",1500,4.08300926264154,0.677621576924679
"Cluster","Cluster",1068,"Validation","Lasso","Fin_clip_caudal","0.1","min10",1500,8.31325072727677,0.584473845892026
"Cluster","Cluster",1069,"Train","Lasso","Fin_clip_caudal","0.1","min20",1500,3.41417459211205,0.811430293508091
"Cluster","Cluster",1069,"Validation","Lasso","Fin_clip_caudal","0.1","min20",1500,6.06715718618561,0.65242456808718
"Cluster","Cluster",1070,"Train","Lasso","Fin_clip_caudal","0.1","min5",1500,5.12399701003535,0.380205104039061
"Cluster","Cluster",1070,"Validation","Lasso","Fin_clip_caudal","0.1","min5",1500,5.99895234899844,0.531130017233523
"Cluster","Cluster",1071,"Train","Lasso","Fin_clip_caudal","0.1","nofilter",1500,3.62607657444061,0.719659700486214
"Cluster","Cluster",1071,"Validation","Lasso","Fin_clip_caudal","0.1","nofilter",1500,6.64826966560848,0.376719504722402
"Cluster","Cluster",1072,"Train","Lasso","Fin_clip_caudal","0.2","min10",1500,0.163548157878373,0.99976025828156
"Cluster","Cluster",1072,"Validation","Lasso","Fin_clip_caudal","0.2","min10",1500,9.73783302541141,0.784262986403411
"Cluster","Cluster",1073,"Train","Lasso","Fin_clip_caudal","0.2","min20",1500,3.60121260188866,0.585534314835159
"Cluster","Cluster",1073,"Validation","Lasso","Fin_clip_caudal","0.2","min20",1500,4.12611335020728,0.506669822939442
"Cluster","Cluster",1074,"Train","Lasso","Fin_clip_caudal","0.2","min5",1500,2.05500283979858,0.948444513443776
"Cluster","Cluster",1074,"Validation","Lasso","Fin_clip_caudal","0.2","min5",1500,4.33903774951427,0.50480401351815
"Cluster","Cluster",1075,"Train","Lasso","Fin_clip_caudal","0.2","nofilter",1500,1.48205433772522,0.966057198195758
"Cluster","Cluster",1075,"Validation","Lasso","Fin_clip_caudal","0.2","nofilter",1500,7.43413915388651,0.38558403606285
"Cluster","Cluster",1076,"Train","Lasso","Fin_clip_caudal","0.3","min10",1500,4.48270202994802,0.540506629177367
"Cluster","Cluster",1076,"Validation","Lasso","Fin_clip_caudal","0.3","min10",1500,6.43380043503336,0.622802316521062
"Cluster","Cluster",1077,"Train","Lasso","Fin_clip_caudal","0.3","min20",1500,3.90786952307477,0.456314318238536
"Cluster","Cluster",1077,"Validation","Lasso","Fin_clip_caudal","0.3","min20",1500,6.34622472850985,0.758412625770937
"Cluster","Cluster",1078,"Train","Lasso","Fin_clip_caudal","0.3","min5",1500,4.14189557419678,0.647208391961782
"Cluster","Cluster",1078,"Validation","Lasso","Fin_clip_caudal","0.3","min5",1500,8.0876653512952,0.714399722641478
"Cluster","Cluster",1079,"Train","Lasso","Fin_clip_caudal","0.3","nofilter",1500,3.43626546227355,0.790188849462422
"Cluster","Cluster",1079,"Validation","Lasso","Fin_clip_caudal","0.3","nofilter",1500,4.06843694765702,0.679273583546319
"Cluster","Cluster",1080,"Train","Lasso","Fin_clip_caudal","nofilter","min20",1500,5.14049586776859,0.213633715284521
"Cluster","Cluster",1080,"Validation","Lasso","Fin_clip_caudal","nofilter","min20",1500,4.61245412401609,0.831790558168687
"Cluster","Cluster",1081,"Train","Lasso","Fin_clip_caudal","0.05","min10",2000,4.29065874438598,0.722903266825497
"Cluster","Cluster",1081,"Validation","Lasso","Fin_clip_caudal","0.05","min10",2000,5.73944854094158,0.718296063072518
"Cluster","Cluster",1082,"Train","Lasso","Fin_clip_caudal","0.05","min20",2000,3.88478617342858,0.714445915931442
"Cluster","Cluster",1082,"Validation","Lasso","Fin_clip_caudal","0.05","min20",2000,7.14213777393487,0.548451294951058
"Cluster","Cluster",1083,"Train","Lasso","Fin_clip_caudal","0.1","min10",2000,3.70373076953359,0.76696584872959
"Cluster","Cluster",1083,"Validation","Lasso","Fin_clip_caudal","0.1","min10",2000,8.81139456881325,0.712951276604592
"Cluster","Cluster",1084,"Train","Lasso","Fin_clip_caudal","0.1","min20",2000,3.401444162262,0.774113289213959
"Cluster","Cluster",1084,"Validation","Lasso","Fin_clip_caudal","0.1","min20",2000,7.14045218066929,0.545408773311265
"Cluster","Cluster",1085,"Train","Lasso","Fin_clip_caudal","0.1","min5",2000,4.80546442131629,0.42879877257768
"Cluster","Cluster",1085,"Validation","Lasso","Fin_clip_caudal","0.1","min5",2000,6.15070356324648,0.51800969798192
"Cluster","Cluster",1086,"Train","Lasso","Fin_clip_caudal","0.1","nofilter",2000,1.05021364585871,0.990100998562661
"Cluster","Cluster",1086,"Validation","Lasso","Fin_clip_caudal","0.1","nofilter",2000,7.08959952628333,0.511958873750094
"Cluster","Cluster",1087,"Train","Lasso","Fin_clip_caudal","0.2","min10",2000,3.28228802659721,0.887390940429061
"Cluster","Cluster",1087,"Validation","Lasso","Fin_clip_caudal","0.2","min10",2000,7.20449447376817,0.796434495357457
"Cluster","Cluster",1088,"Train","Lasso","Fin_clip_caudal","0.2","min20",2000,2.98511427935579,0.688690892186593
"Cluster","Cluster",1088,"Validation","Lasso","Fin_clip_caudal","0.2","min20",2000,7.14062389804046,0.765527476851379
"Cluster","Cluster",1089,"Train","Lasso","Fin_clip_caudal","0.2","min5",2000,4.39610650449164,0.641809777346842
"Cluster","Cluster",1089,"Validation","Lasso","Fin_clip_caudal","0.2","min5",2000,7.42475528158101,0.593703304336573
"Cluster","Cluster",1090,"Train","Lasso","Fin_clip_caudal","0.2","nofilter",2000,1.11408226362357,0.987145595741445
"Cluster","Cluster",1090,"Validation","Lasso","Fin_clip_caudal","0.2","nofilter",2000,4.86033196509385,0.61224675177894
"Cluster","Cluster",1091,"Train","Lasso","Fin_clip_caudal","0.3","min10",2000,2.85329598375701,0.928422492244087
"Cluster","Cluster",1091,"Validation","Lasso","Fin_clip_caudal","0.3","min10",2000,4.66563197853986,0.472777897992508
"Cluster","Cluster",1092,"Train","Lasso","Fin_clip_caudal","0.3","min20",2000,3.87799268214,0.443947864362038
"Cluster","Cluster",1092,"Validation","Lasso","Fin_clip_caudal","0.3","min20",2000,7.6405432622984,0.679515144845039
"Cluster","Cluster",1093,"Train","Lasso","Fin_clip_caudal","0.3","min5",2000,0.853881544839902,0.994479930597602
"Cluster","Cluster",1093,"Validation","Lasso","Fin_clip_caudal","0.3","min5",2000,6.25356953907417,0.678613865436054
"Cluster","Cluster",1094,"Train","Lasso","Fin_clip_caudal","0.3","nofilter",2000,4.00473894186162,0.623825545842205
"Cluster","Cluster",1094,"Validation","Lasso","Fin_clip_caudal","0.3","nofilter",2000,7.29388211494335,0.537248440091512
"Cluster","Cluster",1095,"Train","Lasso","Fin_clip_caudal","nofilter","min20",2000,4.81065997488416,0.50103823552602
"Cluster","Cluster",1095,"Validation","Lasso","Fin_clip_caudal","nofilter","min20",2000,5.76752600931364,0.717474758786565
"Cluster","Cluster",1096,"Train","Lasso","Fin_clip_caudal","0.05","min20",22500,3.15285283490091,0.85208144434256
"Cluster","Cluster",1096,"Validation","Lasso","Fin_clip_caudal","0.05","min20",22500,4.65538194710238,0.485488628355887
"Cluster","Cluster",1097,"Train","Lasso","Fin_clip_caudal","0.1","min10",22500,2.98864730389703,0.915439299280213
"Cluster","Cluster",1097,"Validation","Lasso","Fin_clip_caudal","0.1","min10",22500,7.46867597657961,0.536459931431424
"Cluster","Cluster",1098,"Train","Lasso","Fin_clip_caudal","0.1","min20",22500,4.61357029904301,0.54410722092052
"Cluster","Cluster",1098,"Validation","Lasso","Fin_clip_caudal","0.1","min20",22500,4.45674981281634,0.562613130096312
"Cluster","Cluster",1099,"Train","Lasso","Fin_clip_caudal","0.2","min10",22500,4.13192091401991,0.696475132500425
"Cluster","Cluster",1099,"Validation","Lasso","Fin_clip_caudal","0.2","min10",22500,6.65772391242023,0.711323082588594
"Cluster","Cluster",1100,"Train","Lasso","Fin_clip_caudal","0.2","min20",22500,1.08735152651005,0.968628806745125
"Cluster","Cluster",1100,"Validation","Lasso","Fin_clip_caudal","0.2","min20",22500,7.51896972283802,0.698689724999265
"Cluster","Cluster",1101,"Train","Lasso","Fin_clip_caudal","0.3","min10",22500,3.87515758363934,0.778840448878807
"Cluster","Cluster",1101,"Validation","Lasso","Fin_clip_caudal","0.3","min10",22500,4.21545814994684,0.599045761416014
"Cluster","Cluster",1102,"Train","Lasso","Fin_clip_caudal","0.3","min20",22500,4.35528352976687,0.53037788164776
"Cluster","Cluster",1102,"Validation","Lasso","Fin_clip_caudal","0.3","min20",22500,6.67889246582072,0.680493853844355
"Cluster","Cluster",1103,"Train","Lasso","Fin_clip_caudal","nofilter","min20",22500,0.396676843965739,0.999103875057247
"Cluster","Cluster",1103,"Validation","Lasso","Fin_clip_caudal","nofilter","min20",22500,5.72554682482256,0.406725161277053
"Cluster","Cluster",1104,"Train","Lasso","Fin_clip_caudal","0.05","min10",3000,3.60707213290663,0.831422019482396
"Cluster","Cluster",1104,"Validation","Lasso","Fin_clip_caudal","0.05","min10",3000,4.14337435107949,0.494552254334112
"Cluster","Cluster",1105,"Train","Lasso","Fin_clip_caudal","0.05","min20",3000,4.12962334298926,0.725627326456933
"Cluster","Cluster",1105,"Validation","Lasso","Fin_clip_caudal","0.05","min20",3000,5.57415830621754,0.446456890936758
"Cluster","Cluster",1106,"Train","Lasso","Fin_clip_caudal","0.1","min10",3000,1.84065631958656,0.956709220904809
"Cluster","Cluster",1106,"Validation","Lasso","Fin_clip_caudal","0.1","min10",3000,6.77933642813849,0.440418379131481
"Cluster","Cluster",1107,"Train","Lasso","Fin_clip_caudal","0.1","min20",3000,2.98470232083387,0.864191349344348
"Cluster","Cluster",1107,"Validation","Lasso","Fin_clip_caudal","0.1","min20",3000,9.62580415897466,0.747137064771744
"Cluster","Cluster",1108,"Train","Lasso","Fin_clip_caudal","0.1","min5",3000,4.24601924665475,0.598633332154691
"Cluster","Cluster",1108,"Validation","Lasso","Fin_clip_caudal","0.1","min5",3000,6.0868847390688,0.648146823951427
"Cluster","Cluster",1109,"Train","Lasso","Fin_clip_caudal","0.1","nofilter",3000,0.170416080360994,0.99982338507574
"Cluster","Cluster",1109,"Validation","Lasso","Fin_clip_caudal","0.1","nofilter",3000,7.21156319919138,0.441384462120765
"Cluster","Cluster",1110,"Train","Lasso","Fin_clip_caudal","0.2","min10",3000,0.248639991430899,0.999466198807945
"Cluster","Cluster",1110,"Validation","Lasso","Fin_clip_caudal","0.2","min10",3000,3.83592430154016,0.687806353376783
"Cluster","Cluster",1111,"Train","Lasso","Fin_clip_caudal","0.2","min20",3000,2.27846968890408,0.817958914082497
"Cluster","Cluster",1111,"Validation","Lasso","Fin_clip_caudal","0.2","min20",3000,7.67953454944624,0.680583553520903
"Cluster","Cluster",1112,"Train","Lasso","Fin_clip_caudal","0.2","min5",3000,2.79680357545661,0.887907638678077
"Cluster","Cluster",1112,"Validation","Lasso","Fin_clip_caudal","0.2","min5",3000,7.79600866792276,0.623807193435749
"Cluster","Cluster",1113,"Train","Lasso","Fin_clip_caudal","0.2","nofilter",3000,3.77635326639968,0.779071269986878
"Cluster","Cluster",1113,"Validation","Lasso","Fin_clip_caudal","0.2","nofilter",3000,6.38710462619133,0.744714667856883
"Cluster","Cluster",1114,"Train","Lasso","Fin_clip_caudal","0.3","min10",3000,4.61471738291847,0.394998543330602
"Cluster","Cluster",1114,"Validation","Lasso","Fin_clip_caudal","0.3","min10",3000,8.07108261393196,0.558813843927089
"Cluster","Cluster",1115,"Train","Lasso","Fin_clip_caudal","0.3","min20",3000,4.56969164603476,0.384001559168095
"Cluster","Cluster",1115,"Validation","Lasso","Fin_clip_caudal","0.3","min20",3000,6.70669569002019,0.634050355581106
"Cluster","Cluster",1116,"Train","Lasso","Fin_clip_caudal","0.3","min5",3000,0.686337715648026,0.995947881345681
"Cluster","Cluster",1116,"Validation","Lasso","Fin_clip_caudal","0.3","min5",3000,7.57966495599907,0.593736227851319
"Cluster","Cluster",1117,"Train","Lasso","Fin_clip_caudal","0.3","nofilter",3000,2.66182289734513,0.951007225907061
"Cluster","Cluster",1117,"Validation","Lasso","Fin_clip_caudal","0.3","nofilter",3000,3.18854648454472,0.679861503652291
"Cluster","Cluster",1118,"Train","Lasso","Fin_clip_caudal","nofilter","min20",3000,4.5641186911279,0.511209564100736
"Cluster","Cluster",1118,"Validation","Lasso","Fin_clip_caudal","nofilter","min20",3000,5.80953268177946,0.663545268234073
"Cluster","Cluster",1119,"Train","Lasso","Fin_clip_caudal","0.05","min10",50,0.17642482650743,0.999792203355992
"Cluster","Cluster",1119,"Validation","Lasso","Fin_clip_caudal","0.05","min10",50,6.79863215698736,0.551224531963982
"Cluster","Cluster",1120,"Train","Lasso","Fin_clip_caudal","0.05","min20",50,2.47393749834833,0.8979256774288
"Cluster","Cluster",1120,"Validation","Lasso","Fin_clip_caudal","0.05","min20",50,6.32195775171203,0.636036762530137
"Cluster","Cluster",1121,"Train","Lasso","Fin_clip_caudal","0.05","min5",50,4.38265671751125,0.638686840090315
"Cluster","Cluster",1121,"Validation","Lasso","Fin_clip_caudal","0.05","min5",50,8.42538274330041,0.43769819313138
"Cluster","Cluster",1122,"Train","Lasso","Fin_clip_caudal","0.05","nofilter",50,0.312857978737775,0.999291259979955
"Cluster","Cluster",1122,"Validation","Lasso","Fin_clip_caudal","0.05","nofilter",50,7.2164364813105,0.438828120709206
"Cluster","Cluster",1123,"Train","Lasso","Fin_clip_caudal","0.1","min10",50,3.55640551988731,0.690845964474988
"Cluster","Cluster",1123,"Validation","Lasso","Fin_clip_caudal","0.1","min10",50,7.04440354450108,0.591085956411096
"Cluster","Cluster",1124,"Train","Lasso","Fin_clip_caudal","0.1","min20",50,1.48123077044366,0.942697898459415
"Cluster","Cluster",1124,"Validation","Lasso","Fin_clip_caudal","0.1","min20",50,6.81263495862653,0.372787630141529
"Cluster","Cluster",1125,"Train","Lasso","Fin_clip_caudal","0.1","min5",50,1.69060397729216,0.962626516820839
"Cluster","Cluster",1125,"Validation","Lasso","Fin_clip_caudal","0.1","min5",50,7.36229747079926,0.500036133531948
"Cluster","Cluster",1126,"Train","Lasso","Fin_clip_caudal","0.1","nofilter",50,0.997966462066865,0.985886315613618
"Cluster","Cluster",1126,"Validation","Lasso","Fin_clip_caudal","0.1","nofilter",50,2.84286790227396,0.695927022612667
"Cluster","Cluster",1127,"Train","Lasso","Fin_clip_caudal","0.2","min10",50,0.417255064127025,0.992177145443481
"Cluster","Cluster",1127,"Validation","Lasso","Fin_clip_caudal","0.2","min10",50,2.81217754811512,0.724620001262586
"Cluster","Cluster",1128,"Train","Lasso","Fin_clip_caudal","0.2","min20",50,2.84329376857073,0.666913072027257
"Cluster","Cluster",1128,"Validation","Lasso","Fin_clip_caudal","0.2","min20",50,8.35201996780491,0.773081478113921
"Cluster","Cluster",1129,"Train","Lasso","Fin_clip_caudal","0.2","min5",50,1.15219709781646,0.969974889120004
"Cluster","Cluster",1129,"Validation","Lasso","Fin_clip_caudal","0.2","min5",50,4.08713265518452,0.404911244323014
"Cluster","Cluster",1130,"Train","Lasso","Fin_clip_caudal","0.2","nofilter",50,1.15219709781646,0.969974889120004
"Cluster","Cluster",1130,"Validation","Lasso","Fin_clip_caudal","0.2","nofilter",50,4.08713265518452,0.404911244323014
"Cluster","Cluster",1131,"Train","Lasso","Fin_clip_caudal","0.3","min10",50,3.30636081523759,0.640491082853418
"Cluster","Cluster",1131,"Validation","Lasso","Fin_clip_caudal","0.3","min10",50,4.5600885950248,0.624139285900832
"Cluster","Cluster",1132,"Train","Lasso","Fin_clip_caudal","0.3","min20",50,3.47257915752148,0.501729036034036
"Cluster","Cluster",1132,"Validation","Lasso","Fin_clip_caudal","0.3","min20",50,7.79939951444694,0.383885708993969
"Cluster","Cluster",1133,"Train","Lasso","Fin_clip_caudal","0.3","min5",50,2.56049875705808,0.864636256237088
"Cluster","Cluster",1133,"Validation","Lasso","Fin_clip_caudal","0.3","min5",50,7.06268200214782,0.452830925336653
"Cluster","Cluster",1134,"Train","Lasso","Fin_clip_caudal","0.3","nofilter",50,2.56049875705808,0.864636256237088
"Cluster","Cluster",1134,"Validation","Lasso","Fin_clip_caudal","0.3","nofilter",50,7.06268200214782,0.452830925336653
"Cluster","Cluster",1135,"Train","Lasso","Fin_clip_caudal","nofilter","min20",50,4.03901044425854,0.791709168922937
"Cluster","Cluster",1135,"Validation","Lasso","Fin_clip_caudal","nofilter","min20",50,4.1248114988975,0.587623602827376
"Cluster","Cluster",1136,"Train","Lasso","Fin_clip_caudal","0.05","min10",500,3.24562959899178,0.876682811810146
"Cluster","Cluster",1136,"Validation","Lasso","Fin_clip_caudal","0.05","min10",500,6.24541637625295,0.481149926377978
"Cluster","Cluster",1137,"Train","Lasso","Fin_clip_caudal","0.05","min20",500,4.28295534657998,0.706350988784493
"Cluster","Cluster",1137,"Validation","Lasso","Fin_clip_caudal","0.05","min20",500,7.83763592183695,0.488703555407352
"Cluster","Cluster",1138,"Train","Lasso","Fin_clip_caudal","0.1","min10",500,0.759019740318773,0.993967636023036
"Cluster","Cluster",1138,"Validation","Lasso","Fin_clip_caudal","0.1","min10",500,9.18038557423754,0.580025678719459
"Cluster","Cluster",1139,"Train","Lasso","Fin_clip_caudal","0.1","min20",500,0.219582425154424,0.999332946918733
"Cluster","Cluster",1139,"Validation","Lasso","Fin_clip_caudal","0.1","min20",500,8.02869759267371,0.798876136336227
"Cluster","Cluster",1140,"Train","Lasso","Fin_clip_caudal","0.1","min5",500,1.30988332577568,0.976156917481229
"Cluster","Cluster",1140,"Validation","Lasso","Fin_clip_caudal","0.1","min5",500,6.68359838990119,0.642578900489685
"Cluster","Cluster",1141,"Train","Lasso","Fin_clip_caudal","0.1","nofilter",500,0.432348733425887,0.998557070690614
"Cluster","Cluster",1141,"Validation","Lasso","Fin_clip_caudal","0.1","nofilter",500,3.25640010753241,0.775285669934551
"Cluster","Cluster",1142,"Train","Lasso","Fin_clip_caudal","0.2","min10",500,2.12444203908706,0.887618845064124
"Cluster","Cluster",1142,"Validation","Lasso","Fin_clip_caudal","0.2","min10",500,6.79808474749392,0.772020180103303
"Cluster","Cluster",1143,"Train","Lasso","Fin_clip_caudal","0.2","min20",500,3.04050028665792,0.652571061984453
"Cluster","Cluster",1143,"Validation","Lasso","Fin_clip_caudal","0.2","min20",500,7.21566524651628,0.81125768023324
"Cluster","Cluster",1144,"Train","Lasso","Fin_clip_caudal","0.2","min5",500,1.98500853840705,0.946501798802539
"Cluster","Cluster",1144,"Validation","Lasso","Fin_clip_caudal","0.2","min5",500,8.94602006592805,0.479025876567131
"Cluster","Cluster",1145,"Train","Lasso","Fin_clip_caudal","0.2","nofilter",500,1.7187127638908,0.953638755781356
"Cluster","Cluster",1145,"Validation","Lasso","Fin_clip_caudal","0.2","nofilter",500,6.81660587499918,0.57625905402402
"Cluster","Cluster",1146,"Train","Lasso","Fin_clip_caudal","0.3","min10",500,3.87793268366512,0.735517223887183
"Cluster","Cluster",1146,"Validation","Lasso","Fin_clip_caudal","0.3","min10",500,6.17511372470983,0.710204257133483
"Cluster","Cluster",1147,"Train","Lasso","Fin_clip_caudal","0.3","min20",500,3.68492937669294,0.519052926614592
"Cluster","Cluster",1147,"Validation","Lasso","Fin_clip_caudal","0.3","min20",500,6.81866820929348,0.75838190914387
"Cluster","Cluster",1148,"Train","Lasso","Fin_clip_caudal","0.3","min5",500,4.12699271365032,0.723418032032948
"Cluster","Cluster",1148,"Validation","Lasso","Fin_clip_caudal","0.3","min5",500,3.4634156817358,0.710433630276808
"Cluster","Cluster",1149,"Train","Lasso","Fin_clip_caudal","0.3","nofilter",500,1.03512225424128,0.988261890445209
"Cluster","Cluster",1149,"Validation","Lasso","Fin_clip_caudal","0.3","nofilter",500,3.41171744475214,0.847783125082267
"Cluster","Cluster",1150,"Train","Lasso","Fin_clip_caudal","nofilter","min20",500,4.97826972120219,0.366305272336328
"Cluster","Cluster",1150,"Validation","Lasso","Fin_clip_caudal","nofilter","min20",500,6.36146229576318,0.789135481142845
"Cluster","Cluster",1151,"Train","Lasso","Fin_clip_caudal","0.05","min10",750,1.6218958724312,0.975980046642238
"Cluster","Cluster",1151,"Validation","Lasso","Fin_clip_caudal","0.05","min10",750,3.25052762558973,0.767824783961257
"Cluster","Cluster",1152,"Train","Lasso","Fin_clip_caudal","0.05","min20",750,1.39807497747477,0.975846363051218
"Cluster","Cluster",1152,"Validation","Lasso","Fin_clip_caudal","0.05","min20",750,8.7898732173978,0.867622672496362
"Cluster","Cluster",1153,"Train","Lasso","Fin_clip_caudal","0.1","min10",750,1.44407943594678,0.975480675152586
"Cluster","Cluster",1153,"Validation","Lasso","Fin_clip_caudal","0.1","min10",750,3.8820885392631,0.578023195030704
"Cluster","Cluster",1154,"Train","Lasso","Fin_clip_caudal","0.1","min20",750,4.746370691362,0.476808300454384
"Cluster","Cluster",1154,"Validation","Lasso","Fin_clip_caudal","0.1","min20",750,6.24745431420376,0.686489083752494
"Cluster","Cluster",1155,"Train","Lasso","Fin_clip_caudal","0.1","min5",750,3.25351312484892,0.821659321690198
"Cluster","Cluster",1155,"Validation","Lasso","Fin_clip_caudal","0.1","min5",750,3.01179450237147,0.712737941261468
"Cluster","Cluster",1156,"Train","Lasso","Fin_clip_caudal","0.1","nofilter",750,0.169386455045116,0.999821096643211
"Cluster","Cluster",1156,"Validation","Lasso","Fin_clip_caudal","0.1","nofilter",750,7.01772800259462,0.502367039719042
"Cluster","Cluster",1157,"Train","Lasso","Fin_clip_caudal","0.2","min10",750,2.42345197769562,0.91416775591384
"Cluster","Cluster",1157,"Validation","Lasso","Fin_clip_caudal","0.2","min10",750,3.88233787072349,0.548102852740024
"Cluster","Cluster",1158,"Train","Lasso","Fin_clip_caudal","0.2","min20",750,3.20061739124724,0.656468116536541
"Cluster","Cluster",1158,"Validation","Lasso","Fin_clip_caudal","0.2","min20",750,7.80235845640017,0.560926796353152
"Cluster","Cluster",1159,"Train","Lasso","Fin_clip_caudal","0.2","min5",750,0.931949860821182,0.989264805227487
"Cluster","Cluster",1159,"Validation","Lasso","Fin_clip_caudal","0.2","min5",750,9.13795524987725,0.605600818921096
"Cluster","Cluster",1160,"Train","Lasso","Fin_clip_caudal","0.2","nofilter",750,1.52539839402214,0.973770231672091
"Cluster","Cluster",1160,"Validation","Lasso","Fin_clip_caudal","0.2","nofilter",750,4.32691181668552,0.512513577501425
"Cluster","Cluster",1161,"Train","Lasso","Fin_clip_caudal","0.3","min10",750,4.94500174364625,0.316267792207843
"Cluster","Cluster",1161,"Validation","Lasso","Fin_clip_caudal","0.3","min10",750,5.92198965300771,0.735621081461915
"Cluster","Cluster",1162,"Train","Lasso","Fin_clip_caudal","0.3","min20",750,3.55809210324964,0.567475649831247
"Cluster","Cluster",1162,"Validation","Lasso","Fin_clip_caudal","0.3","min20",750,7.06227038532459,0.677279309695531
"Cluster","Cluster",1163,"Train","Lasso","Fin_clip_caudal","0.3","min5",750,1.26559194285856,0.981490297298259
"Cluster","Cluster",1163,"Validation","Lasso","Fin_clip_caudal","0.3","min5",750,3.93428158297151,0.506057293140521
"Cluster","Cluster",1164,"Train","Lasso","Fin_clip_caudal","0.3","nofilter",750,3.7822942500669,0.828987936925037
"Cluster","Cluster",1164,"Validation","Lasso","Fin_clip_caudal","0.3","nofilter",750,6.36717609814343,0.590778415585342
"Cluster","Cluster",1165,"Train","Lasso","Fin_clip_caudal","nofilter","min20",750,4.95797135624753,0.331703559455182
"Cluster","Cluster",1165,"Validation","Lasso","Fin_clip_caudal","nofilter","min20",750,5.93082294444231,0.725097503945204
"Cluster","Cluster",1166,"Train","Lasso","Intestines","0.05","min10",100,0.381755451458676,0.997638660578089
"Cluster","Cluster",1166,"Validation","Lasso","Intestines","0.05","min10",100,6.37898396082452,0.64798673195476
"Cluster","Cluster",1167,"Train","Lasso","Intestines","0.05","min5",100,0.303657024626468,0.999492494786755
"Cluster","Cluster",1167,"Validation","Lasso","Intestines","0.05","min5",100,8.91060644463483,0.373383351727321
"Cluster","Cluster",1168,"Train","Lasso","Intestines","0.05","nofilter",100,0.644154372261238,0.99636342500132
"Cluster","Cluster",1168,"Validation","Lasso","Intestines","0.05","nofilter",100,3.82657003284334,0.596905442466737
"Cluster","Cluster",1169,"Train","Lasso","Intestines","0.1","min10",100,1.70665079280243,0.95171117206752
"Cluster","Cluster",1169,"Validation","Lasso","Intestines","0.1","min10",100,7.53572047086605,0.634019781448479
"Cluster","Cluster",1170,"Train","Lasso","Intestines","0.1","min5",100,0.252914374816388,0.999260577447852
"Cluster","Cluster",1170,"Validation","Lasso","Intestines","0.1","min5",100,4.59736512704804,0.596980693991492
"Cluster","Cluster",1171,"Train","Lasso","Intestines","0.2","min10",100,2.01505065434103,0.847288570361823
"Cluster","Cluster",1171,"Validation","Lasso","Intestines","0.2","min10",100,7.7761643277115,0.631755383181586
"Cluster","Cluster",1172,"Train","Lasso","Intestines","0.2","min20",100,2.67864235921361,0.665054877672385
"Cluster","Cluster",1172,"Validation","Lasso","Intestines","0.2","min20",100,3.63919114694267,0.717846380809733
"Cluster","Cluster",1173,"Train","Lasso","Intestines","0.2","min5",100,3.86926820013077,0.69409611478823
"Cluster","Cluster",1173,"Validation","Lasso","Intestines","0.2","min5",100,8.36706946330055,0.294612392633182
"Cluster","Cluster",1174,"Train","Lasso","Intestines","0.2","nofilter",100,5.38884985149082,0.400677480804293
"Cluster","Cluster",1174,"Validation","Lasso","Intestines","0.2","nofilter",100,6.97692383128621,0.222190815632185
"Cluster","Cluster",1175,"Train","Lasso","Intestines","0.3","min5",100,1.7965895937187,0.94927974124356
"Cluster","Cluster",1175,"Validation","Lasso","Intestines","0.3","min5",100,6.75055638603357,0.558488639785743
"Cluster","Cluster",1176,"Train","Lasso","Intestines","nofilter","min20",100,5.40868530636526,0.141697429962493
"Cluster","Cluster",1176,"Validation","Lasso","Intestines","nofilter","min20",100,5.90176796581814,0.462464981935484
"Cluster","Cluster",1177,"Train","Lasso","Intestines","0.05","min10",1000,3.14026132433402,0.876243328253253
"Cluster","Cluster",1177,"Validation","Lasso","Intestines","0.05","min10",1000,4.36964920108014,0.410252618836089
"Cluster","Cluster",1178,"Train","Lasso","Intestines","0.05","min20",1000,1.34699814884172,0.969787860110303
"Cluster","Cluster",1178,"Validation","Lasso","Intestines","0.05","min20",1000,3.61923004407046,0.578753404251422
"Cluster","Cluster",1179,"Train","Lasso","Intestines","0.05","min5",1000,5.21766499865288,0.370192318543614
"Cluster","Cluster",1179,"Validation","Lasso","Intestines","0.05","min5",1000,5.80996273582491,0.2814066616124
"Cluster","Cluster",1180,"Train","Lasso","Intestines","0.05","nofilter",1000,1.15666428681456,0.989068206143668
"Cluster","Cluster",1180,"Validation","Lasso","Intestines","0.05","nofilter",1000,6.26839981489905,0.601218542236304
"Cluster","Cluster",1181,"Train","Lasso","Intestines","0.1","min10",1000,1.39365136184535,0.980653820807363
"Cluster","Cluster",1181,"Validation","Lasso","Intestines","0.1","min10",1000,6.06934301759857,0.45046953796851
"Cluster","Cluster",1182,"Train","Lasso","Intestines","0.1","min20",1000,1.73421991595525,0.942658428249567
"Cluster","Cluster",1182,"Validation","Lasso","Intestines","0.1","min20",1000,7.15433442743793,0.483582640915166
"Cluster","Cluster",1183,"Train","Lasso","Intestines","0.1","min5",1000,2.10698234444817,0.952209954440464
"Cluster","Cluster",1183,"Validation","Lasso","Intestines","0.1","min5",1000,7.31121347092558,0.409986189423108
"Cluster","Cluster",1184,"Train","Lasso","Intestines","0.1","nofilter",1000,1.57470381162797,0.981351619270062
"Cluster","Cluster",1184,"Validation","Lasso","Intestines","0.1","nofilter",1000,7.66793358639634,0.474216698695707
"Cluster","Cluster",1185,"Train","Lasso","Intestines","0.2","min10",1000,3.9601932916659,0.685572431941671
"Cluster","Cluster",1185,"Validation","Lasso","Intestines","0.2","min10",1000,7.23083847065132,0.31547769356179
"Cluster","Cluster",1186,"Train","Lasso","Intestines","0.2","min20",1000,3.65761732393457,0.536527478255187
"Cluster","Cluster",1186,"Validation","Lasso","Intestines","0.2","min20",1000,7.42200246603863,0.676365173745164
"Cluster","Cluster",1187,"Train","Lasso","Intestines","0.2","min5",1000,2.38035678759294,0.923489171188238
"Cluster","Cluster",1187,"Validation","Lasso","Intestines","0.2","min5",1000,3.98159047015963,0.52787264136382
"Cluster","Cluster",1188,"Train","Lasso","Intestines","0.3","min10",1000,4.38861574053698,0.504698154854498
"Cluster","Cluster",1188,"Validation","Lasso","Intestines","0.3","min10",1000,5.7259496327133,0.367457436094728
"Cluster","Cluster",1189,"Train","Lasso","Intestines","0.3","min5",1000,4.5607628657023,0.678296132156133
"Cluster","Cluster",1189,"Validation","Lasso","Intestines","0.3","min5",1000,4.44626341913087,0.443757695534087
"Cluster","Cluster",1190,"Train","Lasso","Intestines","0.3","nofilter",1000,1.457471915828,0.971260380464497
"Cluster","Cluster",1190,"Validation","Lasso","Intestines","0.3","nofilter",1000,7.16560409403569,0.549098113893368
"Cluster","Cluster",1191,"Train","Lasso","Intestines","nofilter","min10",1000,5.24370530316137,0.397665332635015
"Cluster","Cluster",1191,"Validation","Lasso","Intestines","nofilter","min10",1000,6.21456773868757,0.432441888458832
"Cluster","Cluster",1192,"Train","Lasso","Intestines","nofilter","min20",1000,0.186693105860151,0.999595195228051
"Cluster","Cluster",1192,"Validation","Lasso","Intestines","nofilter","min20",1000,4.12469738933668,0.357745739166376
"Cluster","Cluster",1193,"Train","Lasso","Intestines","0.05","min10",1500,5.398456087477,0.392334196774065
"Cluster","Cluster",1193,"Validation","Lasso","Intestines","0.05","min10",1500,7.37107794159169,0.390447365641356
"Cluster","Cluster",1194,"Train","Lasso","Intestines","0.05","min20",1500,0.529410224391262,0.995313802888816
"Cluster","Cluster",1194,"Validation","Lasso","Intestines","0.05","min20",1500,4.48969548812244,0.417978809812184
"Cluster","Cluster",1195,"Train","Lasso","Intestines","0.05","min5",1500,2.62914716231471,0.920305949862129
"Cluster","Cluster",1195,"Validation","Lasso","Intestines","0.05","min5",1500,7.61210571817184,0.531770504720943
"Cluster","Cluster",1196,"Train","Lasso","Intestines","0.05","nofilter",1500,1.31181379099015,0.984339291589339
"Cluster","Cluster",1196,"Validation","Lasso","Intestines","0.05","nofilter",1500,7.8507052047222,0.437475533334655
"Cluster","Cluster",1197,"Train","Lasso","Intestines","0.1","min10",1500,4.92755015826043,0.52127825578854
"Cluster","Cluster",1197,"Validation","Lasso","Intestines","0.1","min10",1500,6.93847772885607,0.569933354991298
"Cluster","Cluster",1198,"Train","Lasso","Intestines","0.1","min20",1500,1.73421991595525,0.942658428249567
"Cluster","Cluster",1198,"Validation","Lasso","Intestines","0.1","min20",1500,7.15433442743793,0.483582640915166
"Cluster","Cluster",1199,"Train","Lasso","Intestines","0.1","min5",1500,0.471713146191018,0.998389259608521
"Cluster","Cluster",1199,"Validation","Lasso","Intestines","0.1","min5",1500,7.74385255211045,0.388006736895009
"Cluster","Cluster",1200,"Train","Lasso","Intestines","0.1","nofilter",1500,5.40868530636526,0.321995384428468
"Cluster","Cluster",1200,"Validation","Lasso","Intestines","0.1","nofilter",1500,7.42769554147824,0.36997819798089
"Cluster","Cluster",1201,"Train","Lasso","Intestines","0.2","min10",1500,3.65396210357788,0.748881754869801
"Cluster","Cluster",1201,"Validation","Lasso","Intestines","0.2","min10",1500,9.27989256385043,0.524604495649464
"Cluster","Cluster",1202,"Train","Lasso","Intestines","0.2","min20",1500,3.65761732393457,0.536527478255187
"Cluster","Cluster",1202,"Validation","Lasso","Intestines","0.2","min20",1500,7.42200246603863,0.676365173745164
"Cluster","Cluster",1203,"Train","Lasso","Intestines","0.2","min5",1500,3.55203350676105,0.77422746614756
"Cluster","Cluster",1203,"Validation","Lasso","Intestines","0.2","min5",1500,4.21847651309159,0.406329439767881
"Cluster","Cluster",1204,"Train","Lasso","Intestines","0.2","nofilter",1500,5.40868530636526,0.206969098967096
"Cluster","Cluster",1204,"Validation","Lasso","Intestines","0.2","nofilter",1500,3.75426197301904,0.607649254420219
"Cluster","Cluster",1205,"Train","Lasso","Intestines","0.3","min10",1500,4.98954185451175,0.261799306088376
"Cluster","Cluster",1205,"Validation","Lasso","Intestines","0.3","min10",1500,6.55615214109075,0.648735119270217
"Cluster","Cluster",1206,"Train","Lasso","Intestines","0.3","min5",1500,3.82512525487081,0.637460324792285
"Cluster","Cluster",1206,"Validation","Lasso","Intestines","0.3","min5",1500,6.63495216828992,0.542406376931351
"Cluster","Cluster",1207,"Train","Lasso","Intestines","0.3","nofilter",1500,5.17949027947242,0.415178926543239
"Cluster","Cluster",1207,"Validation","Lasso","Intestines","0.3","nofilter",1500,4.95700129067113,0.427507532120506
"Cluster","Cluster",1208,"Train","Lasso","Intestines","nofilter","min10",1500,2.14743423996294,0.953762505320414
"Cluster","Cluster",1208,"Validation","Lasso","Intestines","nofilter","min10",1500,6.3251219943401,0.552018026101204
"Cluster","Cluster",1209,"Train","Lasso","Intestines","nofilter","min20",1500,4.57782619205901,0.474807615836925
"Cluster","Cluster",1209,"Validation","Lasso","Intestines","nofilter","min20",1500,7.06277832467359,0.455766065781917
"Cluster","Cluster",1210,"Train","Lasso","Intestines","0.05","min10",2000,0.171623604108764,0.999827455175305
"Cluster","Cluster",1210,"Validation","Lasso","Intestines","0.05","min10",2000,8.58919320254242,0.682645611838059
"Cluster","Cluster",1211,"Train","Lasso","Intestines","0.05","min20",2000,3.8454338290488,0.755695955994793
"Cluster","Cluster",1211,"Validation","Lasso","Intestines","0.05","min20",2000,5.08703505871021,0.577856700114984
"Cluster","Cluster",1212,"Train","Lasso","Intestines","0.05","min5",2000,0.177657460993082,0.999829823256109
"Cluster","Cluster",1212,"Validation","Lasso","Intestines","0.05","min5",2000,7.59167253825317,0.628133414028559
"Cluster","Cluster",1213,"Train","Lasso","Intestines","0.05","nofilter",2000,3.58410423786259,0.883537537294128
"Cluster","Cluster",1213,"Validation","Lasso","Intestines","0.05","nofilter",2000,8.12551477284466,0.645091955813207
"Cluster","Cluster",1214,"Train","Lasso","Intestines","0.1","min10",2000,0.69913665016285,0.993179978182439
"Cluster","Cluster",1214,"Validation","Lasso","Intestines","0.1","min10",2000,5.31064607254046,0.628763597351493
"Cluster","Cluster",1215,"Train","Lasso","Intestines","0.1","min20",2000,3.20759767545952,0.791682350771634
"Cluster","Cluster",1215,"Validation","Lasso","Intestines","0.1","min20",2000,6.25044145038775,0.389997458816729
"Cluster","Cluster",1216,"Train","Lasso","Intestines","0.1","min5",2000,0.178945844396964,0.999670482084718
"Cluster","Cluster",1216,"Validation","Lasso","Intestines","0.1","min5",2000,4.33061836033311,0.418948065094014
"Cluster","Cluster",1217,"Train","Lasso","Intestines","0.1","nofilter",2000,0.824583927357561,0.991399680942723
"Cluster","Cluster",1217,"Validation","Lasso","Intestines","0.1","nofilter",2000,7.88405474584808,0.513957929276306
"Cluster","Cluster",1218,"Train","Lasso","Intestines","0.2","min10",2000,4.71844785001966,0.550888380955124
"Cluster","Cluster",1218,"Validation","Lasso","Intestines","0.2","min10",2000,9.19467612670737,0.497169117428023
"Cluster","Cluster",1219,"Train","Lasso","Intestines","0.2","min20",2000,3.65761732393457,0.536527478255187
"Cluster","Cluster",1219,"Validation","Lasso","Intestines","0.2","min20",2000,7.42200246603863,0.676365173745164
"Cluster","Cluster",1220,"Train","Lasso","Intestines","0.2","min5",2000,0.21685151679172,0.999664716911366
"Cluster","Cluster",1220,"Validation","Lasso","Intestines","0.2","min5",2000,7.90042168656038,0.53638632065775
"Cluster","Cluster",1221,"Train","Lasso","Intestines","0.2","nofilter",2000,0.901822908588657,0.992241425926433
"Cluster","Cluster",1221,"Validation","Lasso","Intestines","0.2","nofilter",2000,7.37687560623998,0.430336157338778
"Cluster","Cluster",1222,"Train","Lasso","Intestines","0.3","min5",2000,5.13041994126564,0.337545221722223
"Cluster","Cluster",1222,"Validation","Lasso","Intestines","0.3","min5",2000,4.73500078269345,0.320183868052269
"Cluster","Cluster",1223,"Train","Lasso","Intestines","0.3","nofilter",2000,2.21756433365431,0.943623470582225
"Cluster","Cluster",1223,"Validation","Lasso","Intestines","0.3","nofilter",2000,7.35243336495565,0.536104973401257
"Cluster","Cluster",1224,"Train","Lasso","Intestines","nofilter","min10",2000,5.40868530636526,0.233519287574846
"Cluster","Cluster",1224,"Validation","Lasso","Intestines","nofilter","min10",2000,7.51994316271322,0.361703215465309
"Cluster","Cluster",1225,"Train","Lasso","Intestines","nofilter","min20",2000,5.40868530636526,0.268132194545612
"Cluster","Cluster",1225,"Validation","Lasso","Intestines","nofilter","min20",2000,9.63535286832779,0.915147798715797
"Cluster","Cluster",1226,"Train","Lasso","Intestines","0.05","min10",22500,2.53489545358848,0.94590348909406
"Cluster","Cluster",1226,"Validation","Lasso","Intestines","0.05","min10",22500,8.00894632291077,0.594272832159554
"Cluster","Cluster",1227,"Train","Lasso","Intestines","0.05","min20",22500,4.27007362875566,0.666744669407168
"Cluster","Cluster",1227,"Validation","Lasso","Intestines","0.05","min20",22500,5.42751035145694,0.429245569276766
"Cluster","Cluster",1228,"Train","Lasso","Intestines","0.1","min10",22500,0.390457219929972,0.998921474868528
"Cluster","Cluster",1228,"Validation","Lasso","Intestines","0.1","min10",22500,5.99327501256905,0.656429305790583
"Cluster","Cluster",1229,"Train","Lasso","Intestines","0.1","min20",22500,4.68228450887779,0.542260869688687
"Cluster","Cluster",1229,"Validation","Lasso","Intestines","0.1","min20",22500,5.15055558138179,0.313277913687346
"Cluster","Cluster",1230,"Train","Lasso","Intestines","0.2","min10",22500,3.49082629206904,0.819844592248674
"Cluster","Cluster",1230,"Validation","Lasso","Intestines","0.2","min10",22500,4.52338586327052,0.54630894545822
"Cluster","Cluster",1231,"Train","Lasso","Intestines","0.2","min20",22500,4.01257688282878,0.496361729843764
"Cluster","Cluster",1231,"Validation","Lasso","Intestines","0.2","min20",22500,6.91737687714186,0.479788614036225
"Cluster","Cluster",1232,"Train","Lasso","Intestines","0.2","min5",22500,4.71120306571423,0.746736687186958
"Cluster","Cluster",1232,"Validation","Lasso","Intestines","0.2","min5",22500,4.53062789642652,0.709153165951311
"Cluster","Cluster",1233,"Train","Lasso","Intestines","0.3","min10",22500,3.66526293980409,0.717597485133305
"Cluster","Cluster",1233,"Validation","Lasso","Intestines","0.3","min10",22500,8.28187882869941,0.506179526440027
"Cluster","Cluster",1234,"Train","Lasso","Intestines","0.3","min5",22500,0.219809511922464,0.999727082006259
"Cluster","Cluster",1234,"Validation","Lasso","Intestines","0.3","min5",22500,4.79555950019527,0.547065409939888
"Cluster","Cluster",1235,"Train","Lasso","Intestines","0.3","nofilter",22500,3.52363878510413,0.850011000560344
"Cluster","Cluster",1235,"Validation","Lasso","Intestines","0.3","nofilter",22500,4.31147819659776,0.464823938611332
"Cluster","Cluster",1236,"Train","Lasso","Intestines","nofilter","min10",22500,1.34326900161845,0.98039285495697
"Cluster","Cluster",1236,"Validation","Lasso","Intestines","nofilter","min10",22500,6.38582171518114,0.612358960289877
"Cluster","Cluster",1237,"Train","Lasso","Intestines","nofilter","min20",22500,3.52437615514745,0.797197844582284
"Cluster","Cluster",1237,"Validation","Lasso","Intestines","nofilter","min20",22500,6.17104644289865,0.616890785901714
"Cluster","Cluster",1238,"Train","Lasso","Intestines","0.05","min20",3000,5.40868530636526,0.23648022084147
"Cluster","Cluster",1238,"Validation","Lasso","Intestines","0.05","min20",3000,5.23880234913651,0.43653000162899
"Cluster","Cluster",1239,"Train","Lasso","Intestines","0.1","min10",3000,4.07864859666472,0.751660587286146
"Cluster","Cluster",1239,"Validation","Lasso","Intestines","0.1","min10",3000,7.22189943272385,0.548642632248791
"Cluster","Cluster",1240,"Train","Lasso","Intestines","0.1","min20",3000,4.61396474949641,0.414614097253962
"Cluster","Cluster",1240,"Validation","Lasso","Intestines","0.1","min20",3000,6.20938417001051,0.382259074258061
"Cluster","Cluster",1241,"Train","Lasso","Intestines","0.1","min5",3000,0.303304730686798,0.999274627418868
"Cluster","Cluster",1241,"Validation","Lasso","Intestines","0.1","min5",3000,7.514180578046,0.657246859774625
"Cluster","Cluster",1242,"Train","Lasso","Intestines","0.1","nofilter",3000,1.87145016784538,0.958761888597101
"Cluster","Cluster",1242,"Validation","Lasso","Intestines","0.1","nofilter",3000,6.38522096405748,0.441815237218245
"Cluster","Cluster",1243,"Train","Lasso","Intestines","0.2","min10",3000,2.60994290967666,0.876781264888702
"Cluster","Cluster",1243,"Validation","Lasso","Intestines","0.2","min10",3000,9.65873038228156,0.450748161763191
"Cluster","Cluster",1244,"Train","Lasso","Intestines","0.2","min20",3000,3.65761732393457,0.536527478255187
"Cluster","Cluster",1244,"Validation","Lasso","Intestines","0.2","min20",3000,7.42200246603863,0.676365173745164
"Cluster","Cluster",1245,"Train","Lasso","Intestines","0.2","min5",3000,2.42331454945285,0.951100981690627
"Cluster","Cluster",1245,"Validation","Lasso","Intestines","0.2","min5",3000,8.61765946679339,0.624140525657656
"Cluster","Cluster",1246,"Train","Lasso","Intestines","0.3","min10",3000,3.96328854286747,0.618723539838147
"Cluster","Cluster",1246,"Validation","Lasso","Intestines","0.3","min10",3000,7.75293726683574,0.443294361984132
"Cluster","Cluster",1247,"Train","Lasso","Intestines","0.3","nofilter",3000,1.39683575378575,0.979021133835139
"Cluster","Cluster",1247,"Validation","Lasso","Intestines","0.3","nofilter",3000,3.74335697410861,0.618244535485568
"Cluster","Cluster",1248,"Train","Lasso","Intestines","nofilter","min10",3000,2.76861003367548,0.926130423471836
"Cluster","Cluster",1248,"Validation","Lasso","Intestines","nofilter","min10",3000,6.41899960720766,0.35997475946852
"Cluster","Cluster",1249,"Train","Lasso","Intestines","nofilter","min20",3000,4.4902367081749,0.592465666382249
"Cluster","Cluster",1249,"Validation","Lasso","Intestines","nofilter","min20",3000,6.69344637700863,0.352054240554453
"Cluster","Cluster",1250,"Train","Lasso","Intestines","0.05","min10",50,1.1923223840218,0.985141067063313
"Cluster","Cluster",1250,"Validation","Lasso","Intestines","0.05","min10",50,8.6497873078532,0.533975048869658
"Cluster","Cluster",1251,"Train","Lasso","Intestines","0.05","min20",50,0.167994541128146,0.999508914710571
"Cluster","Cluster",1251,"Validation","Lasso","Intestines","0.05","min20",50,6.68606743548404,0.595220418040809
"Cluster","Cluster",1252,"Train","Lasso","Intestines","0.05","nofilter",50,5.40868530636526,0.302909258302798
"Cluster","Cluster",1252,"Validation","Lasso","Intestines","0.05","nofilter",50,4.94995282087654,0.293658985738124
"Cluster","Cluster",1253,"Train","Lasso","Intestines","0.1","min10",50,1.45655532825515,0.967577660311749
"Cluster","Cluster",1253,"Validation","Lasso","Intestines","0.1","min10",50,5.00957956311526,0.530084681123207
"Cluster","Cluster",1254,"Train","Lasso","Intestines","0.1","min20",50,1.12664392310373,0.96270871134407
"Cluster","Cluster",1254,"Validation","Lasso","Intestines","0.1","min20",50,7.32096928132791,0.354118986782519
"Cluster","Cluster",1255,"Train","Lasso","Intestines","0.1","min5",50,0.238021826440944,0.999354142926268
"Cluster","Cluster",1255,"Validation","Lasso","Intestines","0.1","min5",50,8.78491249913992,0.686215741702651
"Cluster","Cluster",1256,"Train","Lasso","Intestines","0.1","nofilter",50,1.80278774005369,0.961281360504762
"Cluster","Cluster",1256,"Validation","Lasso","Intestines","0.1","nofilter",50,4.19293373766348,0.454240733779346
"Cluster","Cluster",1257,"Train","Lasso","Intestines","0.2","min10",50,2.81191429811119,0.758602759145174
"Cluster","Cluster",1257,"Validation","Lasso","Intestines","0.2","min10",50,8.66039343180737,0.386402905711527
"Cluster","Cluster",1258,"Train","Lasso","Intestines","0.2","min20",50,3.82303565075238,0.396057613240279
"Cluster","Cluster",1258,"Validation","Lasso","Intestines","0.2","min20",50,8.93297391296896,0.581884530564604
"Cluster","Cluster",1259,"Train","Lasso","Intestines","0.3","min10",50,5.16537620507515,0.241607299502407
"Cluster","Cluster",1259,"Validation","Lasso","Intestines","0.3","min10",50,5.95922458960293,0.708842423522695
"Cluster","Cluster",1260,"Train","Lasso","Intestines","0.3","min5",50,2.98525831414743,0.711810462671066
"Cluster","Cluster",1260,"Validation","Lasso","Intestines","0.3","min5",50,4.73568500242182,0.387559799041274
"Cluster","Cluster",1261,"Train","Lasso","Intestines","0.3","nofilter",50,2.98525831414743,0.711810462671066
"Cluster","Cluster",1261,"Validation","Lasso","Intestines","0.3","nofilter",50,4.73568500242182,0.387559799041274
"Cluster","Cluster",1262,"Train","Lasso","Intestines","nofilter","min10",50,1.79690315896545,0.969250085695969
"Cluster","Cluster",1262,"Validation","Lasso","Intestines","nofilter","min10",50,6.46719915207361,0.392645254842265
"Cluster","Cluster",1263,"Train","Lasso","Intestines","0.05","min10",500,5.40868530636526,0.280656009452812
"Cluster","Cluster",1263,"Validation","Lasso","Intestines","0.05","min10",500,7.52113352660834,0.516630427358257
"Cluster","Cluster",1264,"Train","Lasso","Intestines","0.05","min20",500,0.990171063468029,0.977263641744013
"Cluster","Cluster",1264,"Validation","Lasso","Intestines","0.05","min20",500,6.68326579295969,0.311227394448506
"Cluster","Cluster",1265,"Train","Lasso","Intestines","0.05","nofilter",500,2.82122655614701,0.892203100143634
"Cluster","Cluster",1265,"Validation","Lasso","Intestines","0.05","nofilter",500,4.89468641350238,0.40105908392492
"Cluster","Cluster",1266,"Train","Lasso","Intestines","0.1","min10",500,1.51052934775144,0.967353711927269
"Cluster","Cluster",1266,"Validation","Lasso","Intestines","0.1","min10",500,8.01173634520709,0.531435832009089
"Cluster","Cluster",1267,"Train","Lasso","Intestines","0.1","min5",500,0.164987740696394,0.999731708213292
"Cluster","Cluster",1267,"Validation","Lasso","Intestines","0.1","min5",500,4.25943611860204,0.409807783076484
"Cluster","Cluster",1268,"Train","Lasso","Intestines","0.1","nofilter",500,0.169964231524764,0.999735015277174
"Cluster","Cluster",1268,"Validation","Lasso","Intestines","0.1","nofilter",500,7.10828356137429,0.549702383666389
"Cluster","Cluster",1269,"Train","Lasso","Intestines","0.2","min10",500,4.06749449542752,0.598798403213661
"Cluster","Cluster",1269,"Validation","Lasso","Intestines","0.2","min10",500,6.3062677552223,0.624169915331476
"Cluster","Cluster",1270,"Train","Lasso","Intestines","0.2","min20",500,3.65761732393457,0.536527478255187
"Cluster","Cluster",1270,"Validation","Lasso","Intestines","0.2","min20",500,7.42200246603863,0.676365173745164
"Cluster","Cluster",1271,"Train","Lasso","Intestines","0.2","min5",500,3.55525211110997,0.798787017017598
"Cluster","Cluster",1271,"Validation","Lasso","Intestines","0.2","min5",500,9.53435277418991,0.437754584144667
"Cluster","Cluster",1272,"Train","Lasso","Intestines","0.2","nofilter",500,4.85048253761383,0.55370995723617
"Cluster","Cluster",1272,"Validation","Lasso","Intestines","0.2","nofilter",500,8.64688329703738,0.713212314461528
"Cluster","Cluster",1273,"Train","Lasso","Intestines","0.3","min10",500,4.37611967716372,0.474047954219443
"Cluster","Cluster",1273,"Validation","Lasso","Intestines","0.3","min10",500,4.99574582511625,0.620189881712252
"Cluster","Cluster",1274,"Train","Lasso","Intestines","0.3","nofilter",500,4.62302465864702,0.63786828196917
"Cluster","Cluster",1274,"Validation","Lasso","Intestines","0.3","nofilter",500,4.58893304200537,0.547797684259163
"Cluster","Cluster",1275,"Train","Lasso","Intestines","nofilter","min10",500,3.57503463674555,0.7652939344629
"Cluster","Cluster",1275,"Validation","Lasso","Intestines","nofilter","min10",500,8.08780211431263,0.500641642600761
"Cluster","Cluster",1276,"Train","Lasso","Intestines","nofilter","min20",500,4.48266716589059,0.535704584157362
"Cluster","Cluster",1276,"Validation","Lasso","Intestines","nofilter","min20",500,5.49891551487658,0.475503318035951
"Cluster","Cluster",1277,"Train","Lasso","Intestines","0.05","min10",750,1.63884457571264,0.968285832652557
"Cluster","Cluster",1277,"Validation","Lasso","Intestines","0.05","min10",750,8.18957897121923,0.577072937244873
"Cluster","Cluster",1278,"Train","Lasso","Intestines","0.05","min20",750,2.23179236820411,0.92549855857145
"Cluster","Cluster",1278,"Validation","Lasso","Intestines","0.05","min20",750,8.38522784304293,0.622191851133854
"Cluster","Cluster",1279,"Train","Lasso","Intestines","0.05","min5",750,4.93894252458226,0.62258718274916
"Cluster","Cluster",1279,"Validation","Lasso","Intestines","0.05","min5",750,5.58978743834468,0.587571101280952
"Cluster","Cluster",1280,"Train","Lasso","Intestines","0.05","nofilter",750,1.67000289550011,0.973873313173164
"Cluster","Cluster",1280,"Validation","Lasso","Intestines","0.05","nofilter",750,3.89713282545905,0.541336798414191
"Cluster","Cluster",1281,"Train","Lasso","Intestines","0.1","min10",750,0.619931984814571,0.995431794556456
"Cluster","Cluster",1281,"Validation","Lasso","Intestines","0.1","min10",750,7.43382324520194,0.401154560051697
"Cluster","Cluster",1282,"Train","Lasso","Intestines","0.1","min5",750,0.173748035051299,0.999773255270619
"Cluster","Cluster",1282,"Validation","Lasso","Intestines","0.1","min5",750,7.44811017651189,0.515237816750356
"Cluster","Cluster",1283,"Train","Lasso","Intestines","0.1","nofilter",750,0.83825983030526,0.994442186339917
"Cluster","Cluster",1283,"Validation","Lasso","Intestines","0.1","nofilter",750,8.24643855719113,0.496807227147795
"Cluster","Cluster",1284,"Train","Lasso","Intestines","0.2","min10",750,3.17460923502619,0.818893942378442
"Cluster","Cluster",1284,"Validation","Lasso","Intestines","0.2","min10",750,9.02906129089809,0.562576313099122
"Cluster","Cluster",1285,"Train","Lasso","Intestines","0.2","min20",750,3.65761732393457,0.536527478255187
"Cluster","Cluster",1285,"Validation","Lasso","Intestines","0.2","min20",750,7.42200246603863,0.676365173745164
"Cluster","Cluster",1286,"Train","Lasso","Intestines","0.2","min5",750,2.7864786116031,0.900528049596172
"Cluster","Cluster",1286,"Validation","Lasso","Intestines","0.2","min5",750,7.73700367392088,0.577967965641576
"Cluster","Cluster",1287,"Train","Lasso","Intestines","0.2","nofilter",750,0.711898163927104,0.994570496647179
"Cluster","Cluster",1287,"Validation","Lasso","Intestines","0.2","nofilter",750,5.16943290453334,0.49970816078787
"Cluster","Cluster",1288,"Train","Lasso","Intestines","0.3","min10",750,4.77075389264118,0.37081274326688
"Cluster","Cluster",1288,"Validation","Lasso","Intestines","0.3","min10",750,6.69429872984762,0.324529613132824
"Cluster","Cluster",1289,"Train","Lasso","Intestines","0.3","min5",750,3.72234045524538,0.703713687125285
"Cluster","Cluster",1289,"Validation","Lasso","Intestines","0.3","min5",750,4.54721395895267,0.490911352602983
"Cluster","Cluster",1290,"Train","Lasso","Intestines","0.3","nofilter",750,1.05943519474287,0.986047418200309
"Cluster","Cluster",1290,"Validation","Lasso","Intestines","0.3","nofilter",750,4.83672231772668,0.642567632814461
"Cluster","Cluster",1291,"Train","Lasso","Intestines","nofilter","min20",750,2.4755288887332,0.914782929800812
"Cluster","Cluster",1291,"Validation","Lasso","Intestines","nofilter","min20",750,6.66108374379582,0.508873055421378
"Cluster","Cluster",1,"Train","Lasso","Intestines","0.05","min20",100,5.40868530636526,0.0976067872102878
"Cluster","Cluster",1,"Validation","Lasso","Intestines","0.05","min20",100,4.38659139730784,0.473623603757405
"Cluster","Cluster",2,"Train","Lasso","Intestines","0.1","min20",100,3.30423950107439,0.720835356759322
"Cluster","Cluster",2,"Validation","Lasso","Intestines","0.1","min20",100,4.04784457453123,0.50926560726586
"Cluster","Cluster",3,"Train","Lasso","Intestines","0.1","nofilter",100,0.173080756091276,0.999732076045095
"Cluster","Cluster",3,"Validation","Lasso","Intestines","0.1","nofilter",100,5.07946809378254,0.651409145907336
"Cluster","Cluster",4,"Train","Lasso","Intestines","0.3","min10",100,5.39439117783148,0.20450510139251
"Cluster","Cluster",4,"Validation","Lasso","Intestines","0.3","min10",100,5.32468854333886,0.54818800983855
"Cluster","Cluster",5,"Train","Lasso","Intestines","0.3","nofilter",100,1.8964959689492,0.955417168970773
"Cluster","Cluster",5,"Validation","Lasso","Intestines","0.3","nofilter",100,4.87147847614625,0.507965785008821
"Cluster","Cluster",6,"Train","Lasso","Intestines","nofilter","min10",100,0.171782308949415,0.999803888290786
"Cluster","Cluster",6,"Validation","Lasso","Intestines","nofilter","min10",100,6.74571024069649,0.609623164184438
"Cluster","Cluster",7,"Train","Lasso","Intestines","0.2","nofilter",1000,1.12797188163078,0.983624707978172
"Cluster","Cluster",7,"Validation","Lasso","Intestines","0.2","nofilter",1000,3.65788470440573,0.654575931860515
"Cluster","Cluster",8,"Train","Lasso","Intestines","0.3","min10",2000,0.960257785546486,0.980055375928777
"Cluster","Cluster",8,"Validation","Lasso","Intestines","0.3","min10",2000,7.16308066917197,0.547449231791592
"Cluster","Cluster",9,"Train","Lasso","Intestines","0.2","nofilter",22500,2.20698148914791,0.962792282484217
"Cluster","Cluster",9,"Validation","Lasso","Intestines","0.2","nofilter",22500,4.66362837121954,0.489096887617844
"Cluster","Cluster",10,"Train","Lasso","Intestines","0.05","min10",3000,0.169327349027205,0.999761256546753
"Cluster","Cluster",10,"Validation","Lasso","Intestines","0.05","min10",3000,5.35929482679909,0.306831413738871
"Cluster","Cluster",11,"Train","Lasso","Intestines","0.2","nofilter",3000,3.45818423884986,0.861404450997279
"Cluster","Cluster",11,"Validation","Lasso","Intestines","0.2","nofilter",3000,3.83767109554687,0.656295673597447
"Cluster","Cluster",12,"Train","Lasso","Intestines","0.3","min5",3000,0.180272365520344,0.999756582910981
"Cluster","Cluster",12,"Validation","Lasso","Intestines","0.3","min5",3000,4.94637592510308,0.437791707987082
"Cluster","Cluster",13,"Train","Lasso","Intestines","0.05","min5",50,0.176679144934485,0.999774679078099
"Cluster","Cluster",13,"Validation","Lasso","Intestines","0.05","min5",50,4.17615007393513,0.531971432733973
"Cluster","Cluster",14,"Train","Lasso","Intestines","0.2","min5",50,0.624812885232299,0.993317160136319
"Cluster","Cluster",14,"Validation","Lasso","Intestines","0.2","min5",50,3.18003019779196,0.597098878629484
"Cluster","Cluster",15,"Train","Lasso","Intestines","0.2","nofilter",50,1.38433650727331,0.968582186274436
"Cluster","Cluster",15,"Validation","Lasso","Intestines","0.2","nofilter",50,4.0474149736993,0.451898539125938
"Cluster","Cluster",16,"Train","Lasso","Intestines","nofilter","min20",50,1.14003340802557,0.985609630226154
"Cluster","Cluster",16,"Validation","Lasso","Intestines","nofilter","min20",50,5.03233221266074,0.490782609427101
"Cluster","Cluster",17,"Train","Lasso","Intestines","0.05","min5",500,0.542625534441038,0.997443005123353
"Cluster","Cluster",17,"Validation","Lasso","Intestines","0.05","min5",500,4.6345230207544,0.389728166685399
"Cluster","Cluster",18,"Train","Lasso","Intestines","0.1","min20",500,5.24806123608157,0.281423526242714
"Cluster","Cluster",18,"Validation","Lasso","Intestines","0.1","min20",500,5.39659758688373,0.265930279391659
"Cluster","Cluster",19,"Train","Lasso","Intestines","0.3","min5",500,1.98870582645044,0.958617667426056
"Cluster","Cluster",19,"Validation","Lasso","Intestines","0.3","min5",500,4.75951605623683,0.397787610497587
"Cluster","Cluster",20,"Train","Lasso","Intestines","0.1","min20",750,5.24806123608157,0.281423526242714
"Cluster","Cluster",20,"Validation","Lasso","Intestines","0.1","min20",750,5.39659758688373,0.265930279391659
"Cluster","Cluster",21,"Train","Lasso","Intestines","nofilter","min10",750,1.4182026114124,0.977883259498773
"Cluster","Cluster",21,"Validation","Lasso","Intestines","nofilter","min10",750,5.34743661028554,0.415021265221768
